endpoint,replicate,valid,macro_gain
5000,0,True,-0.05904136048773175
5000,1,True,-0.04534251279399836
5000,2,True,-0.0711276674369891
5000,3,True,-0.05905477317223795
5000,4,True,-0.0327520358558291
5000,5,True,-0.060365668298167155
5000,6,True,-0.04979648048888417
5000,7,True,-0.05096531987293098
5000,8,True,-0.04903030930584959
5000,9,True,-0.07096328320072628
5000,10,True,-0.04553814429510109
5000,11,True,-0.04648060110529374
5000,12,True,-0.051380039485676245
5000,13,True,-0.031739526297185086
5000,14,True,-0.05547101899815878
5000,15,True,-0.04778018738567989
5000,16,True,-0.05550827166163734
5000,17,True,-0.05861868683628243
5000,18,True,-0.06166133714056847
5000,19,True,-0.05275292610031551
5000,20,True,-0.031914287794322635
5000,21,True,-0.034947378057090736
5000,22,True,-0.029844966500236464
5000,23,True,-0.05723411599068854
5000,24,True,-0.05860068977555927
5000,25,True,-0.0664364349118819
5000,26,True,-0.02742260916951485
5000,27,True,-0.028183426996399107
5000,28,True,-0.05012611755058242
5000,29,True,-0.03743969579689475
5000,30,True,-0.04228335415848465
5000,31,True,-0.03828251010887516
5000,32,True,-0.03591278765077164
5000,33,True,-0.04791076172364357
5000,34,True,-0.056816346836555384
5000,35,True,-0.026881294843226194
5000,36,True,-0.044816701783334835
5000,37,True,-0.04135342684962644
5000,38,True,-0.03144536391450668
5000,39,True,-0.05500185579532406
5000,40,True,-0.056445144543766465
5000,41,True,-0.029841974959774465
5000,42,True,-0.045288760188730584
5000,43,True,-0.06421732495296431
5000,44,True,-0.04188470319285498
5000,45,True,-0.05056833432143489
5000,46,True,-0.07256339034799505
5000,47,True,-0.05807779601781728
5000,48,True,-0.024070540359341776
5000,49,True,-0.04896760650762091
5000,50,True,-0.05226103386555029
5000,51,True,-0.041799821213997876
5000,52,True,-0.03674120198584489
5000,53,True,-0.04198514857536753
5000,54,True,-0.047991997168000525
5000,55,True,-0.05929791560935914
5000,56,True,-0.06606601075732241
5000,57,True,-0.047680684815907516
5000,58,True,-0.042233718074215484
5000,59,True,-0.0432861311799947
5000,60,True,-0.041931344467654987
5000,61,True,-0.06249447546437074
5000,62,True,-0.04218177725532062
5000,63,True,-0.057744815045667794
5000,64,True,-0.05482215352828801
5000,65,True,-0.043218400241323736
5000,66,True,-0.02797162642206319
5000,67,True,-0.06104583128208786
5000,68,True,-0.03072485329900051
5000,69,True,-0.04357018284368869
5000,70,True,-0.054418320904718195
5000,71,True,-0.04099548710783131
5000,72,True,-0.06244724160410069
5000,73,True,-0.04742716679027585
5000,74,True,-0.030591254676653405
5000,75,True,-0.037534493713190654
5000,76,True,-0.03299033282611473
5000,77,True,-0.05563759821712301
5000,78,True,-0.06267751060425546
5000,79,True,-0.057284078102802935
5000,80,True,-0.06153164475791726
5000,81,True,-0.06777447875449918
5000,82,True,-0.03951175572481203
5000,83,True,-0.04481815657563881
5000,84,True,-0.06259662203431576
5000,85,True,-0.05975502667598357
5000,86,True,-0.03680480383815778
5000,87,True,-0.03924807503954032
5000,88,True,-0.051649798747758977
5000,89,True,-0.04487880214923372
5000,90,True,-0.03244908929948173
5000,91,True,-0.050650913416876185
5000,92,True,-0.05957843879457424
5000,93,True,-0.028788259950111326
5000,94,True,-0.052014508379336966
5000,95,True,-0.038189723789391936
5000,96,True,-0.03830073607905231
5000,97,True,-0.04400924953354547
5000,98,True,-0.03992484334187932
5000,99,True,-0.040649362920026876
5000,100,True,-0.0405410959612106
5000,101,True,-0.05662698784052285
5000,102,True,-0.05808030542603525
5000,103,True,-0.06137060421931915
5000,104,True,-0.03693203866515392
5000,105,True,-0.036573314294649224
5000,106,True,-0.03896743568739388
5000,107,True,-0.052774135333832864
5000,108,True,-0.06834895492177556
5000,109,True,-0.05208050927807696
5000,110,True,-0.057116097896679964
5000,111,True,-0.04406490335900381
5000,112,True,-0.053314829724760024
5000,113,True,-0.027537819806544062
5000,114,True,-0.022500173415689707
5000,115,True,-0.05298741195029781
5000,116,True,-0.034358243034266
5000,117,True,-0.030419062538647512
5000,118,True,-0.034570719007271725
5000,119,True,-0.04764565978972509
5000,120,True,-0.05177622282454036
5000,121,True,-0.032212067535526884
5000,122,True,-0.0436031065131751
5000,123,True,-0.04666732175506169
5000,124,True,-0.03931058383165166
5000,125,True,-0.05769900850501804
5000,126,True,-0.04337752835722456
5000,127,True,-0.0384230000345195
5000,128,True,-0.0416581678965767
5000,129,True,-0.029402585925254403
5000,130,True,-0.03582882461407105
5000,131,True,-0.05047288194511235
5000,132,True,-0.060814082191693486
5000,133,True,-0.06205344354898743
5000,134,True,-0.03580729702588659
5000,135,True,-0.05188150070772117
5000,136,True,-0.042639703223751484
5000,137,True,-0.038579512942205706
5000,138,True,-0.04382685582125821
5000,139,True,-0.047890611693899
5000,140,True,-0.04827111920769751
5000,141,True,-0.045086846371953086
5000,142,True,-0.054810638171311085
5000,143,True,-0.04347739043036082
5000,144,True,-0.06159533991692053
5000,145,True,-0.06517200773034575
5000,146,True,-0.01802131149557576
5000,147,True,-0.05904509347083101
5000,148,True,-0.049482276756663154
5000,149,True,-0.03444667288245259
5000,150,True,-0.06033652496437699
5000,151,True,-0.04455142057410863
5000,152,True,-0.06591499838081512
5000,153,True,-0.04487654208856977
5000,154,True,-0.02079556709600148
5000,155,True,-0.042668626850899366
5000,156,True,-0.07482929536933719
5000,157,True,-0.026088455285821394
5000,158,True,-0.043408427768525125
5000,159,True,-0.0336502389384826
5000,160,True,-0.028798840292516982
5000,161,True,-0.011201473871516432
5000,162,True,-0.05898789036462439
5000,163,True,-0.05762341046440668
5000,164,True,-0.04726525348175627
5000,165,True,-0.0517331381266096
5000,166,True,-0.057185074787524236
5000,167,True,-0.07234657454505529
5000,168,True,-0.031366704489636854
5000,169,True,-0.06112981345871016
5000,170,True,-0.014307512262247019
5000,171,True,-0.03072211051499259
5000,172,True,-0.046951113398269316
5000,173,True,-0.04597531773279951
5000,174,True,-0.048348573233954896
5000,175,True,-0.07462888916712744
5000,176,True,-0.046498276507163254
5000,177,True,-0.041699850431297134
5000,178,True,-0.05701924146412411
5000,179,True,-0.04620432360911622
5000,180,True,-0.06829750531952059
5000,181,True,-0.062141854726779557
5000,182,True,-0.04446702772160414
5000,183,True,-0.056485453608701865
5000,184,True,-0.0639890553155889
5000,185,True,-0.06445244246900345
5000,186,True,-0.06373617788850029
5000,187,True,-0.052397160640875295
5000,188,True,-0.039746673833964935
5000,189,True,-0.03599189175240472
5000,190,True,-0.049627997533960216
5000,191,True,-0.031967111684017106
5000,192,True,-0.04003359930730781
5000,193,True,-0.03514900724076129
5000,194,True,-0.06696413453792593
5000,195,True,-0.06508001886970523
5000,196,True,-0.03701180181497356
5000,197,True,-0.06221208198162355
5000,198,True,-0.0386713540553456
5000,199,True,-0.05793963280539756
5000,200,True,-0.0456186761437111
5000,201,True,-0.05136523096481732
5000,202,True,-0.05915052814424186
5000,203,True,-0.05239507595736398
5000,204,True,-0.050182198640889054
5000,205,True,-0.03140884000593443
5000,206,True,-0.05143139872771295
5000,207,True,-0.04541336599433181
5000,208,True,-0.06237546776434781
5000,209,True,-0.04220182161344594
5000,210,True,-0.05480192437264131
5000,211,True,-0.07064124916666213
5000,212,True,-0.05414160615342578
5000,213,True,-0.0713020003272976
5000,214,True,-0.037840713219016844
5000,215,True,-0.06388548206405961
5000,216,True,-0.05629381496681833
5000,217,True,-0.04363400716356442
5000,218,True,-0.028284770357756263
5000,219,True,-0.03415011294832677
5000,220,True,-0.02811127044601806
5000,221,True,-0.03935160804831626
5000,222,True,-0.04617226712967455
5000,223,True,-0.06113593764818646
5000,224,True,-0.07364623940456891
5000,225,True,-0.06459523733335627
5000,226,True,-0.04263849680685605
5000,227,True,-0.019543927522041437
5000,228,True,-0.0219409341554903
5000,229,True,-0.04027647966422443
5000,230,True,-0.049814034634395835
5000,231,True,-0.02724504370001657
5000,232,True,-0.05891356727465077
5000,233,True,-0.0486972816428613
5000,234,True,-0.0420006772093212
5000,235,True,-0.021604179344266127
5000,236,True,-0.04834995887570438
5000,237,True,-0.04267591032840229
5000,238,True,-0.04818508781699536
5000,239,True,-0.03379629265347428
5000,240,True,-0.04623856871698405
5000,241,True,-0.04684753855155369
5000,242,True,-0.03575668098412714
5000,243,True,-0.06232482409918093
5000,244,True,-0.04687317408994116
5000,245,True,-0.062329992604564
5000,246,True,-0.048463676409825955
5000,247,True,-0.05494338048998988
5000,248,True,-0.061036385434178754
5000,249,True,-0.04326638168317445
5000,250,True,-0.046792469725771814
5000,251,True,-0.05975762293079658
5000,252,True,-0.03539474917913034
5000,253,True,-0.05628130183674092
5000,254,True,-0.042398689101871195
5000,255,True,-0.0532452056179377
5000,256,True,-0.06182383395577323
5000,257,True,-0.06126798053315693
5000,258,True,-0.06981149391959084
5000,259,True,-0.039305961919409924
5000,260,True,-0.045182628669958834
5000,261,True,-0.047079674518406285
5000,262,True,-0.04555671214053529
5000,263,True,-0.06510339415472793
5000,264,True,-0.05393934339228319
5000,265,True,-0.009620258573885546
5000,266,True,-0.06031624784378371
5000,267,True,-0.06013304158584517
5000,268,True,-0.05235381389636249
5000,269,True,-0.048211837851640904
5000,270,True,-0.0601277494913548
5000,271,True,-0.036201504106130135
5000,272,True,-0.05547060741540173
5000,273,True,-0.044710537941277814
5000,274,True,-0.032353840478407725
5000,275,True,-0.06522483167312867
5000,276,True,-0.05790021686763752
5000,277,True,-0.045285577184480584
5000,278,True,-0.04568940536618789
5000,279,True,-0.046689054423280425
5000,280,True,-0.03897305270357998
5000,281,True,-0.03519508028684015
5000,282,True,-0.05958297829150931
5000,283,True,-0.032697012244556276
5000,284,True,-0.04734976563073638
5000,285,True,-0.06538307589842811
5000,286,True,-0.028828702595503186
5000,287,True,-0.04287261075582157
5000,288,True,-0.0520955549403606
5000,289,True,-0.05612805265462404
5000,290,True,-0.044047055747393746
5000,291,True,-0.04105726546343172
5000,292,True,-0.037285643915034625
5000,293,True,-0.052769769960745484
5000,294,True,-0.03736289213321386
5000,295,True,-0.05124070564009915
5000,296,True,-0.014932235447059683
5000,297,True,-0.02791716154252264
5000,298,True,-0.05525077355767527
5000,299,True,-0.015093446345224557
5000,300,True,-0.07472356847262732
5000,301,True,-0.026876190974195822
5000,302,True,-0.057256020237162995
5000,303,True,-0.03395894222948347
5000,304,True,-0.0667949506996442
5000,305,True,-0.039987152600720596
5000,306,True,-0.022341122999006747
5000,307,True,-0.05073605371400097
5000,308,True,-0.044904964022573476
5000,309,True,-0.04215215309766119
5000,310,True,-0.041865359166526714
5000,311,True,-0.030979638300204483
5000,312,True,-0.030303209241927826
5000,313,True,-0.04233189469951883
5000,314,True,-0.0379676056818606
5000,315,True,-0.052907246203880834
5000,316,True,-0.016374875298166773
5000,317,True,-0.056578825653291955
5000,318,True,-0.040057861548666265
5000,319,True,-0.04824634517297728
5000,320,True,-0.037984829109870166
5000,321,True,-0.051753232023957395
5000,322,True,-0.05974443370645695
5000,323,True,-0.030783490434180123
5000,324,True,-0.03489172042460305
5000,325,True,-0.052127570472380994
5000,326,True,-0.03387480925585727
5000,327,True,-0.0561690959765214
5000,328,True,-0.029866318644025384
5000,329,True,-0.03293014426569943
5000,330,True,-0.023817365102056783
5000,331,True,-0.05667387580979492
5000,332,True,-0.029793526842058632
5000,333,True,-0.03551895278435539
5000,334,True,-0.028588710834238695
5000,335,True,-0.05260454598803786
5000,336,True,-0.02521070683564717
5000,337,True,-0.04357708663417772
5000,338,True,-0.055993093885979305
5000,339,True,-0.01909228278852835
5000,340,True,-0.059017021442102045
5000,341,True,-0.05756236652290734
5000,342,True,-0.037608073664363764
5000,343,True,-0.058042106077772423
5000,344,True,-0.047066383872102394
5000,345,True,-0.050196476567230794
5000,346,True,-0.03441708040737834
5000,347,True,-0.04418446569490713
5000,348,True,-0.0397388872463473
5000,349,True,-0.06635933059050272
5000,350,True,-0.045968730171678754
5000,351,True,-0.05949294108066774
5000,352,True,-0.06318932603505398
5000,353,True,-0.040804777001253255
5000,354,True,-0.04422300509327016
5000,355,True,-0.03246526433383462
5000,356,True,-0.057051820351663486
5000,357,True,-0.04474156455209731
5000,358,True,-0.04485998286079185
5000,359,True,-0.058523258846816154
5000,360,True,-0.04512364004526266
5000,361,True,-0.059170063579082735
5000,362,True,-0.044433175363483804
5000,363,True,-0.029228359870017196
5000,364,True,-0.050960042333213794
5000,365,True,-0.01320643817310308
5000,366,True,-0.05821141825817479
5000,367,True,-0.0585204517724844
5000,368,True,-0.0329999090563597
5000,369,True,-0.032578526858665684
5000,370,True,-0.024981248203708045
5000,371,True,-0.0337203841564023
5000,372,True,-0.06615233435057222
5000,373,True,-0.045481734206434074
5000,374,True,-0.06946794877487332
5000,375,True,-0.06604722372658656
5000,376,True,-0.03175861948282353
5000,377,True,-0.04188516256537557
5000,378,True,-0.03596158551255684
5000,379,True,-0.06918404952053576
5000,380,True,-0.034532541660698454
5000,381,True,-0.054440451268356595
5000,382,True,-0.06477516710729737
5000,383,True,-0.048334096563302745
5000,384,True,-0.04069043284196265
5000,385,True,-0.039828859486125544
5000,386,True,-0.03050076103057277
5000,387,True,-0.05039404022520753
5000,388,True,-0.030293420081966865
5000,389,True,-0.06394182195854856
5000,390,True,-0.047011652832106156
5000,391,True,-0.039959791284705795
5000,392,True,-0.04419463783339755
5000,393,True,-0.04485774621288799
5000,394,True,-0.05624655305209329
5000,395,True,-0.05980654292628855
5000,396,True,-0.03327655899099201
5000,397,True,-0.05198892649834017
5000,398,True,-0.05210009216939064
5000,399,True,-0.05767206873294366
5000,400,True,-0.043763870397307066
5000,401,True,-0.047665168168333015
5000,402,True,-0.06752440126838925
5000,403,True,-0.05450041672526359
5000,404,True,-0.058351352443476556
5000,405,True,-0.06752833076712364
5000,406,True,-0.04591228591813609
5000,407,True,-0.01947243051466877
5000,408,True,-0.046002534650270224
5000,409,True,-0.042660991907137784
5000,410,True,-0.035185587625293994
5000,411,True,-0.056785386417917194
5000,412,True,-0.053229819570701206
5000,413,True,-0.04778837360743839
5000,414,True,-0.03223471257945234
5000,415,True,-0.05218968960171762
5000,416,True,-0.03959395157184895
5000,417,True,-0.026023778503870526
5000,418,True,-0.04762934700236269
5000,419,True,-0.04142782892549865
5000,420,True,-0.055169007891159416
5000,421,True,-0.050728111976269884
5000,422,True,-0.050319189996811994
5000,423,True,-0.05016060090855061
5000,424,True,-0.027516460895223433
5000,425,True,-0.046968790605856466
5000,426,True,-0.013845536617246546
5000,427,True,-0.040160343100083616
5000,428,True,-0.04437632851941716
5000,429,True,-0.05663025154834511
5000,430,True,-0.05218068662775001
5000,431,True,-0.02858394089049942
5000,432,True,-0.06395427496633838
5000,433,True,-0.035465542613671304
5000,434,True,-0.054972165672987974
5000,435,True,-0.05550050498273514
5000,436,True,-0.028212726581659887
5000,437,True,-0.060211781098960734
5000,438,True,-0.04113693529367975
5000,439,True,-0.05208494732307878
5000,440,True,-0.04360931875964939
5000,441,True,-0.060852574734463594
5000,442,True,-0.06110664272403195
5000,443,True,-0.03743258544477352
5000,444,True,-0.049512940780690705
5000,445,True,-0.04429527844029415
5000,446,True,-0.03197406344298201
5000,447,True,-0.0736920611714553
5000,448,True,-0.056271387110392576
5000,449,True,-0.05952191575978758
5000,450,True,-0.0423969324208093
5000,451,True,-0.04805367953728257
5000,452,True,-0.028260755142353024
5000,453,True,-0.021946738241781498
5000,454,True,-0.03583271307703169
5000,455,True,-0.036151580632096135
5000,456,True,-0.04542113600331819
5000,457,True,-0.053649171827381256
5000,458,True,-0.036689663889721835
5000,459,True,-0.04573137225125314
5000,460,True,-0.04275291695553686
5000,461,True,-0.03405261525291447
5000,462,True,-0.03852694166872336
5000,463,True,-0.06640966805470538
5000,464,True,-0.03514586937674196
5000,465,True,-0.06185503413743605
5000,466,True,-0.05540076576664693
5000,467,True,-0.0646074497960171
5000,468,True,-0.046667487226219606
5000,469,True,-0.05023935085646136
5000,470,True,-0.02969353396278257
5000,471,True,-0.04227818998660428
5000,472,True,-0.046315537254914864
5000,473,True,-0.0437206591682896
5000,474,True,-0.037014625678297185
5000,475,True,-0.050604443912480666
5000,476,True,-0.05315358878573586
5000,477,True,-0.06593371379750998
5000,478,True,-0.0399962243306406
5000,479,True,-0.05181151890603412
5000,480,True,-0.04960709707470414
5000,481,True,-0.04941870977835256
5000,482,True,-0.036884718482670185
5000,483,True,-0.041329422701397625
5000,484,True,-0.02503814455844593
5000,485,True,-0.05461529499353095
5000,486,True,-0.041321572575453755
5000,487,True,-0.05034080607251432
5000,488,True,-0.04194017233714138
5000,489,True,-0.050643343552923034
5000,490,True,-0.0494612883933293
5000,491,True,-0.055840312350470475
5000,492,True,-0.037929665912226226
5000,493,True,-0.04465679375621296
5000,494,True,-0.04137142297153799
5000,495,True,-0.06228893940367658
5000,496,True,-0.04752847443140835
5000,497,True,-0.02338753859492822
5000,498,True,-0.0369627695934515
5000,499,True,-0.050205530703203924
5000,500,True,-0.0188887019535391
5000,501,True,-0.019561866200212767
5000,502,True,-0.04921574208907729
5000,503,True,-0.03573252362253871
5000,504,True,-0.0562241271003789
5000,505,True,-0.04879216572884258
5000,506,True,-0.021004874468151913
5000,507,True,-0.03497145623143293
5000,508,True,-0.040649585996608006
5000,509,True,-0.05391099088575463
5000,510,True,-0.051637075054574696
5000,511,True,-0.04931905294636997
5000,512,True,-0.04895868130151739
5000,513,True,-0.03955936002312276
5000,514,True,-0.05328889963269869
5000,515,True,-0.0525368409122234
5000,516,True,-0.04327300181329778
5000,517,True,-0.05570298511372894
5000,518,True,-0.07375275027357123
5000,519,True,-0.04418721200550727
5000,520,True,-0.033727760301883354
5000,521,True,-0.058333436152178085
5000,522,True,-0.04387223192365461
5000,523,True,-0.0480099123205046
5000,524,True,-0.04635081837583871
5000,525,True,-0.036626385914519104
5000,526,True,-0.03251824114842319
5000,527,True,-0.051384466556278194
5000,528,True,-0.03875728565016181
5000,529,True,-0.04841454060495116
5000,530,True,-0.062430209766460985
5000,531,True,-0.06468984174096085
5000,532,True,-0.051848427927988515
5000,533,True,-0.05189341323660227
5000,534,True,-0.04712839175659137
5000,535,True,-0.04411007482557598
5000,536,True,-0.05557063764624075
5000,537,True,-0.04343169491957283
5000,538,True,-0.05973677753547281
5000,539,True,-0.05374051234225785
5000,540,True,-0.04488122852681714
5000,541,True,-0.048222444660763156
5000,542,True,-0.07761617223275599
5000,543,True,-0.04187994357358719
5000,544,True,-0.040979060201584934
5000,545,True,-0.03540216931066863
5000,546,True,-0.03637546984792915
5000,547,True,-0.03796075879136519
5000,548,True,-0.06935298710051734
5000,549,True,-0.042898244571842395
5000,550,True,-0.059572478174834444
5000,551,True,-0.0518061974483361
5000,552,True,-0.04905903695194939
5000,553,True,-0.04334879364258038
5000,554,True,-0.05445270906564109
5000,555,True,-0.05456226125096693
5000,556,True,-0.016872990028107455
5000,557,True,-0.04676036157986803
5000,558,True,-0.05033425488669663
5000,559,True,-0.03324206130812833
5000,560,True,-0.03101924107984395
5000,561,True,-0.027942498236491232
5000,562,True,-0.04925061409013116
5000,563,True,-0.07936803146125279
5000,564,True,-0.05316127771613945
5000,565,True,-0.025528305179196305
5000,566,True,-0.04054567510762126
5000,567,True,-0.030652450161336393
5000,568,True,-0.045938797976468077
5000,569,True,-0.03780746069001952
5000,570,True,-0.06467073816672503
5000,571,True,-0.036840042701189235
5000,572,True,-0.060022510920267745
5000,573,True,-0.0322488029693092
5000,574,True,-0.05997693238208777
5000,575,True,-0.04720157234271694
5000,576,True,-0.05335112317376363
5000,577,True,-0.05089803004332535
5000,578,True,-0.03211756945089704
5000,579,True,-0.03277488183867601
5000,580,True,-0.054546286286749124
5000,581,True,-0.05380392508440322
5000,582,True,-0.06585407761798348
5000,583,True,-0.04779113528221333
5000,584,True,-0.029931965900030017
5000,585,True,-0.05513512981432813
5000,586,True,-0.05907782916523947
5000,587,True,-0.034341956089095564
5000,588,True,-0.047204590611169064
5000,589,True,-0.06009277015439426
5000,590,True,-0.06515053003553405
5000,591,True,-0.03723505423047696
5000,592,True,-0.04405596496684335
5000,593,True,-0.05648893315072932
5000,594,True,-0.02623195814948214
5000,595,True,-0.05747915779799003
5000,596,True,-0.03641442707225069
5000,597,True,-0.04349935112368174
5000,598,True,-0.04657231909520674
5000,599,True,-0.05937025964532152
5000,600,True,-0.03405758533159002
5000,601,True,-0.05541952007739267
5000,602,True,-0.048652651330803376
5000,603,True,-0.05019382960709094
5000,604,True,-0.033934912799044495
5000,605,True,-0.06568647448799925
5000,606,True,-0.03641937558584321
5000,607,True,-0.0527070720311511
5000,608,True,-0.03564186017612453
5000,609,True,-0.05956679858304924
5000,610,True,-0.03579661700214369
5000,611,True,-0.04066329665315059
5000,612,True,-0.07077068924351199
5000,613,True,-0.06439928864301785
5000,614,True,-0.06015215379144519
5000,615,True,-0.03822896001329566
5000,616,True,-0.041418285557988974
5000,617,True,-0.046626833123073294
5000,618,True,-0.06076657036545295
5000,619,True,-0.030818370698533614
5000,620,True,-0.04996255961643779
5000,621,True,-0.055939401159676314
5000,622,True,-0.04039762622771595
5000,623,True,-0.04522879354680932
5000,624,True,-0.055852524600566035
5000,625,True,-0.044060505991583225
5000,626,True,-0.028286242502756388
5000,627,True,-0.03437511222861742
5000,628,True,-0.06621951811245057
5000,629,True,-0.03077113302981353
5000,630,True,-0.047776923701403955
5000,631,True,-0.04019897762312464
5000,632,True,-0.04318019203789828
5000,633,True,-0.04496211673879566
5000,634,True,-0.03037056758020105
5000,635,True,-0.050310254037264426
5000,636,True,-0.02142917956752285
5000,637,True,-0.053120423768253856
5000,638,True,-0.055381862240078274
5000,639,True,-0.05782925150483746
5000,640,True,-0.02638190948325702
5000,641,True,-0.06249948918901991
5000,642,True,-0.040200271877299784
5000,643,True,-0.03659110270302693
5000,644,True,-0.029163711310182673
5000,645,True,-0.053873839958936895
5000,646,True,-0.06375321934773333
5000,647,True,-0.05241602962794774
5000,648,True,-0.06137167679646442
5000,649,True,-0.05012709028065117
5000,650,True,-0.045726350883201206
5000,651,True,-0.04176031236588161
5000,652,True,-0.0405408176312538
5000,653,True,-0.05788409140953342
5000,654,True,-0.04078252091201927
5000,655,True,-0.0521157603862471
5000,656,True,-0.03819036812264999
5000,657,True,-0.05220646596080799
5000,658,True,-0.05174783414572455
5000,659,True,-0.06411397629046361
5000,660,True,-0.05641974174858242
5000,661,True,-0.060883013179011625
5000,662,True,-0.055814707966939145
5000,663,True,-0.051156443350911504
5000,664,True,-0.07083704636884772
5000,665,True,-0.0706302417992429
5000,666,True,-0.04234376311400627
5000,667,True,-0.06155675266610483
5000,668,True,-0.03981657862865084
5000,669,True,-0.04314514252840538
5000,670,True,-0.04286801619100257
5000,671,True,-0.047781757256586274
5000,672,True,-0.05041670665179596
5000,673,True,-0.031651720735981374
5000,674,True,-0.04114622635219211
5000,675,True,-0.039549268519960865
5000,676,True,-0.032829430025216676
5000,677,True,-0.05049165339508203
5000,678,True,-0.044924500409992366
5000,679,True,-0.06011704074586255
5000,680,True,-0.054195265896511066
5000,681,True,-0.04504377665070394
5000,682,True,-0.05193382648748276
5000,683,True,-0.03468539934837405
5000,684,True,-0.05639925703644166
5000,685,True,-0.03418120775918003
5000,686,True,-0.04601849901483773
5000,687,True,-0.061134127206921254
5000,688,True,-0.044987332958099965
5000,689,True,-0.05176956665544017
5000,690,True,-0.04520168447731064
5000,691,True,-0.0596162968589937
5000,692,True,-0.02728077562580545
5000,693,True,-0.04688045078313537
5000,694,True,-0.05354683939290857
5000,695,True,-0.05137289052043079
5000,696,True,-0.026662373888719677
5000,697,True,-0.03529373023532043
5000,698,True,-0.06625543395367335
5000,699,True,-0.05226969248427353
5000,700,True,-0.03840154295139444
5000,701,True,-0.052319198004983206
5000,702,True,-0.024796568362057802
5000,703,True,-0.035691784962866145
5000,704,True,-0.024395519240284214
5000,705,True,-0.031722847576656076
5000,706,True,-0.0564804829551518
5000,707,True,-0.0442975794744566
5000,708,True,-0.03732842073621882
5000,709,True,-0.05734924279128384
5000,710,True,-0.03934341964109796
5000,711,True,-0.03711491812150221
5000,712,True,-0.03736583801391495
5000,713,True,-0.03559897135915953
5000,714,True,-0.002629568088526052
5000,715,True,-0.03630994978535037
5000,716,True,-0.054901791020059244
5000,717,True,-0.036064842307383174
5000,718,True,-0.05216941467229659
5000,719,True,-0.028970204357120964
5000,720,True,-0.03105105129746043
5000,721,True,-0.033685730854524434
5000,722,True,-0.04832722638124011
5000,723,True,-0.06827988986266227
5000,724,True,-0.0577595413648917
5000,725,True,-0.04972488716499406
5000,726,True,-0.050298170527092415
5000,727,True,-0.05973703404885903
5000,728,True,-0.058877306016288065
5000,729,True,-0.048405884575470966
5000,730,True,-0.027306779144621048
5000,731,True,-0.0469922151559003
5000,732,True,-0.0631701805332002
5000,733,True,-0.0542209053824008
5000,734,True,-0.06063472965583798
5000,735,True,-0.005293585790962951
5000,736,True,-0.0572780882276369
5000,737,True,-0.06820742724941724
5000,738,True,-0.04501413056663405
5000,739,True,-0.04733018372237545
5000,740,True,-0.050838726209718334
5000,741,True,-0.05266647173640715
5000,742,True,-0.019433720184667058
5000,743,True,-0.018395272571700483
5000,744,True,-0.013026105585417124
5000,745,True,-0.045857551790974824
5000,746,True,-0.06099067750303712
5000,747,True,-0.02906043250803062
5000,748,True,-0.06934282117603999
5000,749,True,-0.033474442184668045
5000,750,True,-0.03546566959803531
5000,751,True,-0.04006844803922409
5000,752,True,-0.017428019905647973
5000,753,True,-0.05081483842947
5000,754,True,-0.036231772924011564
5000,755,True,-0.033500368353989736
5000,756,True,-0.03380235569189648
5000,757,True,-0.04502768059336848
5000,758,True,-0.05785451869745922
5000,759,True,-0.034219796597484184
5000,760,True,-0.04626440829488612
5000,761,True,-0.04032861779751579
5000,762,True,-0.05251525459109304
5000,763,True,-0.043284863244938805
5000,764,True,-0.05289106559879629
5000,765,True,-0.050471529900302084
5000,766,True,-0.032931397059774936
5000,767,True,-0.04260248328990433
5000,768,True,-0.03696329331156058
5000,769,True,-0.0511290762477473
5000,770,True,-0.03667284144093582
5000,771,True,-0.051789913586395266
5000,772,True,-0.04200515251106539
5000,773,True,-0.03136190771386289
5000,774,True,-0.047122186984861814
5000,775,True,-0.05983521643862043
5000,776,True,-0.052002386815858136
5000,777,True,-0.03771018353870902
5000,778,True,-0.06203922298947926
5000,779,True,-0.0648183259455228
5000,780,True,-0.05501107614332483
5000,781,True,-0.06249833856056729
5000,782,True,-0.04238868814986558
5000,783,True,-0.05381172059455515
5000,784,True,-0.035015555733707446
5000,785,True,-0.032304859898429
5000,786,True,-0.05044703587743708
5000,787,True,-0.07995281956703655
5000,788,True,-0.027596145910583587
5000,789,True,-0.05320985827561418
5000,790,True,-0.06789607935082359
5000,791,True,-0.0439321773928942
5000,792,True,-0.06909985261144716
5000,793,True,-0.0564222155016636
5000,794,True,-0.0610067150765052
5000,795,True,-0.029111870070026042
5000,796,True,-0.05130690765814353
5000,797,True,-0.047787766700148226
5000,798,True,-0.04473549486321926
5000,799,True,-0.03735161773399863
5000,800,True,-0.060057587663878365
5000,801,True,-0.047047069175087206
5000,802,True,-0.028847519838170594
5000,803,True,-0.0556415126919342
5000,804,True,-0.03521560291004376
5000,805,True,-0.04255277573531701
5000,806,True,-0.04464551331714041
5000,807,True,-0.06303313951080386
5000,808,True,-0.049597734964305584
5000,809,True,-0.023854779017236382
5000,810,True,-0.04887637437056806
5000,811,True,-0.03329881752593884
5000,812,True,-0.042070774682180304
5000,813,True,-0.039134503584346045
5000,814,True,-0.0635533048909937
5000,815,True,-0.04313671000821595
5000,816,True,-0.03805562142821413
5000,817,True,-0.03810462236327653
5000,818,True,-0.05759147008951615
5000,819,True,-0.05063034583164844
5000,820,True,-0.0500848481536071
5000,821,True,-0.05032887872668307
5000,822,True,-0.04086813589531141
5000,823,True,-0.024474922133797962
5000,824,True,-0.02904231896757694
5000,825,True,-0.04148969051042208
5000,826,True,-0.057309148315632295
5000,827,True,-0.0390181834235704
5000,828,True,-0.04906348170912074
5000,829,True,-0.04162086569009385
5000,830,True,-0.04508166101551449
5000,831,True,-0.05232678683114726
5000,832,True,-0.04646204221572478
5000,833,True,-0.0541736728184334
5000,834,True,-0.05545698180647666
5000,835,True,-0.033415228614605545
5000,836,True,-0.03985224720453108
5000,837,True,-0.051581589664058534
5000,838,True,-0.04461232699921806
5000,839,True,-0.03032459705883071
5000,840,True,-0.03626287212763481
5000,841,True,-0.06065699461648869
5000,842,True,-0.03414207936795595
5000,843,True,-0.05763108366604204
5000,844,True,-0.03763997209814195
5000,845,True,-0.04963836813907663
5000,846,True,-0.04181921755416426
5000,847,True,-0.050035656369849725
5000,848,True,-0.045819053503827686
5000,849,True,-0.04501742018152445
5000,850,True,-0.04023839594867833
5000,851,True,-0.05063512977325937
5000,852,True,-0.04995650306326921
5000,853,True,-0.04249809726496646
5000,854,True,-0.07127700256790212
5000,855,True,-0.06070536919297761
5000,856,True,-0.02498061336793174
5000,857,True,-0.06423344018167051
5000,858,True,-0.03914241402101128
5000,859,True,-0.052663248367820194
5000,860,True,-0.056492768038871446
5000,861,True,-0.051749371381841415
5000,862,True,-0.06385264286430334
5000,863,True,-0.04660485060416863
5000,864,True,-0.05548435339292782
5000,865,True,-0.03476563845181334
5000,866,True,-0.03459632484328713
5000,867,True,-0.017981442958499134
5000,868,True,-0.07026360292377161
5000,869,True,-0.0706013007454156
5000,870,True,-0.04768505467211112
5000,871,True,-0.06120858472742322
5000,872,True,-0.06613035003818366
5000,873,True,-0.06472777616442027
5000,874,True,-0.04169565475344843
5000,875,True,-0.061989157234714855
5000,876,True,-0.03859317706569017
5000,877,True,-0.045552221973446806
5000,878,True,-0.04390692744450079
5000,879,True,-0.05185287708949141
5000,880,True,-0.013567053739944396
5000,881,True,-0.04524712955385602
5000,882,True,-0.04437801916930917
5000,883,True,-0.03669381353066044
5000,884,True,-0.0665261325329078
5000,885,True,-0.02572131887344959
5000,886,True,-0.058975076041487814
5000,887,True,-0.05286971167744694
5000,888,True,-0.024776989950321487
5000,889,True,-0.01669907751569841
5000,890,True,-0.002877517112320702
5000,891,True,-0.039281250027507285
5000,892,True,-0.043462552077684846
5000,893,True,-0.047500672161866764
5000,894,True,-0.05513170321794273
5000,895,True,-0.06016899256600361
5000,896,True,-0.04200118666453328
5000,897,True,-0.05796510360518405
5000,898,True,-0.046872038002051176
5000,899,True,-0.048233359068029905
5000,900,True,-0.061632051156813285
5000,901,True,-0.03707056305086319
5000,902,True,-0.04581244811731324
5000,903,True,-0.04036417183491457
5000,904,True,-0.058686511036907675
5000,905,True,-0.042931120849956754
5000,906,True,-0.03995161403532485
5000,907,True,-0.05114025160385518
5000,908,True,-0.040274843387883355
5000,909,True,-0.07151818039050031
5000,910,True,-0.04443668126213944
5000,911,True,-0.05504129742603812
5000,912,True,-0.03839417638140462
5000,913,True,-0.045829786112359445
5000,914,True,-0.054738647262388196
5000,915,True,-0.040139387910458166
5000,916,True,-0.044347527232088735
5000,917,True,-0.05870984505978751
5000,918,True,-0.033172989907161755
5000,919,True,-0.023532860982775298
5000,920,True,-0.044947029161546324
5000,921,True,-0.06257499897011848
5000,922,True,-0.04655436274392251
5000,923,True,-0.05883566442699437
5000,924,True,-0.03512070393972595
5000,925,True,-0.05820527416001181
5000,926,True,-0.05492240460322521
5000,927,True,-0.036857426090365554
5000,928,True,-0.05376896544202632
5000,929,True,-0.04210357978590183
5000,930,True,-0.0631191156604688
5000,931,True,-0.04715967819260334
5000,932,True,-0.05794849048300604
5000,933,True,-0.05363285263304666
5000,934,True,-0.03792596606122091
5000,935,True,-0.04105759180140302
5000,936,True,-0.05349395214677264
5000,937,True,-0.04820197829335184
5000,938,True,-0.04493781673768886
5000,939,True,-0.03853728063250654
5000,940,True,-0.05849664312816174
5000,941,True,-0.04448739942580164
5000,942,True,-0.06959775034372097
5000,943,True,-0.04101477594187229
5000,944,True,-0.0359601780171349
5000,945,True,-0.04811154091761923
5000,946,True,-0.041172251077590614
5000,947,True,-0.023257888799801098
5000,948,True,-0.04021552688921247
5000,949,True,-0.054112765063289214
5000,950,True,-0.04340133562179885
5000,951,True,-0.04921828236394612
5000,952,True,-0.05243646193949643
5000,953,True,-0.03849256090629053
5000,954,True,-0.04645454737271362
5000,955,True,-0.07434892019087143
5000,956,True,-0.04759151005665578
5000,957,True,-0.030216885273878842
5000,958,True,-0.05523658179759219
5000,959,True,-0.02966552019387223
5000,960,True,-0.03536095897960735
5000,961,True,-0.04799059281362637
5000,962,True,-0.038768863848214166
5000,963,True,-0.05261885847710311
5000,964,True,-0.04738436705819283
5000,965,True,-0.05970439979411113
5000,966,True,-0.03557069867932623
5000,967,True,-0.05239116435090434
5000,968,True,-0.04641531538756565
5000,969,True,-0.03465541085014852
5000,970,True,-0.052872748775751634
5000,971,True,-0.041798033899532516
5000,972,True,-0.04341871655355934
5000,973,True,-0.032462175671586616
5000,974,True,-0.06787182649904692
5000,975,True,-0.04912322504186089
5000,976,True,-0.028121543773217662
5000,977,True,-0.043974354341279644
5000,978,True,-0.04882338392526591
5000,979,True,-0.023874641770955177
5000,980,True,-0.05283259254141859
5000,981,True,-0.0437159914768679
5000,982,True,-0.046800079839832656
5000,983,True,-0.05490521803951169
5000,984,True,-0.03203829046186908
5000,985,True,-0.048794579572577865
5000,986,True,-0.06984539546939336
5000,987,True,-0.04403658244369062
5000,988,True,-0.0341463077362347
5000,989,True,-0.026992033615896693
5000,990,True,-0.0331821098027811
5000,991,True,-0.05798902457359867
5000,992,True,-0.05291541313475382
5000,993,True,-0.06294430325770654
5000,994,True,-0.05230798888704158
5000,995,True,-0.055221459041743456
5000,996,True,-0.03956935623261351
5000,997,True,-0.0504823005455429
5000,998,True,-0.03815534228308385
5000,999,True,-0.05017307555051712
5000,1000,True,-0.04988125306323166
5000,1001,True,-0.03928338401801441
5000,1002,True,-0.04845075875089943
5000,1003,True,-0.03998775017213119
5000,1004,True,-0.051628269934100565
5000,1005,True,-0.03497944191573863
5000,1006,True,-0.04079965295659708
5000,1007,True,-0.06462739420010562
5000,1008,True,-0.0383578867401599
5000,1009,True,-0.035104289194396135
5000,1010,True,-0.05153857090774346
5000,1011,True,-0.047709113620160955
5000,1012,True,-0.04172143253739102
5000,1013,True,-0.05962409403838813
5000,1014,True,-0.03817198014542554
5000,1015,True,-0.057053564929887265
5000,1016,True,-0.04269062778640818
5000,1017,True,-0.0432042920205279
5000,1018,True,-0.03824231525780716
5000,1019,True,-0.037688335738163645
5000,1020,True,-0.046400523795968214
5000,1021,True,-0.030304284994772494
5000,1022,True,-0.02521766613636988
5000,1023,True,-0.04713240282563592
5000,1024,True,-0.06501072443198024
5000,1025,True,-0.05343204594580973
5000,1026,True,-0.01690493117114243
5000,1027,True,-0.017572456992782693
5000,1028,True,-0.040365900213340924
5000,1029,True,-0.05071743676185255
5000,1030,True,-0.040881875432416934
5000,1031,True,-0.04807027228145914
5000,1032,True,-0.04935220754274049
5000,1033,True,-0.04892396563852455
5000,1034,True,-0.053910106180551864
5000,1035,True,-0.05195130088303916
5000,1036,True,-0.06931265582017412
5000,1037,True,-0.03374308837165073
5000,1038,True,-0.05493859337566999
5000,1039,True,-0.05518859694762677
5000,1040,True,-0.06191889441071534
5000,1041,True,-0.03067054566921652
5000,1042,True,-0.05741283608184504
5000,1043,True,-0.05160067118946439
5000,1044,True,-0.049882952292074956
5000,1045,True,-0.07525117348577876
5000,1046,True,-0.046719435472488566
5000,1047,True,-0.023445684010553282
5000,1048,True,-0.052717264690258156
5000,1049,True,-0.043194376899092904
5000,1050,True,-0.04904466818817717
5000,1051,True,-0.04212512343941861
5000,1052,True,-0.03937586257285995
5000,1053,True,-0.03348433578763049
5000,1054,True,-0.03817197027359148
5000,1055,True,-0.045760091532111545
5000,1056,True,-0.07000606793186091
5000,1057,True,-0.02926699821619519
5000,1058,True,-0.04398222267196671
5000,1059,True,-0.048943031577880394
5000,1060,True,-0.04640904762025801
5000,1061,True,-0.03987699051285542
5000,1062,True,-0.04618024331081776
5000,1063,True,-0.044499074701557
5000,1064,True,-0.05017045314351905
5000,1065,True,-0.02355610437923203
5000,1066,True,-0.045055842153225015
5000,1067,True,-0.04992477018353933
5000,1068,True,-0.049832187899489996
5000,1069,True,-0.050193577256643376
5000,1070,True,-0.05786814677729877
5000,1071,True,-0.0563200280524057
5000,1072,True,-0.03981240228063698
5000,1073,True,-0.040734697449964746
5000,1074,True,-0.07699478711853011
5000,1075,True,-0.029050774385091627
5000,1076,True,-0.03460561668543132
5000,1077,True,-0.03457665802938949
5000,1078,True,-0.07002171932048218
5000,1079,True,-0.05202679658581192
5000,1080,True,-0.047838975715185895
5000,1081,True,-0.050304136180287715
5000,1082,True,-0.05055578182858354
5000,1083,True,-0.03987331100699691
5000,1084,True,-0.04471360814008131
5000,1085,True,-0.04333301670040467
5000,1086,True,-0.04675516849171546
5000,1087,True,-0.038416381946380876
5000,1088,True,-0.050257850764280965
5000,1089,True,-0.06287693585150483
5000,1090,True,-0.046548639010020446
5000,1091,True,-0.04734970616097176
5000,1092,True,-0.045089738048165136
5000,1093,True,-0.0590860660920697
5000,1094,True,-0.053307959043474885
5000,1095,True,-0.054444902611219925
5000,1096,True,-0.058550256796662904
5000,1097,True,-0.05555527818768796
5000,1098,True,-0.049946137768077915
5000,1099,True,-0.025396082983426223
5000,1100,True,-0.042780486239666245
5000,1101,True,-0.040322296752671585
5000,1102,True,-0.0456549786409407
5000,1103,True,-0.046292706794643916
5000,1104,True,-0.02929509754979167
5000,1105,True,-0.06557675881763607
5000,1106,True,-0.03965272518800276
5000,1107,True,-0.056101522522432924
5000,1108,True,-0.06739618391117806
5000,1109,True,-0.06339837803665872
5000,1110,True,-0.051258325583564635
5000,1111,True,-0.042804354031026066
5000,1112,True,-0.03594801399241547
5000,1113,True,-0.05654351942322503
5000,1114,True,-0.04025022446047358
5000,1115,True,-0.040752724589051006
5000,1116,True,-0.04921618279877734
5000,1117,True,-0.04049285583000177
5000,1118,True,-0.04683826196113171
5000,1119,True,-0.05669670953651214
5000,1120,True,-0.03888437246907685
5000,1121,True,-0.04897339005267176
5000,1122,True,-0.04543824710230792
5000,1123,True,-0.03388942133818304
5000,1124,True,-0.0626722780647613
5000,1125,True,-0.06957466758102365
5000,1126,True,-0.05502032255669022
5000,1127,True,-0.03741688204690867
5000,1128,True,-0.036506919516339234
5000,1129,True,-0.06320360308794636
5000,1130,True,-0.04626151880752251
5000,1131,True,-0.05416639866498486
5000,1132,True,-0.03378052087655074
5000,1133,True,-0.05390300039765852
5000,1134,True,-0.06786466503200414
5000,1135,True,-0.04018963358183023
5000,1136,True,-0.04257908171767435
5000,1137,True,-0.033289353780550424
5000,1138,True,-0.03406523847062233
5000,1139,True,-0.0707814337733346
5000,1140,True,-0.05663621614356164
5000,1141,True,-0.0376240204628004
5000,1142,True,-0.038040249522535416
5000,1143,True,-0.0544802147449114
5000,1144,True,-0.04918544578389812
5000,1145,True,-0.04249696338877276
5000,1146,True,-0.010139276317575625
5000,1147,True,-0.033021411963311584
5000,1148,True,-0.03313850460215791
5000,1149,True,-0.037623297015690046
5000,1150,True,-0.056918079936868524
5000,1151,True,-0.06385025774674989
5000,1152,True,-0.06457554034518476
5000,1153,True,-0.05782660532235799
5000,1154,True,-0.032819783058604814
5000,1155,True,-0.04091197414931887
5000,1156,True,-0.04510134835028688
5000,1157,True,-0.04363111581226189
5000,1158,True,-0.042308915119431655
5000,1159,True,-0.04014251061223213
5000,1160,True,-0.043068461820600375
5000,1161,True,-0.04234827652435657
5000,1162,True,-0.044384478075406034
5000,1163,True,-0.0501831711834473
5000,1164,True,-0.06472815459804392
5000,1165,True,-0.0510053817731055
5000,1166,True,-0.04372536544441138
5000,1167,True,-0.055931779480494506
5000,1168,True,-0.04401358401061435
5000,1169,True,-0.05639707223689798
5000,1170,True,-0.04621533463607182
5000,1171,True,-0.04321590238384092
5000,1172,True,-0.044526003193996314
5000,1173,True,-0.06547363319003474
5000,1174,True,-0.045697357205337685
5000,1175,True,-0.03663107179491469
5000,1176,True,-0.04624875167671263
5000,1177,True,-0.043409973443200585
5000,1178,True,-0.04315575006292813
5000,1179,True,-0.054948359881393696
5000,1180,True,-0.050608291601178634
5000,1181,True,-0.0497481244920173
5000,1182,True,-0.031651132744367864
5000,1183,True,-0.037670584978931866
5000,1184,True,-0.03981214378692306
5000,1185,True,-0.03992770024268184
5000,1186,True,-0.0181044453980319
5000,1187,True,-0.041582874779696646
5000,1188,True,-0.04823020626228721
5000,1189,True,-0.028937358660692924
5000,1190,True,-0.036333822754010606
5000,1191,True,-0.06490816274289249
5000,1192,True,-0.0373533612453502
5000,1193,True,-0.04827840038716909
5000,1194,True,-0.06253928791063888
5000,1195,True,-0.0383130086914912
5000,1196,True,-0.057855743304073906
5000,1197,True,-0.0398605899356322
5000,1198,True,-0.03185191334348599
5000,1199,True,-0.037678039221949275
5000,1200,True,-0.04519225023640898
5000,1201,True,-0.04430942055827215
5000,1202,True,-0.03951915326976309
5000,1203,True,-0.03809509060294746
5000,1204,True,-0.03878466606096406
5000,1205,True,-0.04206513866747956
5000,1206,True,-0.07996385161132064
5000,1207,True,-0.030404961752127972
5000,1208,True,-0.054814657471015396
5000,1209,True,-0.054261571903737996
5000,1210,True,-0.05276987064732641
5000,1211,True,-0.05742910464123905
5000,1212,True,-0.045684057373590665
5000,1213,True,-0.05424753905939202
5000,1214,True,-0.025822552605575422
5000,1215,True,-0.05040788895652566
5000,1216,True,-0.032902795668338286
5000,1217,True,-0.04287923073594426
5000,1218,True,-0.04613851327690442
5000,1219,True,-0.03472220592804794
5000,1220,True,-0.04311356137719205
5000,1221,True,-0.055761566401445986
5000,1222,True,-0.04304469959892092
5000,1223,True,-0.06764363641305951
5000,1224,True,-0.05322823460603221
5000,1225,True,-0.06700492364897812
5000,1226,True,-0.030913206326780053
5000,1227,True,-0.03852681081529185
5000,1228,True,-0.033200909575830585
5000,1229,True,-0.06841844152365172
5000,1230,True,-0.0580117295093767
5000,1231,True,-0.04218684172345375
5000,1232,True,-0.055499343838130634
5000,1233,True,-0.04648469467040417
5000,1234,True,-0.033451511463131516
5000,1235,True,-0.043491243395940064
5000,1236,True,-0.03545745064289364
5000,1237,True,-0.04948444080552743
5000,1238,True,-0.06192093210180886
5000,1239,True,-0.048743147508306536
5000,1240,True,-0.04929205220928159
5000,1241,True,-0.05695573238769454
5000,1242,True,-0.03795556577776834
5000,1243,True,-0.04722594689729366
5000,1244,True,-0.042902721094532435
5000,1245,True,-0.05522243975776697
5000,1246,True,-0.05115551893844452
5000,1247,True,-0.05146755138512719
5000,1248,True,-0.053261707270549484
5000,1249,True,-0.06072299979415134
5000,1250,True,-0.058583518855332715
5000,1251,True,-0.055278994187664444
5000,1252,True,-0.04442546961951916
5000,1253,True,-0.03865879720002338
5000,1254,True,-0.03819979961232188
5000,1255,True,-0.04997246420312019
5000,1256,True,-0.062227509637377984
5000,1257,True,-0.036706148206717054
5000,1258,True,-0.057710031566365214
5000,1259,True,-0.007669757586344091
5000,1260,True,-0.025986011338737357
5000,1261,True,-0.04919491776756034
5000,1262,True,-0.04974321240385282
5000,1263,True,-0.0475910513918093
5000,1264,True,-0.04225540891145847
5000,1265,True,-0.04876277112988313
5000,1266,True,-0.05374765105074305
5000,1267,True,-0.03254810246820135
5000,1268,True,-0.04634850078366359
5000,1269,True,-0.035830959736728125
5000,1270,True,-0.040568183388332894
5000,1271,True,-0.02227015095717403
5000,1272,True,-0.06115843466685952
5000,1273,True,-0.04638644629058375
5000,1274,True,-0.041488904548419595
5000,1275,True,-0.02052765628945017
5000,1276,True,-0.0478751093933263
5000,1277,True,-0.048875197003489725
5000,1278,True,-0.0561470196180589
5000,1279,True,-0.03679947745300201
5000,1280,True,-0.04341113165093973
5000,1281,True,-0.04048819328705881
5000,1282,True,-0.036054051576797835
5000,1283,True,-0.022663339929478728
5000,1284,True,-0.04092359460047855
5000,1285,True,-0.02865382620585887
5000,1286,True,-0.055624587855479204
5000,1287,True,-0.04150115236720291
5000,1288,True,-0.03089184388829231
5000,1289,True,-0.047866865284512776
5000,1290,True,-0.05037586125817424
5000,1291,True,-0.03969126840081712
5000,1292,True,-0.05623307371845856
5000,1293,True,-0.06678123715747217
5000,1294,True,-0.05866239547571752
5000,1295,True,-0.03990155005738576
5000,1296,True,-0.050001669111080636
5000,1297,True,-0.039861072314811334
5000,1298,True,-0.04767038474440757
5000,1299,True,-0.05930883580719942
5000,1300,True,-0.04027631575748118
5000,1301,True,-0.048278653654205174
5000,1302,True,-0.04631222640040304
5000,1303,True,-0.02170596024637898
5000,1304,True,-0.04960597045486305
5000,1305,True,-0.04404137642012611
5000,1306,True,-0.05107844754050145
5000,1307,True,-0.049846604136263864
5000,1308,True,-0.039029825104189515
5000,1309,True,-0.03880910502741271
5000,1310,True,-0.01815595122801688
5000,1311,True,-0.04635838937732867
5000,1312,True,-0.04550984977173413
5000,1313,True,-0.04101198726398202
5000,1314,True,-0.045684950285403626
5000,1315,True,-0.04930578429476133
5000,1316,True,-0.04691199947912607
5000,1317,True,-0.06794564423480179
5000,1318,True,-0.06525681725833099
5000,1319,True,-0.05321578643979127
5000,1320,True,-0.058590525834694165
5000,1321,True,-0.02848446328230501
5000,1322,True,-0.05379413490192133
5000,1323,True,-0.030640915168397804
5000,1324,True,-0.046710075810086175
5000,1325,True,-0.06897702369615433
5000,1326,True,-0.041804517252808655
5000,1327,True,-0.026388904588266204
5000,1328,True,-0.03919361041897487
5000,1329,True,-0.03509543921402546
5000,1330,True,-0.040875395767591124
5000,1331,True,-0.06589968748338679
5000,1332,True,-0.05684857690714758
5000,1333,True,-0.0646866073363033
5000,1334,True,-0.04331181489639743
5000,1335,True,-0.060252669385649604
5000,1336,True,-0.03833658393906442
5000,1337,True,-0.05622341179880956
5000,1338,True,-0.06053304675854937
5000,1339,True,-0.04085164128210943
5000,1340,True,-0.041665457438084044
5000,1341,True,-0.04391028439289468
5000,1342,True,-0.046753262272981634
5000,1343,True,-0.04338036349356948
5000,1344,True,-0.047345451797725126
5000,1345,True,-0.06298224789007131
5000,1346,True,-0.028970320463545564
5000,1347,True,-0.048216007349167436
5000,1348,True,-0.03897599868484445
5000,1349,True,-0.046922840104634704
5000,1350,True,-0.05351949726037399
5000,1351,True,-0.05140351816090501
5000,1352,True,-0.049941508097711196
5000,1353,True,-0.049324711339741166
5000,1354,True,-0.05738546445984229
5000,1355,True,-0.04652019034570887
5000,1356,True,-0.05249075720718492
5000,1357,True,-0.07242075638158776
5000,1358,True,-0.050098443823485314
5000,1359,True,-0.03156383043251477
5000,1360,True,-0.055931126105935244
5000,1361,True,-0.036696840675278806
5000,1362,True,-0.025662196694039723
5000,1363,True,-0.031198117556892214
5000,1364,True,-0.0510563085018789
5000,1365,True,-0.029918239523438573
5000,1366,True,-0.03967698783655696
5000,1367,True,-0.04280367598274551
5000,1368,True,-0.04918086043585548
5000,1369,True,-0.03227424426721957
5000,1370,True,-0.05967311318038907
5000,1371,True,-0.04349106542513245
5000,1372,True,-0.06479073962388973
5000,1373,True,-0.04145856906025065
5000,1374,True,-0.03251448331468792
5000,1375,True,-0.05368048857991605
5000,1376,True,-0.03444731293750888
5000,1377,True,-0.05370041791078443
5000,1378,True,-0.04044142844916231
5000,1379,True,-0.038587438029683854
5000,1380,True,-0.04090482772025141
5000,1381,True,-0.03159657906686765
5000,1382,True,-0.018758529272559346
5000,1383,True,-0.04324204633311787
5000,1384,True,-0.057235418201559876
5000,1385,True,-0.06861979421126663
5000,1386,True,-0.03334083319032061
5000,1387,True,-0.04877784318306177
5000,1388,True,-0.03388206323126928
5000,1389,True,-0.05297037050946692
5000,1390,True,-0.059471626064123
5000,1391,True,-0.040884359642653426
5000,1392,True,-0.06024252601709159
5000,1393,True,-0.04700336539196943
5000,1394,True,-0.051179698749829014
5000,1395,True,-0.0567309843757927
5000,1396,True,-0.05811969444296376
5000,1397,True,-0.05735750214245999
5000,1398,True,-0.05137241084144686
5000,1399,True,-0.02271383518245578
5000,1400,True,-0.0030167022371656695
5000,1401,True,-0.051328117267785876
5000,1402,True,-0.0409940743915602
5000,1403,True,-0.02022840758335438
5000,1404,True,-0.04267313246269919
5000,1405,True,-0.03906411811448228
5000,1406,True,-0.04783481013569779
5000,1407,True,-0.05240544598082679
5000,1408,True,-0.03840312374354305
5000,1409,True,-0.03267335054578043
5000,1410,True,-0.04119132743399114
5000,1411,True,-0.06483813668813801
5000,1412,True,-0.05029024051650284
5000,1413,True,-0.044085059939538915
5000,1414,True,-0.03602219090505729
5000,1415,True,-0.03943044723021886
5000,1416,True,-0.05076573815883264
5000,1417,True,-0.057155431886117866
5000,1418,True,-0.03643390348549068
5000,1419,True,-0.057031535382122724
5000,1420,True,-0.04961645378714598
5000,1421,True,-0.03848134893347057
5000,1422,True,-0.07086726675451266
5000,1423,True,-0.05601096556332845
5000,1424,True,-0.052582325425491835
5000,1425,True,-0.03770964608045498
5000,1426,True,-0.06681808816449668
5000,1427,True,-0.03460978876878841
5000,1428,True,-0.045403932137330995
5000,1429,True,-0.05457639652323446
5000,1430,True,-0.015999551514792855
5000,1431,True,-0.04885313388712456
5000,1432,True,-0.04535034633319875
5000,1433,True,-0.04976915728683588
5000,1434,True,-0.04481682877681344
5000,1435,True,-0.05556384950794084
5000,1436,True,-0.042534590326089486
5000,1437,True,-0.06561641937221654
5000,1438,True,-0.04545898058384699
5000,1439,True,-0.04572689175722562
5000,1440,True,-0.046441028780730274
5000,1441,True,-0.058113772495241425
5000,1442,True,-0.042725504604634396
5000,1443,True,-0.06774556494829617
5000,1444,True,-0.020288975125186272
5000,1445,True,-0.00969067807828045
5000,1446,True,-0.027626787291511766
5000,1447,True,-0.04748259956483643
5000,1448,True,-0.03207951801981794
5000,1449,True,-0.04694170350827648
5000,1450,True,-0.044541236186726216
5000,1451,True,-0.03441359747249066
5000,1452,True,-0.013150654741420197
5000,1453,True,-0.04559876275943524
5000,1454,True,-0.04128954379775758
5000,1455,True,-0.04136318409164016
5000,1456,True,-0.06071062888694734
5000,1457,True,-0.034420488789500506
5000,1458,True,-0.053610480528534635
5000,1459,True,-0.06083307474215562
5000,1460,True,-0.020954126765585335
5000,1461,True,-0.04862168034740784
5000,1462,True,-0.05113060540801695
5000,1463,True,-0.06807068972917533
5000,1464,True,-0.06778271591558144
5000,1465,True,-0.053961793933828495
5000,1466,True,-0.048537382199327836
5000,1467,True,-0.04134756845138661
5000,1468,True,-0.051094510164486795
5000,1469,True,-0.02205438286725773
5000,1470,True,-0.039024516623606495
5000,1471,True,-0.05323209398860956
5000,1472,True,-0.04188231551508642
5000,1473,True,-0.04173259437516545
5000,1474,True,-0.05478422981535495
5000,1475,True,-0.041926303178151485
5000,1476,True,-0.05167008253922671
5000,1477,True,-0.04593059556522499
5000,1478,True,-0.021640697537881358
5000,1479,True,-0.06511206232257263
5000,1480,True,-0.0449579250168202
5000,1481,True,-0.0343711973051754
5000,1482,True,-0.04985248258763735
5000,1483,True,-0.052674370734329845
5000,1484,True,-0.05615720626601496
5000,1485,True,-0.061204835298772374
5000,1486,True,-0.060490387404634346
5000,1487,True,-0.06310104363100066
5000,1488,True,-0.05177494788778207
5000,1489,True,-0.04217546312931181
5000,1490,True,-0.04894946854681939
5000,1491,True,-0.05989114573173756
5000,1492,True,-0.017326287627499805
5000,1493,True,-0.04244278598935601
5000,1494,True,-0.06269051693344597
5000,1495,True,-0.04545594500391491
5000,1496,True,-0.055987368072771035
5000,1497,True,-0.055120614092708554
5000,1498,True,-0.04807338922397174
5000,1499,True,-0.0507230976892867
5000,1500,True,-0.040628116601148324
5000,1501,True,-0.033255209147845965
5000,1502,True,-0.032939098379547435
5000,1503,True,-0.04935887535438423
5000,1504,True,-0.03644511191817028
5000,1505,True,-0.07058996600353133
5000,1506,True,-0.04430408942189149
5000,1507,True,-0.0625592888032386
5000,1508,True,-0.053752880034670714
5000,1509,True,-0.04617172900307824
5000,1510,True,-0.03183160089915853
5000,1511,True,-0.036372477727619604
5000,1512,True,-0.04185067662254937
5000,1513,True,-0.044997042426280345
5000,1514,True,-0.04772934444771297
5000,1515,True,-0.046704489378858495
5000,1516,True,-0.03091018698770126
5000,1517,True,-0.037187573997098905
5000,1518,True,-0.04821712595398722
5000,1519,True,-0.05998951412629137
5000,1520,True,-0.04152070895846564
5000,1521,True,-0.04308163273922312
5000,1522,True,-0.040200002848960595
5000,1523,True,-0.052648516351180855
5000,1524,True,-0.03234296419086371
5000,1525,True,-0.05531131418613057
5000,1526,True,-0.049709840216981896
5000,1527,True,-0.014972408121908722
5000,1528,True,-0.048850003328008165
5000,1529,True,-0.0610139983855855
5000,1530,True,-0.053418077658738905
5000,1531,True,-0.03829989037276496
5000,1532,True,-0.05648007215806664
5000,1533,True,-0.02836210089191068
5000,1534,True,-0.028599872220753424
5000,1535,True,-0.022148532386579343
5000,1536,True,-0.05507365686050185
5000,1537,True,-0.0658057560151015
5000,1538,True,-0.06086757016366212
5000,1539,True,-0.046594969431951856
5000,1540,True,-0.03745520308473713
5000,1541,True,-0.058049660540782685
5000,1542,True,-0.05438320959963651
5000,1543,True,-0.05745619750043494
5000,1544,True,-0.05594040936027991
5000,1545,True,-0.03785203673072453
5000,1546,True,-0.04743493003956459
5000,1547,True,-0.05971500432702505
5000,1548,True,-0.04629850356643729
5000,1549,True,-0.04318880679578575
5000,1550,True,-0.06337278652355494
5000,1551,True,-0.03458130251296475
5000,1552,True,-0.06002021587002952
5000,1553,True,-0.05810466845903717
5000,1554,True,-0.048672727436964935
5000,1555,True,-0.07188145743661142
5000,1556,True,-0.03509194191261368
5000,1557,True,-0.049971242322417404
5000,1558,True,-0.04743720121199212
5000,1559,True,-0.0467592182142355
5000,1560,True,-0.034189186599678636
5000,1561,True,-0.03737441683576223
5000,1562,True,-0.031889516069735495
5000,1563,True,-0.05183126288271508
5000,1564,True,-0.06265805619442533
5000,1565,True,-0.05131053795291344
5000,1566,True,-0.030755988940374773
5000,1567,True,-0.05831601419541539
5000,1568,True,-0.047679460472591355
5000,1569,True,-0.05701931365021475
5000,1570,True,-0.04857676233499519
5000,1571,True,-0.03974836022074297
5000,1572,True,-0.045625179222719324
5000,1573,True,-0.04346802315237641
5000,1574,True,-0.03280609419411116
5000,1575,True,-0.07599663150926324
5000,1576,True,-0.05946473745523976
5000,1577,True,-0.06639666961548057
5000,1578,True,-0.05769889362575148
5000,1579,True,-0.03222177825781098
5000,1580,True,-0.03605201284659705
5000,1581,True,-0.03886253882018161
5000,1582,True,-0.035199432823899444
5000,1583,True,-0.031188648284010995
5000,1584,True,-0.03594442422718723
5000,1585,True,-0.04216678759000974
5000,1586,True,-0.04186339770530635
5000,1587,True,-0.032054940482037074
5000,1588,True,-0.054462390797098026
5000,1589,True,-0.03538338679992512
5000,1590,True,-0.05422129264182727
5000,1591,True,-0.04916722099754243
5000,1592,True,-0.05858272588788398
5000,1593,True,-0.04916801360919584
5000,1594,True,-0.05455025741044084
5000,1595,True,-0.05770328423722397
5000,1596,True,-0.04027270500460037
5000,1597,True,-0.046942194348297675
5000,1598,True,-0.039464387826212935
5000,1599,True,-0.04437809165024612
5000,1600,True,-0.04038224286584191
5000,1601,True,-0.062116414285288135
5000,1602,True,-0.04756610376141791
5000,1603,True,-0.048400393500451604
5000,1604,True,-0.03470908320900319
5000,1605,True,-0.04587103233999144
5000,1606,True,-0.037103133768692384
5000,1607,True,-0.04993772817337424
5000,1608,True,-0.06093999521862956
5000,1609,True,-0.07022755364257896
5000,1610,True,-0.02105202633071489
5000,1611,True,-0.04929770582782877
5000,1612,True,-0.04256770745969817
5000,1613,True,-0.04480162516509627
5000,1614,True,-0.02608372945437145
5000,1615,True,-0.025909910468170233
5000,1616,True,-0.0492072734462066
5000,1617,True,-0.04864506596816849
5000,1618,True,-0.04535909339887882
5000,1619,True,-0.05228857195246088
5000,1620,True,-0.06325498590282597
5000,1621,True,-0.06669716941877155
5000,1622,True,-0.056079494457586795
5000,1623,True,-0.03460715312602903
5000,1624,True,-0.04557195409738061
5000,1625,True,-0.060319210791974144
5000,1626,True,-0.07550334966973701
5000,1627,True,-0.06879194391505916
5000,1628,True,-0.06473145923216174
5000,1629,True,-0.06172883273203591
5000,1630,True,-0.05107237654773319
5000,1631,True,-0.026147494870721433
5000,1632,True,-0.04527673494040469
5000,1633,True,-0.059094518971617514
5000,1634,True,-0.048408023780808294
5000,1635,True,-0.054236284339302734
5000,1636,True,-0.05427746114474804
5000,1637,True,-0.05305899878770144
5000,1638,True,-0.04147307165419947
5000,1639,True,-0.04859117090408078
5000,1640,True,-0.06954013371892973
5000,1641,True,-0.04567182799803397
5000,1642,True,-0.04004329787469147
5000,1643,True,-0.07048713159291913
5000,1644,True,-0.05246588298805281
5000,1645,True,-0.04984957985077781
5000,1646,True,-0.05883910390882876
5000,1647,True,-0.03744072741113061
5000,1648,True,-0.03799581557712372
5000,1649,True,-0.044058300057845036
5000,1650,True,-0.0519673308010858
5000,1651,True,-0.03742045151196878
5000,1652,True,-0.05366862437366243
5000,1653,True,-0.03899481869728073
5000,1654,True,-0.044992775617818975
5000,1655,True,-0.044901499030828414
5000,1656,True,-0.06295007905439631
5000,1657,True,-0.0441788964709685
5000,1658,True,-0.055848724309744746
5000,1659,True,-0.04177588103169309
5000,1660,True,-0.04416253522438498
5000,1661,True,-0.04752367513894724
5000,1662,True,-0.06822949109463314
5000,1663,True,-0.03764758117489643
5000,1664,True,-0.05916892572104471
5000,1665,True,-0.031956506890457245
5000,1666,True,-0.0774948745942868
5000,1667,True,-0.04078762577512928
5000,1668,True,-0.035301271134398966
5000,1669,True,-0.06356292506603273
5000,1670,True,-0.03360220635990528
5000,1671,True,-0.03868783266866103
5000,1672,True,-0.04004769654317541
5000,1673,True,-0.05236907094159602
5000,1674,True,-0.05899798786904955
5000,1675,True,-0.03975245278903698
5000,1676,True,-0.03156395985376701
5000,1677,True,-0.04782473737415747
5000,1678,True,-0.04377156840604151
5000,1679,True,-0.05729865950892832
5000,1680,True,-0.06919902964737677
5000,1681,True,-0.05200825657408531
5000,1682,True,-0.06862284354029599
5000,1683,True,-0.05893095169424354
5000,1684,True,-0.06481560505567488
5000,1685,True,-0.051739953291227124
5000,1686,True,-0.04561063737860489
5000,1687,True,-0.035079911909248356
5000,1688,True,-0.04545017856052145
5000,1689,True,-0.04012572101274674
5000,1690,True,-0.049459613289025206
5000,1691,True,-0.05259822843945232
5000,1692,True,-0.054010755794452206
5000,1693,True,-0.027973347655927922
5000,1694,True,-0.04547227333042778
5000,1695,True,-0.028056589489731665
5000,1696,True,-0.041995365716527
5000,1697,True,-0.067067534845384
5000,1698,True,-0.04470248736372184
5000,1699,True,-0.026321759734825645
5000,1700,True,-0.05342761365731843
5000,1701,True,-0.032590457813801786
5000,1702,True,-0.03874067477109837
5000,1703,True,-0.043601232969345045
5000,1704,True,-0.058500001664787436
5000,1705,True,-0.04676643409697493
5000,1706,True,-0.05622533152564961
5000,1707,True,-0.050611247297025916
5000,1708,True,-0.04919357874479571
5000,1709,True,-0.05696310189169725
5000,1710,True,-0.048229289833935665
5000,1711,True,-0.0510275927635499
5000,1712,True,-0.049033193132986694
5000,1713,True,-0.0710487045120143
5000,1714,True,-0.05138488524943395
5000,1715,True,-0.057166440141924714
5000,1716,True,-0.03596874780329151
5000,1717,True,-0.057515539501426
5000,1718,True,-0.06701651097900607
5000,1719,True,-0.04441448223262731
5000,1720,True,-0.04979608970696352
5000,1721,True,-0.0598057485129271
5000,1722,True,-0.06067762156398545
5000,1723,True,-0.04076584910072299
5000,1724,True,-0.050290270828951086
5000,1725,True,-0.04050610960606234
5000,1726,True,-0.03553404172008717
5000,1727,True,-0.04298238486157975
5000,1728,True,-0.06629542368476893
5000,1729,True,-0.049750785379651934
5000,1730,True,-0.03744329961026722
5000,1731,True,-0.0671969715628041
5000,1732,True,-0.04498430676406136
5000,1733,True,-0.06207789803553089
5000,1734,True,-0.05099586641393953
5000,1735,True,-0.05896884365344311
5000,1736,True,-0.049027817581029545
5000,1737,True,-0.047427076282471115
5000,1738,True,-0.05013882668339931
5000,1739,True,-0.036771344112384474
5000,1740,True,-0.07029810874690927
5000,1741,True,-0.050382312916278246
5000,1742,True,-0.03897199103249217
5000,1743,True,-0.0448164952097357
5000,1744,True,-0.05708088275212103
5000,1745,True,-0.06847334792068308
5000,1746,True,-0.06257970159373263
5000,1747,True,-0.05907047321648314
5000,1748,True,-0.04115861955883098
5000,1749,True,-0.05349069997006419
5000,1750,True,-0.05113573575073652
5000,1751,True,-0.03967870832911014
5000,1752,True,-0.05434205892937764
5000,1753,True,-0.05525182185793478
5000,1754,True,-0.024432408072545833
5000,1755,True,-0.06300388848947469
5000,1756,True,-0.039500756198989254
5000,1757,True,-0.033365898955912
5000,1758,True,-0.05867957407900757
5000,1759,True,-0.04190559328667225
5000,1760,True,-0.04448567398360985
5000,1761,True,-0.05349664969877822
5000,1762,True,-0.06629219696101701
5000,1763,True,-0.06811030710457497
5000,1764,True,-0.04147051475331113
5000,1765,True,-0.043333667323844326
5000,1766,True,-0.052338632511397545
5000,1767,True,-0.036201778626359676
5000,1768,True,-0.046696784255329006
5000,1769,True,-0.0785295892723013
5000,1770,True,-0.037071739437182574
5000,1771,True,-0.028335741552613692
5000,1772,True,-0.06603774591335894
5000,1773,True,-0.04149466423378693
5000,1774,True,-0.0670915391999335
5000,1775,True,-0.04147304941656273
5000,1776,True,-0.05180314291896687
5000,1777,True,-0.047857077272115425
5000,1778,True,-0.04493222829000731
5000,1779,True,-0.031666179768127085
5000,1780,True,-0.05775351405544123
5000,1781,True,-0.07051245957374534
5000,1782,True,-0.034924346846046166
5000,1783,True,-0.03775040913022917
5000,1784,True,-0.06350176403753506
5000,1785,True,-0.061812732934790504
5000,1786,True,-0.05291457397710766
5000,1787,True,-0.040761157768278725
5000,1788,True,-0.027058228793065936
5000,1789,True,-0.037290614430734385
5000,1790,True,-0.04768448022751796
5000,1791,True,-0.015727039959408554
5000,1792,True,-0.04575926957098362
5000,1793,True,-0.05318585362378971
5000,1794,True,-0.033020243371308454
5000,1795,True,-0.04146626041564667
5000,1796,True,-0.06043518784512214
5000,1797,True,-0.03398139368594047
5000,1798,True,-0.055545829109754565
5000,1799,True,-0.04955431133643668
5000,1800,True,-0.05283150826670924
5000,1801,True,-0.05508391910340181
5000,1802,True,-0.05347281964296772
5000,1803,True,-0.02024577644317117
5000,1804,True,-0.04963462074394116
5000,1805,True,-0.04932835686100921
5000,1806,True,-0.052717570434068176
5000,1807,True,-0.05544279434278604
5000,1808,True,-0.023009701767050424
5000,1809,True,-0.05877684151981286
5000,1810,True,-0.04513450106438043
5000,1811,True,-0.05116382871026546
5000,1812,True,-0.048968556872839075
5000,1813,True,-0.05420303596341743
5000,1814,True,-0.0634918580047228
5000,1815,True,-0.05330438074008048
5000,1816,True,-0.07347316995016191
5000,1817,True,-0.06142065805816118
5000,1818,True,-0.06115153800428517
5000,1819,True,-0.045196111011464826
5000,1820,True,-0.055825959361727115
5000,1821,True,-0.03603389464497071
5000,1822,True,-0.04264405947353784
5000,1823,True,-0.04621118964282536
5000,1824,True,-0.04259845878373817
5000,1825,True,-0.04101855210072495
5000,1826,True,-0.049629356644417824
5000,1827,True,-0.05448141858421661
5000,1828,True,-0.05208561295789963
5000,1829,True,-0.05241478202802393
5000,1830,True,-0.0670649338529536
5000,1831,True,-0.03201998111009198
5000,1832,True,-0.06590661412856982
5000,1833,True,-0.05477788120533551
5000,1834,True,-0.0329029797602702
5000,1835,True,-0.04636642994064142
5000,1836,True,-0.04436531757310566
5000,1837,True,-0.043421451282684854
5000,1838,True,-0.051980423461238545
5000,1839,True,-0.05208781573108697
5000,1840,True,-0.02954549621465702
5000,1841,True,-0.041929257929494645
5000,1842,True,-0.03915468983625958
5000,1843,True,-0.0645329792351346
5000,1844,True,-0.058154157655757245
5000,1845,True,-0.0381521616346099
5000,1846,True,-0.06020956637851569
5000,1847,True,-0.04044082670917984
5000,1848,True,-0.029872059257337852
5000,1849,True,-0.048994745418910725
5000,1850,True,-0.03438425368325598
5000,1851,True,-0.05888116886692639
5000,1852,True,-0.06920210604061965
5000,1853,True,-0.06173678075081489
5000,1854,True,-0.048055252171091925
5000,1855,True,-0.02425118117764577
5000,1856,True,-0.0637789825490667
5000,1857,True,-0.06095182317372422
5000,1858,True,-0.05485258233639443
5000,1859,True,-0.06275531679400094
5000,1860,True,-0.05329095087298462
5000,1861,True,-0.04328507906687714
5000,1862,True,-0.042311262215041515
5000,1863,True,-0.05801920462341294
5000,1864,True,-0.04178302835938345
5000,1865,True,-0.052154326184213895
5000,1866,True,-0.055729949809824854
5000,1867,True,-0.06468417963401352
5000,1868,True,-0.049369062657804004
5000,1869,True,-0.02074276398880279
5000,1870,True,-0.05910918524318658
5000,1871,True,-0.04383251179400177
5000,1872,True,-0.03501010314241
5000,1873,True,-0.03750173714619571
5000,1874,True,-0.057467187733169486
5000,1875,True,-0.03917887973446489
5000,1876,True,-0.03659059496123474
5000,1877,True,-0.041442923529548446
5000,1878,True,-0.06608426639312891
5000,1879,True,-0.041098489491356895
5000,1880,True,-0.053109050050340265
5000,1881,True,-0.05421224101694837
5000,1882,True,-0.03368095045775425
5000,1883,True,-0.03403463589963339
5000,1884,True,-0.055249294538194195
5000,1885,True,-0.03401990135256956
5000,1886,True,-0.05561139815910452
5000,1887,True,-0.03789999027559444
5000,1888,True,-0.039942018504356504
5000,1889,True,-0.05131330822836831
5000,1890,True,-0.05507346149411143
5000,1891,True,-0.05949769657327941
5000,1892,True,-0.04659295377247279
5000,1893,True,-0.03615319209467745
5000,1894,True,-0.061191269231741875
5000,1895,True,-0.044346360721847666
5000,1896,True,-0.047827451286304556
5000,1897,True,-0.060454342038036235
5000,1898,True,-0.05483494061425207
5000,1899,True,-0.02505587349250852
5000,1900,True,-0.01691598740302685
5000,1901,True,-0.038778161213917514
5000,1902,True,-0.044463564187563365
5000,1903,True,-0.035491089184448425
5000,1904,True,-0.04594400818595611
5000,1905,True,-0.060651997575527514
5000,1906,True,-0.028729924528202118
5000,1907,True,-0.06156166789364319
5000,1908,True,-0.055948259639760786
5000,1909,True,-0.057214008794445034
5000,1910,True,-0.0119231944607628
5000,1911,True,-0.042832629867304794
5000,1912,True,-0.06218027379573934
5000,1913,True,-0.049308325548195815
5000,1914,True,-0.03522179497410199
5000,1915,True,-0.043864500050329755
5000,1916,True,-0.038582747563798286
5000,1917,True,-0.0488679709758431
5000,1918,True,-0.04268333662169408
5000,1919,True,-0.06081137734373023
5000,1920,True,-0.040076157269734305
5000,1921,True,-0.04017492394724545
5000,1922,True,-0.040886776213991796
5000,1923,True,-0.054731059437650734
5000,1924,True,-0.05233083065581797
5000,1925,True,-0.05815125341982681
5000,1926,True,-0.05204543115537473
5000,1927,True,-0.04268982369351328
5000,1928,True,-0.0362038033827312
5000,1929,True,-0.06939839076480457
5000,1930,True,-0.0470218546880561
5000,1931,True,-0.043300440859448744
5000,1932,True,-0.05897818949148367
5000,1933,True,-0.04722612020586312
5000,1934,True,-0.055407601826187924
5000,1935,True,-0.04943702763763803
5000,1936,True,-0.04673729411268572
5000,1937,True,-0.023625969714395213
5000,1938,True,-0.05673857598178038
5000,1939,True,-0.051983528455266145
5000,1940,True,-0.05852547433070726
5000,1941,True,-0.030929550474163015
5000,1942,True,-0.092140076959074
5000,1943,True,-0.044491338747120454
5000,1944,True,-0.0675426194225488
5000,1945,True,-0.043061282343624566
5000,1946,True,-0.03260672540471809
5000,1947,True,-0.04483115635364254
5000,1948,True,-0.06352322375445163
5000,1949,True,-0.03996256199301407
5000,1950,True,-0.041301563929697346
5000,1951,True,-0.02800760927482243
5000,1952,True,-0.03361165118437432
5000,1953,True,-0.050318198258860435
5000,1954,True,-0.04430794953989999
5000,1955,True,-0.0642391159742401
5000,1956,True,-0.05505348899181126
5000,1957,True,-0.051204449674007904
5000,1958,True,-0.04902786058193036
5000,1959,True,-0.04667934623447697
5000,1960,True,-0.044151447100200664
5000,1961,True,-0.03623276039374343
5000,1962,True,-0.05082228988366644
5000,1963,True,-0.05054847111536266
5000,1964,True,-0.034826039433169254
5000,1965,True,-0.052541086887135956
5000,1966,True,-0.05433703866361256
5000,1967,True,-0.06414666930278967
5000,1968,True,-0.04461193319331325
5000,1969,True,-0.04819331520118396
5000,1970,True,-0.04530128552428347
5000,1971,True,-0.02503963753897841
5000,1972,True,-0.06485400901218068
5000,1973,True,-0.05674277494875195
5000,1974,True,-0.028274570098946315
5000,1975,True,-0.0290618927589053
5000,1976,True,-0.07047535200601193
5000,1977,True,-0.06370317922596641
5000,1978,True,-0.033497715721856995
5000,1979,True,-0.04844199982044524
5000,1980,True,-0.02895852687648135
5000,1981,True,-0.0462320960493227
5000,1982,True,-0.067932095893278
5000,1983,True,-0.0637794662658254
5000,1984,True,-0.02794196561337687
5000,1985,True,-0.040083108855812996
5000,1986,True,-0.04365317240481956
5000,1987,True,-0.03022908409690066
5000,1988,True,-0.06356465153224472
5000,1989,True,-0.04511454366284099
5000,1990,True,-0.053490514165937905
5000,1991,True,-0.02611065180283717
5000,1992,True,-0.050196234892220436
5000,1993,True,-0.03656204366285391
5000,1994,True,-0.031804954505295205
5000,1995,True,-0.03867598980528414
5000,1996,True,-0.02567827427439647
5000,1997,True,-0.07321230062500968
5000,1998,True,-0.02114159904212365
5000,1999,True,-0.046985003723651046
10000,0,True,-0.07188800358072733
10000,1,True,-0.05780438195265804
10000,2,True,-0.0783304943276977
10000,3,True,-0.0800391828923787
10000,4,True,-0.0532206617287999
10000,5,True,-0.07469497985572651
10000,6,True,-0.059258888203625695
10000,7,True,-0.06926611680096706
10000,8,True,-0.060626920237868046
10000,9,True,-0.08826137933526654
10000,10,True,-0.052776496812784866
10000,11,True,-0.04830310151984647
10000,12,True,-0.058457984980215386
10000,13,True,-0.03284962361237193
10000,14,True,-0.06184951055835969
10000,15,True,-0.05191723476080018
10000,16,True,-0.07521084128245356
10000,17,True,-0.07069094557225049
10000,18,True,-0.06508179591141293
10000,19,True,-0.059183610310323854
10000,20,True,-0.05172743127404476
10000,21,True,-0.042747774949001976
10000,22,True,-0.055097685641186056
10000,23,True,-0.07904668018712742
10000,24,True,-0.07303590909143401
10000,25,True,-0.07293027533748167
10000,26,True,-0.04635609830517732
10000,27,True,-0.023675444352287196
10000,28,True,-0.048051932096999504
10000,29,True,-0.07188298062509799
10000,30,True,-0.050149646054470774
10000,31,True,-0.051066432926975866
10000,32,True,-0.05472743228342654
10000,33,True,-0.06621490735596683
10000,34,True,-0.07333516843162505
10000,35,True,-0.043745128613362785
10000,36,True,-0.07009524020464131
10000,37,True,-0.039994698020561784
10000,38,True,-0.03340344670162548
10000,39,True,-0.0699938618105179
10000,40,True,-0.06521989132525043
10000,41,True,-0.04519885779622671
10000,42,True,-0.062329162144213114
10000,43,True,-0.08513621446797771
10000,44,True,-0.06285116977216701
10000,45,True,-0.06137421842938229
10000,46,True,-0.08397072389988788
10000,47,True,-0.06488348438099227
10000,48,True,-0.04322828555581652
10000,49,True,-0.05011527399963102
10000,50,True,-0.06779578386871594
10000,51,True,-0.06205350971341066
10000,52,True,-0.03408280076992634
10000,53,True,-0.06456362105027934
10000,54,True,-0.06215998966529522
10000,55,True,-0.08035725800154357
10000,56,True,-0.07482775612743989
10000,57,True,-0.07522953563498605
10000,58,True,-0.049447444586284445
10000,59,True,-0.06441680436357218
10000,60,True,-0.05651083823725037
10000,61,True,-0.07134175583161657
10000,62,True,-0.05629399938740674
10000,63,True,-0.0689654033913599
10000,64,True,-0.07158386738903635
10000,65,True,-0.06831222003993345
10000,66,True,-0.04872692045593259
10000,67,True,-0.07586863271730795
10000,68,True,-0.06310287174221738
10000,69,True,-0.055617938850775504
10000,70,True,-0.07620211322699523
10000,71,True,-0.0501666650107417
10000,72,True,-0.07657860155432028
10000,73,True,-0.058049362494084725
10000,74,True,-0.04631539637074909
10000,75,True,-0.04590333837839809
10000,76,True,-0.050321902278111175
10000,77,True,-0.07117394792629664
10000,78,True,-0.07223965434623525
10000,79,True,-0.0683023691984342
10000,80,True,-0.08375825501419963
10000,81,True,-0.06963167239252668
10000,82,True,-0.03553216283258178
10000,83,True,-0.06603911333551722
10000,84,True,-0.06744786119181918
10000,85,True,-0.07427178623457979
10000,86,True,-0.05145597843545069
10000,87,True,-0.056047548475117726
10000,88,True,-0.06167345344202778
10000,89,True,-0.05896388176949886
10000,90,True,-0.0552482100052929
10000,91,True,-0.06953543570209653
10000,92,True,-0.06106022317007718
10000,93,True,-0.04750888589837311
10000,94,True,-0.06175751990999369
10000,95,True,-0.05134068512385024
10000,96,True,-0.059129835206076245
10000,97,True,-0.0401308509977373
10000,98,True,-0.06038038162812942
10000,99,True,-0.05952230787066278
10000,100,True,-0.06404385469634981
10000,101,True,-0.07207626626821295
10000,102,True,-0.07064543772266506
10000,103,True,-0.08413257815345729
10000,104,True,-0.043088776067397576
10000,105,True,-0.04698156198729809
10000,106,True,-0.057919391331255496
10000,107,True,-0.07205963445533706
10000,108,True,-0.09454207621158911
10000,109,True,-0.05931836816032884
10000,110,True,-0.05915852913483547
10000,111,True,-0.050749123939843446
10000,112,True,-0.057213002727858356
10000,113,True,-0.05630645142331736
10000,114,True,-0.05400721095479124
10000,115,True,-0.06429994721648039
10000,116,True,-0.05669682823505786
10000,117,True,-0.055826634097622695
10000,118,True,-0.04631498924045098
10000,119,True,-0.04948119994452315
10000,120,True,-0.057695114629207275
10000,121,True,-0.0492146339100485
10000,122,True,-0.050288117874221896
10000,123,True,-0.05155226349487426
10000,124,True,-0.05875451394441237
10000,125,True,-0.06594488770850047
10000,126,True,-0.06729776370775734
10000,127,True,-0.056134617692551556
10000,128,True,-0.039345777287067965
10000,129,True,-0.04215036314377914
10000,130,True,-0.04541323586659061
10000,131,True,-0.06319359089254109
10000,132,True,-0.07773767169999414
10000,133,True,-0.08196899894614915
10000,134,True,-0.0480816490123052
10000,135,True,-0.06403260434762668
10000,136,True,-0.05520606135209312
10000,137,True,-0.05711984698847361
10000,138,True,-0.07838360538501427
10000,139,True,-0.07427324945211836
10000,140,True,-0.04858108382635774
10000,141,True,-0.05105779305355951
10000,142,True,-0.08033990071206878
10000,143,True,-0.04028771324187885
10000,144,True,-0.08526077482419524
10000,145,True,-0.08202555792148941
10000,146,True,-0.034151287288019104
10000,147,True,-0.07588809025405288
10000,148,True,-0.080333370374926
10000,149,True,-0.05615698273570362
10000,150,True,-0.07109175752837825
10000,151,True,-0.06601085352720044
10000,152,True,-0.07539716350878449
10000,153,True,-0.05961977222885795
10000,154,True,-0.04089743405240277
10000,155,True,-0.06144716097481882
10000,156,True,-0.08437348771965668
10000,157,True,-0.048974720049250534
10000,158,True,-0.06908632416890186
10000,159,True,-0.05090765445912454
10000,160,True,-0.045114652870039476
10000,161,True,-0.04348067361739251
10000,162,True,-0.07871556019330724
10000,163,True,-0.0736937090426972
10000,164,True,-0.05984274172903682
10000,165,True,-0.06313542625854214
10000,166,True,-0.07459032555558906
10000,167,True,-0.06583191192606085
10000,168,True,-0.03679479170627893
10000,169,True,-0.09406566782811278
10000,170,True,-0.03950970565288744
10000,171,True,-0.06762904072740397
10000,172,True,-0.06351315757605583
10000,173,True,-0.05931551626639929
10000,174,True,-0.06834404883355695
10000,175,True,-0.09471004548942234
10000,176,True,-0.06420441752349053
10000,177,True,-0.05864071156478694
10000,178,True,-0.07788387488181683
10000,179,True,-0.05904145418624902
10000,180,True,-0.08090959531724885
10000,181,True,-0.07583050989024513
10000,182,True,-0.051893308315092646
10000,183,True,-0.07223452935288124
10000,184,True,-0.08747435099768226
10000,185,True,-0.07554171799169729
10000,186,True,-0.0713511058912942
10000,187,True,-0.05917845914402543
10000,188,True,-0.05511744392798966
10000,189,True,-0.04452420244530114
10000,190,True,-0.057641418086928776
10000,191,True,-0.05723724700836991
10000,192,True,-0.05840026906012906
10000,193,True,-0.04135127916462392
10000,194,True,-0.08014268808041017
10000,195,True,-0.07229934999721896
10000,196,True,-0.05857196349384195
10000,197,True,-0.07955879298624462
10000,198,True,-0.05394263861928046
10000,199,True,-0.0683833523248015
10000,200,True,-0.0651198057286988
10000,201,True,-0.07120578296378119
10000,202,True,-0.06667683885524858
10000,203,True,-0.07349427828639118
10000,204,True,-0.06710347046080065
10000,205,True,-0.06008098841275875
10000,206,True,-0.06369726259352021
10000,207,True,-0.06203305018218601
10000,208,True,-0.07144022784400648
10000,209,True,-0.045528400255697266
10000,210,True,-0.07098857925118894
10000,211,True,-0.08202028505983845
10000,212,True,-0.05133996408517263
10000,213,True,-0.07448399177159398
10000,214,True,-0.051293646187063044
10000,215,True,-0.0795523827013744
10000,216,True,-0.06848287038662368
10000,217,True,-0.0442675598918401
10000,218,True,-0.039593189835758436
10000,219,True,-0.040942360352395915
10000,220,True,-0.0363085240841578
10000,221,True,-0.062196473528825624
10000,222,True,-0.05629240552514743
10000,223,True,-0.06320328211474072
10000,224,True,-0.08184357578349498
10000,225,True,-0.07283747480378397
10000,226,True,-0.06103398999208588
10000,227,True,-0.03911678339145773
10000,228,True,-0.06294815362164469
10000,229,True,-0.05687771042275759
10000,230,True,-0.07074460498189676
10000,231,True,-0.05451086705526015
10000,232,True,-0.07513265526613493
10000,233,True,-0.07442790959123982
10000,234,True,-0.058059202073833346
10000,235,True,-0.051157795983545085
10000,236,True,-0.053514937999333344
10000,237,True,-0.05445943979661708
10000,238,True,-0.05765300014920242
10000,239,True,-0.05188578772432808
10000,240,True,-0.07023201228515534
10000,241,True,-0.06679082913596486
10000,242,True,-0.06047969005656055
10000,243,True,-0.0815626870967661
10000,244,True,-0.05901654135477691
10000,245,True,-0.0829446868612306
10000,246,True,-0.06327255607353785
10000,247,True,-0.06280847909707343
10000,248,True,-0.0728814159748716
10000,249,True,-0.06428284420757154
10000,250,True,-0.059929181344709835
10000,251,True,-0.07332257645994641
10000,252,True,-0.06140609387987104
10000,253,True,-0.05776664551407009
10000,254,True,-0.05830112879628737
10000,255,True,-0.06274783635982192
10000,256,True,-0.08141470464866288
10000,257,True,-0.07697133978350947
10000,258,True,-0.08260884987333925
10000,259,True,-0.05415260139028115
10000,260,True,-0.05637802251473152
10000,261,True,-0.050934786830782154
10000,262,True,-0.06421911169519193
10000,263,True,-0.07577317112731746
10000,264,True,-0.07050175893175561
10000,265,True,-0.03328499551103453
10000,266,True,-0.061035870935871026
10000,267,True,-0.06898014950248088
10000,268,True,-0.0703486202368537
10000,269,True,-0.07199766291689799
10000,270,True,-0.0724822102161486
10000,271,True,-0.05275297988045863
10000,272,True,-0.07081458792358572
10000,273,True,-0.04874768525903489
10000,274,True,-0.032724476169098335
10000,275,True,-0.07670033166189864
10000,276,True,-0.06378379130663739
10000,277,True,-0.07700756962887542
10000,278,True,-0.07336028109503565
10000,279,True,-0.05949983923371669
10000,280,True,-0.055818622467283155
10000,281,True,-0.06040215534444775
10000,282,True,-0.06434567781402134
10000,283,True,-0.04197211773520645
10000,284,True,-0.07245980794447629
10000,285,True,-0.07683448823335084
10000,286,True,-0.04965158480187794
10000,287,True,-0.06600982582985142
10000,288,True,-0.0523647818697327
10000,289,True,-0.06903087404368854
10000,290,True,-0.06039271638546971
10000,291,True,-0.06467008093141938
10000,292,True,-0.06209043007800354
10000,293,True,-0.0714569825954374
10000,294,True,-0.04855777793665406
10000,295,True,-0.07139393573971207
10000,296,True,-0.027002380260832477
10000,297,True,-0.05222493620961988
10000,298,True,-0.06646429459336622
10000,299,True,-0.036110180791707754
10000,300,True,-0.08102953905924135
10000,301,True,-0.05603540785793156
10000,302,True,-0.07420437497230187
10000,303,True,-0.029859157732202924
10000,304,True,-0.06660981654457124
10000,305,True,-0.06478155988853906
10000,306,True,-0.052060174101555404
10000,307,True,-0.06752098210765259
10000,308,True,-0.07143101505330808
10000,309,True,-0.05565048138704863
10000,310,True,-0.06544891488811977
10000,311,True,-0.04508823909590612
10000,312,True,-0.04624781813193913
10000,313,True,-0.05933585313868346
10000,314,True,-0.0562874704697092
10000,315,True,-0.0674899687880298
10000,316,True,-0.03522524562391649
10000,317,True,-0.06889790221512622
10000,318,True,-0.053822238274366996
10000,319,True,-0.05058060482429477
10000,320,True,-0.06124213060819324
10000,321,True,-0.05125262297211811
10000,322,True,-0.06447718182881948
10000,323,True,-0.04734736567319798
10000,324,True,-0.06807371590401179
10000,325,True,-0.06139347485642018
10000,326,True,-0.05400885756034074
10000,327,True,-0.07224884359557628
10000,328,True,-0.051128456337768455
10000,329,True,-0.042380638273124965
10000,330,True,-0.0488939450407639
10000,331,True,-0.07288366871233062
10000,332,True,-0.061218156691212146
10000,333,True,-0.04882823396028575
10000,334,True,-0.04423800332432285
10000,335,True,-0.06679354749852638
10000,336,True,-0.041866640247089054
10000,337,True,-0.057540326903860774
10000,338,True,-0.06725127774456603
10000,339,True,-0.026756803048705712
10000,340,True,-0.07984661951058472
10000,341,True,-0.07323794545111023
10000,342,True,-0.055133182979029735
10000,343,True,-0.07385376335003634
10000,344,True,-0.06721475960107723
10000,345,True,-0.05393342275218686
10000,346,True,-0.048906688894491825
10000,347,True,-0.063101615470083
10000,348,True,-0.0667462094068894
10000,349,True,-0.06937428546038985
10000,350,True,-0.07014532416591752
10000,351,True,-0.07987049048953664
10000,352,True,-0.0826504273652688
10000,353,True,-0.05186516746349064
10000,354,True,-0.05389362783028755
10000,355,True,-0.05649930236421369
10000,356,True,-0.062176249746285085
10000,357,True,-0.053613077700467394
10000,358,True,-0.0526253506425879
10000,359,True,-0.0805098805852562
10000,360,True,-0.05036410637541798
10000,361,True,-0.0638940961862676
10000,362,True,-0.04331863354660954
10000,363,True,-0.03326433862359441
10000,364,True,-0.06791839581042278
10000,365,True,-0.05101051452411539
10000,366,True,-0.057814389722476565
10000,367,True,-0.07612778450023447
10000,368,True,-0.053450272351118086
10000,369,True,-0.055534406298088854
10000,370,True,-0.03587134837230907
10000,371,True,-0.045547097605262106
10000,372,True,-0.06769209917625145
10000,373,True,-0.07130318739304414
10000,374,True,-0.07253423001982977
10000,375,True,-0.08152924461035657
10000,376,True,-0.05350925351675846
10000,377,True,-0.0683235665852952
10000,378,True,-0.05925678423240305
10000,379,True,-0.07952706849008852
10000,380,True,-0.054692821148024165
10000,381,True,-0.06039817032165322
10000,382,True,-0.09519319745057865
10000,383,True,-0.030817552533412944
10000,384,True,-0.05797361821530145
10000,385,True,-0.058198749286083776
10000,386,True,-0.055591937629049216
10000,387,True,-0.06588881611705825
10000,388,True,-0.0566294227497233
10000,389,True,-0.07936350924837965
10000,390,True,-0.06161995474035694
10000,391,True,-0.054089834593260375
10000,392,True,-0.05802908173413779
10000,393,True,-0.054994145924878855
10000,394,True,-0.06074109488284381
10000,395,True,-0.06581785469309431
10000,396,True,-0.03777529908506271
10000,397,True,-0.07564900373844577
10000,398,True,-0.07706169441192648
10000,399,True,-0.07787270674778762
10000,400,True,-0.06299539913103519
10000,401,True,-0.06618298242130984
10000,402,True,-0.08088716638185936
10000,403,True,-0.07030071514691275
10000,404,True,-0.07011871057364684
10000,405,True,-0.08015557535892821
10000,406,True,-0.055934175607511794
10000,407,True,-0.030012442372406224
10000,408,True,-0.07000119389212857
10000,409,True,-0.058083639059514136
10000,410,True,-0.05613776237952946
10000,411,True,-0.07306585602657725
10000,412,True,-0.06848079473897069
10000,413,True,-0.06904577262948161
10000,414,True,-0.04640153358088438
10000,415,True,-0.07360603417497986
10000,416,True,-0.05509030464543865
10000,417,True,-0.05471475809327973
10000,418,True,-0.06397972892819843
10000,419,True,-0.06342837647926144
10000,420,True,-0.0740058770815358
10000,421,True,-0.06746560927521408
10000,422,True,-0.0710776826536168
10000,423,True,-0.0785297393201376
10000,424,True,-0.05121942669854042
10000,425,True,-0.0649719399587889
10000,426,True,-0.05011800764377453
10000,427,True,-0.0526371948021343
10000,428,True,-0.07516998335458866
10000,429,True,-0.06477448486892326
10000,430,True,-0.06319832611767129
10000,431,True,-0.04928555508776003
10000,432,True,-0.07545843519941645
10000,433,True,-0.05979713416769512
10000,434,True,-0.08149738924119312
10000,435,True,-0.07911652102198523
10000,436,True,-0.05454545558241784
10000,437,True,-0.07304486078864154
10000,438,True,-0.05786579210965352
10000,439,True,-0.0407348852288968
10000,440,True,-0.06685519084381654
10000,441,True,-0.06787864737180262
10000,442,True,-0.06709297716965291
10000,443,True,-0.05221425216571531
10000,444,True,-0.04573732795344525
10000,445,True,-0.060763023988356
10000,446,True,-0.04359754007524993
10000,447,True,-0.08914585415336392
10000,448,True,-0.06462036761578359
10000,449,True,-0.0667637825022714
10000,450,True,-0.061812225548234734
10000,451,True,-0.06932460405032581
10000,452,True,-0.041416130096578616
10000,453,True,-0.041266541053324564
10000,454,True,-0.06722957130065375
10000,455,True,-0.045541250680385614
10000,456,True,-0.06655674849738501
10000,457,True,-0.06365150523879903
10000,458,True,-0.05057579462173269
10000,459,True,-0.06333678029982168
10000,460,True,-0.05082286199349441
10000,461,True,-0.04744090984278923
10000,462,True,-0.05357679805253081
10000,463,True,-0.07962366834245165
10000,464,True,-0.060164829394496
10000,465,True,-0.07307489391910385
10000,466,True,-0.08007770483613054
10000,467,True,-0.0835798317307663
10000,468,True,-0.07081711714329485
10000,469,True,-0.06538578423180481
10000,470,True,-0.042916821881617544
10000,471,True,-0.060326292739250595
10000,472,True,-0.0546765059297651
10000,473,True,-0.05585554636544798
10000,474,True,-0.04882779317428267
10000,475,True,-0.07254759557698631
10000,476,True,-0.08125128327198824
10000,477,True,-0.06878438184688046
10000,478,True,-0.04637665355303337
10000,479,True,-0.06707936079102939
10000,480,True,-0.05479419019460661
10000,481,True,-0.059690425771505594
10000,482,True,-0.043495692662676576
10000,483,True,-0.05726732114128963
10000,484,True,-0.050774731048336096
10000,485,True,-0.06803822583298065
10000,486,True,-0.0567707759856062
10000,487,True,-0.04196540342906299
10000,488,True,-0.06172459445687668
10000,489,True,-0.06274826442637113
10000,490,True,-0.06968267369019651
10000,491,True,-0.07085146389426426
10000,492,True,-0.03654941409261525
10000,493,True,-0.049573340341425895
10000,494,True,-0.056980600996441554
10000,495,True,-0.07203666183597594
10000,496,True,-0.0668988303132387
10000,497,True,-0.020655489444567306
10000,498,True,-0.03742800715742914
10000,499,True,-0.05828697993952371
10000,500,True,-0.032497442764855916
10000,501,True,-0.03567374772099994
10000,502,True,-0.05737504843327573
10000,503,True,-0.06113422910201134
10000,504,True,-0.08007562355891429
10000,505,True,-0.07014666314152453
10000,506,True,-0.0328107593293003
10000,507,True,-0.04885301837963574
10000,508,True,-0.06055214156353278
10000,509,True,-0.07458308707880115
10000,510,True,-0.04213111838213425
10000,511,True,-0.05349170767280983
10000,512,True,-0.06472142887902803
10000,513,True,-0.0549820350831416
10000,514,True,-0.08037124730939794
10000,515,True,-0.05391325639820467
10000,516,True,-0.05292643501717621
10000,517,True,-0.08568283713969511
10000,518,True,-0.08449995532991625
10000,519,True,-0.06414034654588938
10000,520,True,-0.06401830352254272
10000,521,True,-0.08221712702541348
10000,522,True,-0.050730428447728036
10000,523,True,-0.04718016224497245
10000,524,True,-0.06591842519511473
10000,525,True,-0.05091610949674809
10000,526,True,-0.06418085067341586
10000,527,True,-0.08034841323538293
10000,528,True,-0.06056427771891718
10000,529,True,-0.06026291474106733
10000,530,True,-0.06844066282103942
10000,531,True,-0.05497944482513288
10000,532,True,-0.06653691341054649
10000,533,True,-0.049903349462553426
10000,534,True,-0.07024864114156873
10000,535,True,-0.06224766740647915
10000,536,True,-0.06790314263672849
10000,537,True,-0.05266497103780608
10000,538,True,-0.05982186243724793
10000,539,True,-0.053315149049250755
10000,540,True,-0.06511586795213883
10000,541,True,-0.06572908439305088
10000,542,True,-0.08673085960099705
10000,543,True,-0.04027013813586884
10000,544,True,-0.07266991351939564
10000,545,True,-0.06353477865415191
10000,546,True,-0.06628349432360561
10000,547,True,-0.039546045250955855
10000,548,True,-0.07935113598579198
10000,549,True,-0.05406108407884295
10000,550,True,-0.07177087219226211
10000,551,True,-0.06389860407360248
10000,552,True,-0.0654304583288015
10000,553,True,-0.06359750546754572
10000,554,True,-0.06329311112033573
10000,555,True,-0.08418728948555448
10000,556,True,-0.02241160983980671
10000,557,True,-0.060399555943809004
10000,558,True,-0.06122759220005147
10000,559,True,-0.050950867378476504
10000,560,True,-0.050770622925526546
10000,561,True,-0.050111118688398945
10000,562,True,-0.0691114602579349
10000,563,True,-0.10282351219667393
10000,564,True,-0.06813075938352658
10000,565,True,-0.044066910971515834
10000,566,True,-0.05653686004889522
10000,567,True,-0.04734927400534057
10000,568,True,-0.05795362454258318
10000,569,True,-0.048901322835552374
10000,570,True,-0.06146807735355949
10000,571,True,-0.05495466983076449
10000,572,True,-0.07339585787137724
10000,573,True,-0.07036127310352487
10000,574,True,-0.07566944091107239
10000,575,True,-0.07063388179719092
10000,576,True,-0.06742766323970609
10000,577,True,-0.07018780773694634
10000,578,True,-0.043412437453557946
10000,579,True,-0.05942451982359105
10000,580,True,-0.06678333472113732
10000,581,True,-0.06735709342915329
10000,582,True,-0.07967068482013187
10000,583,True,-0.05524258125851855
10000,584,True,-0.05757803418456424
10000,585,True,-0.0784010571494285
10000,586,True,-0.07973988540763532
10000,587,True,-0.05861921932091742
10000,588,True,-0.06163660035352936
10000,589,True,-0.05810673442165496
10000,590,True,-0.06683535657923692
10000,591,True,-0.048585484358813255
10000,592,True,-0.05233401944578103
10000,593,True,-0.08105556044668036
10000,594,True,-0.050072843461484974
10000,595,True,-0.08438644109795543
10000,596,True,-0.03772065491865852
10000,597,True,-0.06853242728982524
10000,598,True,-0.0631656387606199
10000,599,True,-0.04389777044381173
10000,600,True,-0.05412859323273028
10000,601,True,-0.07871816708152736
10000,602,True,-0.06334057747277617
10000,603,True,-0.06974700497473182
10000,604,True,-0.0434572321855876
10000,605,True,-0.08079864006777929
10000,606,True,-0.05422105327325253
10000,607,True,-0.06053208491751964
10000,608,True,-0.05307611993233876
10000,609,True,-0.08270792992537965
10000,610,True,-0.06318730420095839
10000,611,True,-0.07065662290788437
10000,612,True,-0.06036276173132386
10000,613,True,-0.0756441866092106
10000,614,True,-0.06013301595577626
10000,615,True,-0.05872500558114049
10000,616,True,-0.051969585637422266
10000,617,True,-0.05499242050701274
10000,618,True,-0.070898526826036
10000,619,True,-0.029957512867571638
10000,620,True,-0.06814829303408235
10000,621,True,-0.06341882683105353
10000,622,True,-0.05164499374441972
10000,623,True,-0.05919563481358696
10000,624,True,-0.047453012933812364
10000,625,True,-0.05200373350505527
10000,626,True,-0.0492537220660956
10000,627,True,-0.0571286598772104
10000,628,True,-0.07723250735065404
10000,629,True,-0.05239589987280861
10000,630,True,-0.0595989592232833
10000,631,True,-0.058390197301988335
10000,632,True,-0.06274913062053841
10000,633,True,-0.06221119817103662
10000,634,True,-0.03330590228254843
10000,635,True,-0.05593590476492816
10000,636,True,-0.05035142177013313
10000,637,True,-0.07402182729514759
10000,638,True,-0.08437987753789288
10000,639,True,-0.07152193172470848
10000,640,True,-0.053416077204561166
10000,641,True,-0.07478666379559576
10000,642,True,-0.0452166803792907
10000,643,True,-0.06495137560901958
10000,644,True,-0.04897376167552776
10000,645,True,-0.06250048679006304
10000,646,True,-0.08454844066598123
10000,647,True,-0.06131102411708511
10000,648,True,-0.06562048257522683
10000,649,True,-0.044155727686760175
10000,650,True,-0.06530748308052405
10000,651,True,-0.07005423340790842
10000,652,True,-0.050556986553619246
10000,653,True,-0.06764904814699899
10000,654,True,-0.05526388077071139
10000,655,True,-0.06990430502055525
10000,656,True,-0.04301875044213366
10000,657,True,-0.06396238938303776
10000,658,True,-0.06144688078979188
10000,659,True,-0.06665723261656152
10000,660,True,-0.060696848899461676
10000,661,True,-0.07673577736725924
10000,662,True,-0.07151072422426484
10000,663,True,-0.06821861957318136
10000,664,True,-0.09260048769784904
10000,665,True,-0.08289096850067193
10000,666,True,-0.06998667133913623
10000,667,True,-0.07290854806238209
10000,668,True,-0.06397578113454411
10000,669,True,-0.07058120907180807
10000,670,True,-0.057149783733493206
10000,671,True,-0.06929402537531794
10000,672,True,-0.07480429377202064
10000,673,True,-0.0502028132873374
10000,674,True,-0.0615183270437208
10000,675,True,-0.05343277360342145
10000,676,True,-0.0472096824028584
10000,677,True,-0.06582962168534331
10000,678,True,-0.045986088500318587
10000,679,True,-0.07367224776805045
10000,680,True,-0.07649750733305058
10000,681,True,-0.05885355529772325
10000,682,True,-0.07020675274628521
10000,683,True,-0.04622453997893085
10000,684,True,-0.07037722320412496
10000,685,True,-0.04332225062659038
10000,686,True,-0.06837229609416032
10000,687,True,-0.06763563175062039
10000,688,True,-0.057696186301249654
10000,689,True,-0.06416123268346692
10000,690,True,-0.037099472357062915
10000,691,True,-0.0855140039559022
10000,692,True,-0.05426948669210356
10000,693,True,-0.0493774025023941
10000,694,True,-0.062088466579539925
10000,695,True,-0.04805105914761878
10000,696,True,-0.05257262368005815
10000,697,True,-0.05267801353847936
10000,698,True,-0.0787677128252858
10000,699,True,-0.0622493101155253
10000,700,True,-0.048289633252563975
10000,701,True,-0.06872834964094697
10000,702,True,-0.03476153864288472
10000,703,True,-0.053253107244452334
10000,704,True,-0.04733628555205745
10000,705,True,-0.047297277420752376
10000,706,True,-0.07529305161643454
10000,707,True,-0.05743725998946053
10000,708,True,-0.06652774835594581
10000,709,True,-0.06429130757069254
10000,710,True,-0.05832079713325365
10000,711,True,-0.0524816035716678
10000,712,True,-0.06276604538670678
10000,713,True,-0.05302105315881754
10000,714,True,-0.02303409094224316
10000,715,True,-0.04463830781917453
10000,716,True,-0.06591404263814148
10000,717,True,-0.06270844502637377
10000,718,True,-0.058360166713578535
10000,719,True,-0.055019772530333654
10000,720,True,-0.05622389407524829
10000,721,True,-0.043867390656047285
10000,722,True,-0.06385867608192464
10000,723,True,-0.08794013925901198
10000,724,True,-0.07337931603173335
10000,725,True,-0.08527261691733658
10000,726,True,-0.06204755871756064
10000,727,True,-0.0698311007120224
10000,728,True,-0.06868422649112382
10000,729,True,-0.06855868164844167
10000,730,True,-0.05181620477817863
10000,731,True,-0.0684806022871536
10000,732,True,-0.06347105668475679
10000,733,True,-0.07064428467558836
10000,734,True,-0.07872045413648397
10000,735,True,-0.024406281466738663
10000,736,True,-0.08196988611163906
10000,737,True,-0.08316506882525884
10000,738,True,-0.05542303804247293
10000,739,True,-0.06967704258754912
10000,740,True,-0.06880287033359749
10000,741,True,-0.058486009011776696
10000,742,True,-0.031627064638201294
10000,743,True,-0.031132631277994094
10000,744,True,-0.02630823678717275
10000,745,True,-0.053804938299701476
10000,746,True,-0.06665038860466346
10000,747,True,-0.04411074634432362
10000,748,True,-0.0987579904814217
10000,749,True,-0.04307990075143942
10000,750,True,-0.04559548305499045
10000,751,True,-0.04631368649443788
10000,752,True,-0.03625363136167683
10000,753,True,-0.06783445029987324
10000,754,True,-0.05086076558360921
10000,755,True,-0.051504156372093456
10000,756,True,-0.06438164398129291
10000,757,True,-0.05155574458725607
10000,758,True,-0.07212509049880016
10000,759,True,-0.04304463701937047
10000,760,True,-0.06270726659140734
10000,761,True,-0.05036344119380174
10000,762,True,-0.07212090513481229
10000,763,True,-0.0557772013395146
10000,764,True,-0.07652489538157335
10000,765,True,-0.061515145500483884
10000,766,True,-0.029919196517827186
10000,767,True,-0.050768053145261116
10000,768,True,-0.052266604069620325
10000,769,True,-0.06659217013437417
10000,770,True,-0.06210061405408376
10000,771,True,-0.08742039688840893
10000,772,True,-0.07018159071497095
10000,773,True,-0.05910399419057705
10000,774,True,-0.06667393956689341
10000,775,True,-0.06190067780370723
10000,776,True,-0.06798176348012812
10000,777,True,-0.05945375274355695
10000,778,True,-0.07281425191736023
10000,779,True,-0.06381938582944499
10000,780,True,-0.07522014489081297
10000,781,True,-0.06340617813991498
10000,782,True,-0.04504284454699882
10000,783,True,-0.07751659598128005
10000,784,True,-0.060691886688430466
10000,785,True,-0.06208028259359912
10000,786,True,-0.06010734010242835
10000,787,True,-0.10510837159070215
10000,788,True,-0.03620479821104503
10000,789,True,-0.06548826675890154
10000,790,True,-0.08431851018327684
10000,791,True,-0.05467403303548918
10000,792,True,-0.08848383876546154
10000,793,True,-0.06758423873729327
10000,794,True,-0.07597280470188042
10000,795,True,-0.04346007521510603
10000,796,True,-0.07320564593531756
10000,797,True,-0.06717020085835823
10000,798,True,-0.06773199683000353
10000,799,True,-0.05883665484239538
10000,800,True,-0.08492269092998987
10000,801,True,-0.07322930608758367
10000,802,True,-0.0393299326418921
10000,803,True,-0.06562467011413801
10000,804,True,-0.05307206050667011
10000,805,True,-0.05597755497805714
10000,806,True,-0.05785101958293419
10000,807,True,-0.060588363374829514
10000,808,True,-0.05229215170791355
10000,809,True,-0.037445311108876785
10000,810,True,-0.06451110233749709
10000,811,True,-0.060402454610199593
10000,812,True,-0.06944320012821983
10000,813,True,-0.06227959604547582
10000,814,True,-0.06580569098514157
10000,815,True,-0.06378111241262216
10000,816,True,-0.060015825571949545
10000,817,True,-0.05289371832161997
10000,818,True,-0.06296516658588902
10000,819,True,-0.058687384616619855
10000,820,True,-0.06300371631871585
10000,821,True,-0.05041201541986031
10000,822,True,-0.06016048508859643
10000,823,True,-0.0476109607178955
10000,824,True,-0.04054511603280062
10000,825,True,-0.056032689896975
10000,826,True,-0.05953418257340637
10000,827,True,-0.0436549206191998
10000,828,True,-0.061280986822576974
10000,829,True,-0.0584169682853176
10000,830,True,-0.05813195156752778
10000,831,True,-0.06537018824661156
10000,832,True,-0.06550985658352679
10000,833,True,-0.06329350558235469
10000,834,True,-0.07249672549809623
10000,835,True,-0.05937909362140696
10000,836,True,-0.05060878050630022
10000,837,True,-0.08509996259948265
10000,838,True,-0.06911158542683934
10000,839,True,-0.04055421872074694
10000,840,True,-0.0678787434983966
10000,841,True,-0.074285152719942
10000,842,True,-0.0562823483569147
10000,843,True,-0.06357879025630887
10000,844,True,-0.04969597447421821
10000,845,True,-0.06386793833232851
10000,846,True,-0.06467757128760451
10000,847,True,-0.0704833874986961
10000,848,True,-0.07289232340965843
10000,849,True,-0.053124655412770706
10000,850,True,-0.06267721238741224
10000,851,True,-0.06278137261747141
10000,852,True,-0.06972020059425173
10000,853,True,-0.05855055308640348
10000,854,True,-0.07436435102336077
10000,855,True,-0.07602818667619955
10000,856,True,-0.029958116255525764
10000,857,True,-0.07134819549022406
10000,858,True,-0.060371159276120724
10000,859,True,-0.06497301539349123
10000,860,True,-0.0781921882706981
10000,861,True,-0.05939072151045044
10000,862,True,-0.08277988921703958
10000,863,True,-0.05447101688225024
10000,864,True,-0.060109632483094845
10000,865,True,-0.039051125720462695
10000,866,True,-0.05935231174086497
10000,867,True,-0.04666927094005928
10000,868,True,-0.0654623683326746
10000,869,True,-0.07570569174985678
10000,870,True,-0.05507723707383032
10000,871,True,-0.0660926347007572
10000,872,True,-0.07535925713771659
10000,873,True,-0.08060297106257977
10000,874,True,-0.0754558876130316
10000,875,True,-0.06953972367352902
10000,876,True,-0.0524766231925758
10000,877,True,-0.057321694152643377
10000,878,True,-0.06943630477115323
10000,879,True,-0.07042282620695013
10000,880,True,-0.04083227770218422
10000,881,True,-0.053099576368398016
10000,882,True,-0.0727581484611585
10000,883,True,-0.05788653841933986
10000,884,True,-0.07662167427144063
10000,885,True,-0.0520106525196967
10000,886,True,-0.07943747986017552
10000,887,True,-0.06388122593740117
10000,888,True,-0.046641224822460414
10000,889,True,-0.02950080369167591
10000,890,True,-0.03336557484666938
10000,891,True,-0.0599524705682124
10000,892,True,-0.058326094072359336
10000,893,True,-0.07046265194804215
10000,894,True,-0.06371068218179862
10000,895,True,-0.062413631222422716
10000,896,True,-0.06214346487526286
10000,897,True,-0.07306576653006416
10000,898,True,-0.0647130828753385
10000,899,True,-0.06644021398900503
10000,900,True,-0.062230028616144885
10000,901,True,-0.06001687053643965
10000,902,True,-0.06206620759116046
10000,903,True,-0.04973539394671435
10000,904,True,-0.06785743702918509
10000,905,True,-0.05845757622557979
10000,906,True,-0.06460267971699277
10000,907,True,-0.083693216931056
10000,908,True,-0.04771237904749851
10000,909,True,-0.09497912763174773
10000,910,True,-0.06891595748088378
10000,911,True,-0.0684183700211281
10000,912,True,-0.060527287404576725
10000,913,True,-0.057890054950617297
10000,914,True,-0.06719931133000202
10000,915,True,-0.05772201932078771
10000,916,True,-0.051937040982434034
10000,917,True,-0.07453092247390658
10000,918,True,-0.048510720574027826
10000,919,True,-0.0449811178089145
10000,920,True,-0.06937378754492818
10000,921,True,-0.0743135244520371
10000,922,True,-0.06073676515325956
10000,923,True,-0.05422827834386299
10000,924,True,-0.07013767504160426
10000,925,True,-0.07937805883836549
10000,926,True,-0.06305146537805202
10000,927,True,-0.04634804147019049
10000,928,True,-0.06931988214385375
10000,929,True,-0.04873624151466009
10000,930,True,-0.07335176441546798
10000,931,True,-0.06072201283844213
10000,932,True,-0.07634830510946759
10000,933,True,-0.05207873777653047
10000,934,True,-0.04940090088828499
10000,935,True,-0.06415429269609055
10000,936,True,-0.056086216201898645
10000,937,True,-0.06522885491804713
10000,938,True,-0.05424183299745137
10000,939,True,-0.04714071298115915
10000,940,True,-0.0705144926614423
10000,941,True,-0.061992874549420283
10000,942,True,-0.07254741164123765
10000,943,True,-0.05984121488411338
10000,944,True,-0.05406317110712727
10000,945,True,-0.05369524115975608
10000,946,True,-0.05643533272077579
10000,947,True,-0.05799005493419923
10000,948,True,-0.05266450341645904
10000,949,True,-0.07493532685903923
10000,950,True,-0.07870336587681971
10000,951,True,-0.058633553647301516
10000,952,True,-0.06549778353876898
10000,953,True,-0.045785964439085135
10000,954,True,-0.047721491301823196
10000,955,True,-0.08987724480613213
10000,956,True,-0.06465257382439397
10000,957,True,-0.06269870099480376
10000,958,True,-0.05598068538991012
10000,959,True,-0.048158585464035356
10000,960,True,-0.05626504847573727
10000,961,True,-0.06315897934779446
10000,962,True,-0.053456240705914496
10000,963,True,-0.06889146391568268
10000,964,True,-0.054071012364830716
10000,965,True,-0.07322103378135879
10000,966,True,-0.04948827006817213
10000,967,True,-0.06948407713505689
10000,968,True,-0.06281046654269798
10000,969,True,-0.053110662755732965
10000,970,True,-0.07354383792015763
10000,971,True,-0.0752318053458235
10000,972,True,-0.06314662621904256
10000,973,True,-0.05518306832450294
10000,974,True,-0.08051373843664297
10000,975,True,-0.06563529494812961
10000,976,True,-0.045777356518809896
10000,977,True,-0.05708387714943706
10000,978,True,-0.05294866125016433
10000,979,True,-0.049310759539226964
10000,980,True,-0.04136464348861043
10000,981,True,-0.06676939183807708
10000,982,True,-0.06521797009050978
10000,983,True,-0.062097158170725274
10000,984,True,-0.03963202033936362
10000,985,True,-0.0705864251908346
10000,986,True,-0.0851544980619489
10000,987,True,-0.04911032889785143
10000,988,True,-0.0374440689396688
10000,989,True,-0.0455641851937862
10000,990,True,-0.05117125684083921
10000,991,True,-0.07690766212977666
10000,992,True,-0.07127295547953183
10000,993,True,-0.06683028665069062
10000,994,True,-0.06714302126165693
10000,995,True,-0.073640383890302
10000,996,True,-0.05181279476705145
10000,997,True,-0.0626231231690817
10000,998,True,-0.06238988346453868
10000,999,True,-0.055942592923871895
10000,1000,True,-0.06275042214804719
10000,1001,True,-0.062414042244963386
10000,1002,True,-0.060963545456203305
10000,1003,True,-0.05977496409565487
10000,1004,True,-0.06520410616007842
10000,1005,True,-0.055161016747037495
10000,1006,True,-0.055240800131559964
10000,1007,True,-0.07233914353799199
10000,1008,True,-0.06280932492126848
10000,1009,True,-0.051298323574895645
10000,1010,True,-0.06061539649128482
10000,1011,True,-0.061147594579258724
10000,1012,True,-0.06427946407123486
10000,1013,True,-0.07949121530582581
10000,1014,True,-0.06968722501032995
10000,1015,True,-0.06909244430551505
10000,1016,True,-0.05884316929291763
10000,1017,True,-0.0656028693056732
10000,1018,True,-0.06233767430546574
10000,1019,True,-0.05149374018231997
10000,1020,True,-0.0688486718944103
10000,1021,True,-0.046599555157721816
10000,1022,True,-0.05786810740165891
10000,1023,True,-0.06032432615574866
10000,1024,True,-0.08075710297396223
10000,1025,True,-0.06999213676414887
10000,1026,True,-0.040498758685252885
10000,1027,True,-0.0327129891413483
10000,1028,True,-0.05351062870409736
10000,1029,True,-0.07551155388632139
10000,1030,True,-0.05778275054589839
10000,1031,True,-0.06474761075030515
10000,1032,True,-0.07153855272523758
10000,1033,True,-0.06529476412013291
10000,1034,True,-0.07683857246754452
10000,1035,True,-0.07073160569821861
10000,1036,True,-0.06580047109448266
10000,1037,True,-0.061965449770245276
10000,1038,True,-0.06392232928263426
10000,1039,True,-0.07906951657993302
10000,1040,True,-0.07711782060190553
10000,1041,True,-0.04257363261447716
10000,1042,True,-0.07654502080499169
10000,1043,True,-0.04542045179864656
10000,1044,True,-0.06224865096315844
10000,1045,True,-0.08337477862996871
10000,1046,True,-0.06529562256924533
10000,1047,True,-0.047943476150918124
10000,1048,True,-0.07550049919863644
10000,1049,True,-0.05891511561447851
10000,1050,True,-0.05755325423528671
10000,1051,True,-0.05095597010098194
10000,1052,True,-0.04773838105462968
10000,1053,True,-0.04819277517969992
10000,1054,True,-0.045563503929316906
10000,1055,True,-0.06134597490198325
10000,1056,True,-0.08253870097921981
10000,1057,True,-0.05677449087460272
10000,1058,True,-0.05927207062942709
10000,1059,True,-0.06925745958855822
10000,1060,True,-0.059186476545042874
10000,1061,True,-0.03693960038739812
10000,1062,True,-0.062125122778293254
10000,1063,True,-0.06146658509968554
10000,1064,True,-0.06494381949193533
10000,1065,True,-0.03923515658671059
10000,1066,True,-0.06137805076886636
10000,1067,True,-0.0723162834805898
10000,1068,True,-0.05479663146128392
10000,1069,True,-0.07900539292290443
10000,1070,True,-0.07439016811473714
10000,1071,True,-0.06845482880291205
10000,1072,True,-0.050766027586741105
10000,1073,True,-0.05871907834437603
10000,1074,True,-0.09160792988865248
10000,1075,True,-0.03885555824006037
10000,1076,True,-0.06637345118866118
10000,1077,True,-0.0580035768071235
10000,1078,True,-0.09948756107580994
10000,1079,True,-0.06182031756788044
10000,1080,True,-0.06628432995286326
10000,1081,True,-0.06461523500424117
10000,1082,True,-0.07827954789131672
10000,1083,True,-0.05595238958161926
10000,1084,True,-0.05821326072740126
10000,1085,True,-0.06781515539396114
10000,1086,True,-0.07009655859433747
10000,1087,True,-0.0625163035554928
10000,1088,True,-0.0664776204439414
10000,1089,True,-0.0743858865049388
10000,1090,True,-0.0660147544844635
10000,1091,True,-0.06822858500538737
10000,1092,True,-0.07184697360839533
10000,1093,True,-0.07769350330355662
10000,1094,True,-0.0777241109955692
10000,1095,True,-0.04976910715845777
10000,1096,True,-0.07320545271493005
10000,1097,True,-0.07682155739640785
10000,1098,True,-0.07208047067736523
10000,1099,True,-0.03836933404352061
10000,1100,True,-0.06469865461271998
10000,1101,True,-0.06167737224715801
10000,1102,True,-0.053552142122947045
10000,1103,True,-0.05654284241146788
10000,1104,True,-0.046233286644355505
10000,1105,True,-0.07364751367523606
10000,1106,True,-0.04870637527869753
10000,1107,True,-0.07380386871201225
10000,1108,True,-0.08088396785916578
10000,1109,True,-0.08411645766849887
10000,1110,True,-0.053133091181258904
10000,1111,True,-0.05760799051981772
10000,1112,True,-0.061419835622500196
10000,1113,True,-0.06216588323778337
10000,1114,True,-0.0652055722208963
10000,1115,True,-0.0501415638025241
10000,1116,True,-0.06080110321904807
10000,1117,True,-0.059047163576444885
10000,1118,True,-0.04925287515164884
10000,1119,True,-0.08139511753379766
10000,1120,True,-0.05353602710196391
10000,1121,True,-0.05058306689938881
10000,1122,True,-0.050004168142502955
10000,1123,True,-0.04895952274076711
10000,1124,True,-0.08694893487029778
10000,1125,True,-0.07029057755875316
10000,1126,True,-0.07271248823833809
10000,1127,True,-0.06596663040837548
10000,1128,True,-0.054547793256866206
10000,1129,True,-0.0807955321511575
10000,1130,True,-0.06724700558727022
10000,1131,True,-0.0560594141656214
10000,1132,True,-0.03992230269563725
10000,1133,True,-0.06975233829980385
10000,1134,True,-0.06888446108408383
10000,1135,True,-0.06352632907484786
10000,1136,True,-0.05963141548453105
10000,1137,True,-0.034658866827688595
10000,1138,True,-0.04604913290959138
10000,1139,True,-0.08117254128644609
10000,1140,True,-0.06135733564661118
10000,1141,True,-0.06660726008335868
10000,1142,True,-0.056834102172745773
10000,1143,True,-0.06716958352556354
10000,1144,True,-0.06821149299349252
10000,1145,True,-0.05790753834499557
10000,1146,True,-0.036879719790504056
10000,1147,True,-0.060579088623976804
10000,1148,True,-0.054512518838733495
10000,1149,True,-0.06191855279485975
10000,1150,True,-0.07298024693779634
10000,1151,True,-0.07166578089026868
10000,1152,True,-0.07110262097641705
10000,1153,True,-0.07941119706364795
10000,1154,True,-0.04560746533441835
10000,1155,True,-0.05882284860396201
10000,1156,True,-0.06323971642953981
10000,1157,True,-0.06088191833648815
10000,1158,True,-0.059742287591523245
10000,1159,True,-0.04860003649581461
10000,1160,True,-0.060009752100430594
10000,1161,True,-0.06229351071653526
10000,1162,True,-0.052541819132176926
10000,1163,True,-0.07368124970641708
10000,1164,True,-0.0677164178486647
10000,1165,True,-0.06689304972462631
10000,1166,True,-0.07616246164062837
10000,1167,True,-0.06342340988507471
10000,1168,True,-0.05488827303851619
10000,1169,True,-0.06955926249378538
10000,1170,True,-0.051857614373707284
10000,1171,True,-0.06820354083135054
10000,1172,True,-0.06602327958429721
10000,1173,True,-0.08269365691266475
10000,1174,True,-0.0642019972728339
10000,1175,True,-0.06238901276589698
10000,1176,True,-0.06524991116641946
10000,1177,True,-0.04872570833480424
10000,1178,True,-0.0772163370666673
10000,1179,True,-0.05798910486323949
10000,1180,True,-0.05816285312713745
10000,1181,True,-0.05248806493743927
10000,1182,True,-0.05647429340405981
10000,1183,True,-0.04683636583082774
10000,1184,True,-0.066331869063147
10000,1185,True,-0.05301632681158271
10000,1186,True,-0.03758045460834588
10000,1187,True,-0.057825923197032766
10000,1188,True,-0.06198240425124667
10000,1189,True,-0.05710247354595364
10000,1190,True,-0.03557573219787445
10000,1191,True,-0.08470872544098888
10000,1192,True,-0.053169578022423544
10000,1193,True,-0.0498597394484347
10000,1194,True,-0.08389739344437072
10000,1195,True,-0.051513149236458
10000,1196,True,-0.08201376222229559
10000,1197,True,-0.059347478075496764
10000,1198,True,-0.052159671688955446
10000,1199,True,-0.048049114811048746
10000,1200,True,-0.05088956120734939
10000,1201,True,-0.05131164959874075
10000,1202,True,-0.05905929417012695
10000,1203,True,-0.04481551652050671
10000,1204,True,-0.06633872057626045
10000,1205,True,-0.04752728649770003
10000,1206,True,-0.0880350908465909
10000,1207,True,-0.038045529693187696
10000,1208,True,-0.062314107577183905
10000,1209,True,-0.06259518997913263
10000,1210,True,-0.05865621166518734
10000,1211,True,-0.06967557310538372
10000,1212,True,-0.0616791767270508
10000,1213,True,-0.06462214128851837
10000,1214,True,-0.05123152112664096
10000,1215,True,-0.07766934671947663
10000,1216,True,-0.04586752199965634
10000,1217,True,-0.0620311242845492
10000,1218,True,-0.058244813780340673
10000,1219,True,-0.03736033935661552
10000,1220,True,-0.06435039141684049
10000,1221,True,-0.06633837655830122
10000,1222,True,-0.04588986485379082
10000,1223,True,-0.0929924810791165
10000,1224,True,-0.07076111523922118
10000,1225,True,-0.07714724334915214
10000,1226,True,-0.045886225570799764
10000,1227,True,-0.0529859633728305
10000,1228,True,-0.039870541079113184
10000,1229,True,-0.054134099335746075
10000,1230,True,-0.07419946645136793
10000,1231,True,-0.06651259719589266
10000,1232,True,-0.05329711731764122
10000,1233,True,-0.05697292968409563
10000,1234,True,-0.04139164158926983
10000,1235,True,-0.047382981420531295
10000,1236,True,-0.044098176468446396
10000,1237,True,-0.06154575048321764
10000,1238,True,-0.058401459541919
10000,1239,True,-0.061807203509287666
10000,1240,True,-0.06383227914125875
10000,1241,True,-0.06796210058345087
10000,1242,True,-0.060229935996097515
10000,1243,True,-0.05995744207701491
10000,1244,True,-0.056654790289711286
10000,1245,True,-0.05379461819088934
10000,1246,True,-0.061161987198302736
10000,1247,True,-0.07693719095083808
10000,1248,True,-0.06671565299880329
10000,1249,True,-0.06640349693389605
10000,1250,True,-0.06988743314159251
10000,1251,True,-0.0590404820303023
10000,1252,True,-0.05492065476681557
10000,1253,True,-0.05755561468229017
10000,1254,True,-0.05135978810118853
10000,1255,True,-0.06216056225353557
10000,1256,True,-0.08895596432248336
10000,1257,True,-0.055298234363744404
10000,1258,True,-0.07922070712271576
10000,1259,True,-0.0344532214393273
10000,1260,True,-0.05060057456531499
10000,1261,True,-0.06358765409388459
10000,1262,True,-0.05648116701976168
10000,1263,True,-0.044746620273100515
10000,1264,True,-0.06327153015659977
10000,1265,True,-0.06385928389393651
10000,1266,True,-0.07194789615305863
10000,1267,True,-0.05481371633542
10000,1268,True,-0.06319847148396066
10000,1269,True,-0.05174866644585717
10000,1270,True,-0.06217165205951971
10000,1271,True,-0.04352605839021562
10000,1272,True,-0.0724294061749303
10000,1273,True,-0.06361079844503809
10000,1274,True,-0.05523689421582154
10000,1275,True,-0.045954138146704605
10000,1276,True,-0.06056808562630807
10000,1277,True,-0.07126823242247667
10000,1278,True,-0.06671859858168397
10000,1279,True,-0.046418850098597385
10000,1280,True,-0.06024825852037099
10000,1281,True,-0.04989474766371783
10000,1282,True,-0.05635380138667889
10000,1283,True,-0.03852196359112198
10000,1284,True,-0.05256404452227413
10000,1285,True,-0.05164908308253531
10000,1286,True,-0.07129839990360817
10000,1287,True,-0.053356070578163585
10000,1288,True,-0.039889166765420765
10000,1289,True,-0.07296634632210881
10000,1290,True,-0.07711964905661375
10000,1291,True,-0.05678414612683051
10000,1292,True,-0.08302760291217094
10000,1293,True,-0.08601250132274349
10000,1294,True,-0.0705182343875688
10000,1295,True,-0.05798749779401217
10000,1296,True,-0.07958439242404354
10000,1297,True,-0.06772167716948557
10000,1298,True,-0.06792795477050086
10000,1299,True,-0.06547221561385339
10000,1300,True,-0.05601413099622539
10000,1301,True,-0.06782997305120901
10000,1302,True,-0.056521708385922645
10000,1303,True,-0.04517782614177147
10000,1304,True,-0.06532281190924358
10000,1305,True,-0.06348426029885793
10000,1306,True,-0.05719377960381622
10000,1307,True,-0.06574559777331343
10000,1308,True,-0.05682082829213451
10000,1309,True,-0.05726599761032904
10000,1310,True,-0.027681262628442345
10000,1311,True,-0.058718456273555
10000,1312,True,-0.0717862001246159
10000,1313,True,-0.03949456918413222
10000,1314,True,-0.06092923667155916
10000,1315,True,-0.05974146414567094
10000,1316,True,-0.06864235399593599
10000,1317,True,-0.07982130413512885
10000,1318,True,-0.09022826777691918
10000,1319,True,-0.0669155524277405
10000,1320,True,-0.07043160478147432
10000,1321,True,-0.053103860525253496
10000,1322,True,-0.07097510767839596
10000,1323,True,-0.04386727298364384
10000,1324,True,-0.06768913462466969
10000,1325,True,-0.08557765360603385
10000,1326,True,-0.05876566860113732
10000,1327,True,-0.05065162315558327
10000,1328,True,-0.046015262802169936
10000,1329,True,-0.05264656351296222
10000,1330,True,-0.06361021222118467
10000,1331,True,-0.07946106505833625
10000,1332,True,-0.06254273960595014
10000,1333,True,-0.08644554145305738
10000,1334,True,-0.04908137346992596
10000,1335,True,-0.06526199812189734
10000,1336,True,-0.05099115827009285
10000,1337,True,-0.0703444001399363
10000,1338,True,-0.07624622608689655
10000,1339,True,-0.05260335446056539
10000,1340,True,-0.05777170580573748
10000,1341,True,-0.06024566970674548
10000,1342,True,-0.0662906469769865
10000,1343,True,-0.05416750589194345
10000,1344,True,-0.06925278399645188
10000,1345,True,-0.08794840915289703
10000,1346,True,-0.04461406687915106
10000,1347,True,-0.06146682713770445
10000,1348,True,-0.04613793575661411
10000,1349,True,-0.07379475075119175
10000,1350,True,-0.06630265685937357
10000,1351,True,-0.08082880311524523
10000,1352,True,-0.05193961268994497
10000,1353,True,-0.06013616018569277
10000,1354,True,-0.06411044531362803
10000,1355,True,-0.06424315993307937
10000,1356,True,-0.06518560205248812
10000,1357,True,-0.07835948309957146
10000,1358,True,-0.06846484445867165
10000,1359,True,-0.050572868118313165
10000,1360,True,-0.06426749081125557
10000,1361,True,-0.050739802839160485
10000,1362,True,-0.03911950086197878
10000,1363,True,-0.039363465416814514
10000,1364,True,-0.06093380136350836
10000,1365,True,-0.04056759510945278
10000,1366,True,-0.06389982689102895
10000,1367,True,-0.04863629597612484
10000,1368,True,-0.056669842486172996
10000,1369,True,-0.050739509551221605
10000,1370,True,-0.06822750997688141
10000,1371,True,-0.06945813963529755
10000,1372,True,-0.08258678979648748
10000,1373,True,-0.05852608030588078
10000,1374,True,-0.029974708145054492
10000,1375,True,-0.06330417555629486
10000,1376,True,-0.052440250904590355
10000,1377,True,-0.06832225628249025
10000,1378,True,-0.055112721455573443
10000,1379,True,-0.0497441691439328
10000,1380,True,-0.06350359688154655
10000,1381,True,-0.044904912038577834
10000,1382,True,-0.044642666027989594
10000,1383,True,-0.07966592870614737
10000,1384,True,-0.08211921752507598
10000,1385,True,-0.07750722360811449
10000,1386,True,-0.05479168900759287
10000,1387,True,-0.0650617200755916
10000,1388,True,-0.05214671372286015
10000,1389,True,-0.058214040519504094
10000,1390,True,-0.07150505838812253
10000,1391,True,-0.05161259570936716
10000,1392,True,-0.06855641404438383
10000,1393,True,-0.05586074617788318
10000,1394,True,-0.069530795774775
10000,1395,True,-0.07133488631694482
10000,1396,True,-0.07844395557674291
10000,1397,True,-0.07494774993525918
10000,1398,True,-0.06500764979549682
10000,1399,True,-0.03679950342174795
10000,1400,True,-0.028855040862815744
10000,1401,True,-0.06444907440166771
10000,1402,True,-0.062447317015570714
10000,1403,True,-0.03537746944346392
10000,1404,True,-0.05643278451322668
10000,1405,True,-0.04293052787331176
10000,1406,True,-0.07246919994401016
10000,1407,True,-0.07147312874068612
10000,1408,True,-0.06782882424724657
10000,1409,True,-0.036993243546089634
10000,1410,True,-0.045984933393471095
10000,1411,True,-0.07057607649204024
10000,1412,True,-0.05920035588636467
10000,1413,True,-0.056444068989619754
10000,1414,True,-0.059728606555514305
10000,1415,True,-0.05971996042945195
10000,1416,True,-0.07865477831098329
10000,1417,True,-0.06768217438007704
10000,1418,True,-0.06148086558224928
10000,1419,True,-0.06604113803023945
10000,1420,True,-0.058214760715937196
10000,1421,True,-0.057421778418848844
10000,1422,True,-0.07962625384240166
10000,1423,True,-0.06357660767999347
10000,1424,True,-0.08413901833883983
10000,1425,True,-0.059180748735727574
10000,1426,True,-0.08611344805743411
10000,1427,True,-0.05322757067775426
10000,1428,True,-0.054906512960419554
10000,1429,True,-0.06667837775272414
10000,1430,True,-0.04065238290578179
10000,1431,True,-0.0799021278295777
10000,1432,True,-0.049355722903571785
10000,1433,True,-0.06926622889327898
10000,1434,True,-0.04318586616158243
10000,1435,True,-0.06767580316067215
10000,1436,True,-0.06044112221007236
10000,1437,True,-0.08086947590054538
10000,1438,True,-0.052042003269136126
10000,1439,True,-0.06090881268577534
10000,1440,True,-0.06006461108014381
10000,1441,True,-0.06941088662596685
10000,1442,True,-0.0615939571284693
10000,1443,True,-0.08679377267528893
10000,1444,True,-0.03808680544392483
10000,1445,True,-0.041233002066434064
10000,1446,True,-0.03532400624442218
10000,1447,True,-0.06742152994018041
10000,1448,True,-0.039999759900272575
10000,1449,True,-0.062019088324869576
10000,1450,True,-0.06197225433873288
10000,1451,True,-0.05593483155207931
10000,1452,True,-0.041670131255582846
10000,1453,True,-0.058307793678146536
10000,1454,True,-0.04996052755646126
10000,1455,True,-0.05035940293148915
10000,1456,True,-0.06680742690850024
10000,1457,True,-0.06329975958345652
10000,1458,True,-0.0787723888389665
10000,1459,True,-0.0620576891973522
10000,1460,True,-0.03802189551985962
10000,1461,True,-0.07469746216680198
10000,1462,True,-0.06035318791292331
10000,1463,True,-0.07733775294727069
10000,1464,True,-0.06201183400886873
10000,1465,True,-0.05937864561480052
10000,1466,True,-0.07136353965993716
10000,1467,True,-0.04697689350905993
10000,1468,True,-0.06726478900019198
10000,1469,True,-0.03606532433793883
10000,1470,True,-0.04897226187083349
10000,1471,True,-0.06509587194586172
10000,1472,True,-0.06607617340210059
10000,1473,True,-0.05677217618040474
10000,1474,True,-0.07483585345694102
10000,1475,True,-0.05672304492592785
10000,1476,True,-0.06028679043703463
10000,1477,True,-0.058426891899554655
10000,1478,True,-0.026324754577861882
10000,1479,True,-0.06163395189418632
10000,1480,True,-0.05116054832199453
10000,1481,True,-0.042687407850186425
10000,1482,True,-0.06586250999998923
10000,1483,True,-0.06034616049472874
10000,1484,True,-0.061907768011948236
10000,1485,True,-0.06996591478721373
10000,1486,True,-0.07230870074922954
10000,1487,True,-0.06869242127651638
10000,1488,True,-0.07541291981670935
10000,1489,True,-0.051370490249087145
10000,1490,True,-0.06655961991735708
10000,1491,True,-0.07563367599743664
10000,1492,True,-0.035101020457441665
10000,1493,True,-0.07632174938952549
10000,1494,True,-0.0692399356482063
10000,1495,True,-0.058191397727077473
10000,1496,True,-0.08429502448355333
10000,1497,True,-0.06627592001951262
10000,1498,True,-0.0655692887602028
10000,1499,True,-0.06055446013656298
10000,1500,True,-0.058669005356043726
10000,1501,True,-0.04177431867084263
10000,1502,True,-0.04257223977134858
10000,1503,True,-0.045870700775973855
10000,1504,True,-0.04997899741387003
10000,1505,True,-0.07247180363566216
10000,1506,True,-0.07279149398619954
10000,1507,True,-0.07708020170588314
10000,1508,True,-0.08235155993943336
10000,1509,True,-0.07446359772337661
10000,1510,True,-0.045219091273005226
10000,1511,True,-0.06084391072624684
10000,1512,True,-0.06644119895734948
10000,1513,True,-0.06635300350373732
10000,1514,True,-0.06602363130877127
10000,1515,True,-0.06813824450558986
10000,1516,True,-0.05259066701273213
10000,1517,True,-0.05994987843754126
10000,1518,True,-0.06363730974958406
10000,1519,True,-0.07425310795254814
10000,1520,True,-0.041024567435487116
10000,1521,True,-0.07893712317129341
10000,1522,True,-0.056949024866591126
10000,1523,True,-0.07546942377360458
10000,1524,True,-0.05048316520408049
10000,1525,True,-0.08320429861619803
10000,1526,True,-0.0568677098121539
10000,1527,True,-0.036234702299017894
10000,1528,True,-0.05948373268253347
10000,1529,True,-0.08733492299273361
10000,1530,True,-0.07180328891677322
10000,1531,True,-0.06348262994501463
10000,1532,True,-0.07534547389002756
10000,1533,True,-0.045822925331639404
10000,1534,True,-0.02985427374309136
10000,1535,True,-0.044552890928188676
10000,1536,True,-0.07090176342096471
10000,1537,True,-0.09031144296372232
10000,1538,True,-0.0681326846853721
10000,1539,True,-0.057899272248590594
10000,1540,True,-0.06645755393584787
10000,1541,True,-0.07343255953055657
10000,1542,True,-0.07142629914078849
10000,1543,True,-0.07145283694877229
10000,1544,True,-0.06790219711319317
10000,1545,True,-0.05851553944457266
10000,1546,True,-0.06303778693075585
10000,1547,True,-0.07695047388737636
10000,1548,True,-0.07671386711308817
10000,1549,True,-0.056660840468956496
10000,1550,True,-0.08634554594300933
10000,1551,True,-0.05731668644607514
10000,1552,True,-0.0794148934453157
10000,1553,True,-0.07420725464697916
10000,1554,True,-0.06115443488257592
10000,1555,True,-0.07589558140315551
10000,1556,True,-0.05272640020220032
10000,1557,True,-0.03801606385922615
10000,1558,True,-0.06889940640559633
10000,1559,True,-0.07283099212316198
10000,1560,True,-0.0578873300417511
10000,1561,True,-0.06644975707562412
10000,1562,True,-0.04609694081346542
10000,1563,True,-0.057698929518694354
10000,1564,True,-0.07995950385560589
10000,1565,True,-0.07435929455389169
10000,1566,True,-0.05497089198841169
10000,1567,True,-0.07183942232242192
10000,1568,True,-0.07724850018709421
10000,1569,True,-0.06719722112970969
10000,1570,True,-0.065464714697123
10000,1571,True,-0.046504048261364055
10000,1572,True,-0.05874719445752755
10000,1573,True,-0.06102716148481593
10000,1574,True,-0.04131026090333151
10000,1575,True,-0.0859316201812443
10000,1576,True,-0.0731808063775784
10000,1577,True,-0.08155777316992747
10000,1578,True,-0.0702848939589006
10000,1579,True,-0.056625473168675056
10000,1580,True,-0.05739232937661602
10000,1581,True,-0.06616056227361136
10000,1582,True,-0.047595043531984724
10000,1583,True,-0.043883706256930756
10000,1584,True,-0.04701409041329265
10000,1585,True,-0.04742209186024071
10000,1586,True,-0.06019319993173815
10000,1587,True,-0.047450779914903964
10000,1588,True,-0.05779768771856057
10000,1589,True,-0.055971924775745294
10000,1590,True,-0.06742134091511001
10000,1591,True,-0.053446248906980784
10000,1592,True,-0.07774110158145424
10000,1593,True,-0.0738654546809873
10000,1594,True,-0.0695097538829519
10000,1595,True,-0.07821766442195074
10000,1596,True,-0.06256234514652494
10000,1597,True,-0.06855585169758457
10000,1598,True,-0.05930965304315191
10000,1599,True,-0.046875608958042186
10000,1600,True,-0.05077992824221521
10000,1601,True,-0.07490932524109013
10000,1602,True,-0.05891787474108663
10000,1603,True,-0.06058361345520761
10000,1604,True,-0.07021643240138
10000,1605,True,-0.055239088430976316
10000,1606,True,-0.042561508951565775
10000,1607,True,-0.0773651215586941
10000,1608,True,-0.08473809186185609
10000,1609,True,-0.08495700166924555
10000,1610,True,-0.032179426338939485
10000,1611,True,-0.0707133579444268
10000,1612,True,-0.06982508098020115
10000,1613,True,-0.049920107314784176
10000,1614,True,-0.05771660829870595
10000,1615,True,-0.05195686347057711
10000,1616,True,-0.07478934371376807
10000,1617,True,-0.0634095697535093
10000,1618,True,-0.06027415718754636
10000,1619,True,-0.0600640443499014
10000,1620,True,-0.09065310853918321
10000,1621,True,-0.07992871024063483
10000,1622,True,-0.06478921769524236
10000,1623,True,-0.05116485116225927
10000,1624,True,-0.06484644593508027
10000,1625,True,-0.05524476249597095
10000,1626,True,-0.09179642067034036
10000,1627,True,-0.08286041710913605
10000,1628,True,-0.09028744028685114
10000,1629,True,-0.07664455573837672
10000,1630,True,-0.05260774006920459
10000,1631,True,-0.03675198561948213
10000,1632,True,-0.06416080296254316
10000,1633,True,-0.059014710006284346
10000,1634,True,-0.07199997290865832
10000,1635,True,-0.0772527020173932
10000,1636,True,-0.06355565571881573
10000,1637,True,-0.0687552124142062
10000,1638,True,-0.0669649088552389
10000,1639,True,-0.06698773212908034
10000,1640,True,-0.07722012691639477
10000,1641,True,-0.07001489880594967
10000,1642,True,-0.04279276186434484
10000,1643,True,-0.0814062480504769
10000,1644,True,-0.0705373172040584
10000,1645,True,-0.06267566567044129
10000,1646,True,-0.0659714418106215
10000,1647,True,-0.058845952906269205
10000,1648,True,-0.049495960478083245
10000,1649,True,-0.06827887539645744
10000,1650,True,-0.06891069704143071
10000,1651,True,-0.042569357384696624
10000,1652,True,-0.07287090564484291
10000,1653,True,-0.04854051859051549
10000,1654,True,-0.055028783387868895
10000,1655,True,-0.07427319620436
10000,1656,True,-0.07399730112042256
10000,1657,True,-0.062254087129647695
10000,1658,True,-0.0641036693614752
10000,1659,True,-0.05306295186345552
10000,1660,True,-0.04606690781701154
10000,1661,True,-0.0784395688802897
10000,1662,True,-0.0858765569858444
10000,1663,True,-0.05607452605876847
10000,1664,True,-0.08299479562095305
10000,1665,True,-0.05400557356903485
10000,1666,True,-0.08168634995967768
10000,1667,True,-0.05112879746389652
10000,1668,True,-0.04501830960811527
10000,1669,True,-0.07851741465733546
10000,1670,True,-0.04785010184406263
10000,1671,True,-0.05764552205286098
10000,1672,True,-0.057065961945178635
10000,1673,True,-0.06901945262784501
10000,1674,True,-0.06680574376963991
10000,1675,True,-0.04240554553574111
10000,1676,True,-0.03996923913634457
10000,1677,True,-0.06361095084378862
10000,1678,True,-0.07254426274432386
10000,1679,True,-0.06786760323722364
10000,1680,True,-0.08458607707401296
10000,1681,True,-0.06804247102520256
10000,1682,True,-0.07837769171835497
10000,1683,True,-0.08200812006879833
10000,1684,True,-0.06968017533630247
10000,1685,True,-0.06690929277965835
10000,1686,True,-0.055578713836064254
10000,1687,True,-0.043832088077086405
10000,1688,True,-0.0743485889063529
10000,1689,True,-0.060224264938742854
10000,1690,True,-0.06943276647569412
10000,1691,True,-0.0668028129186872
10000,1692,True,-0.07268797459015307
10000,1693,True,-0.03890950502078065
10000,1694,True,-0.06475268809795096
10000,1695,True,-0.05165761216142064
10000,1696,True,-0.04962832623852955
10000,1697,True,-0.0692669842974534
10000,1698,True,-0.06931478154086836
10000,1699,True,-0.04856942080852435
10000,1700,True,-0.06760012069115358
10000,1701,True,-0.05265443646234904
10000,1702,True,-0.05146892976153278
10000,1703,True,-0.06960779299454324
10000,1704,True,-0.07458269297779024
10000,1705,True,-0.07584684867852035
10000,1706,True,-0.0673243367880173
10000,1707,True,-0.05937074623472469
10000,1708,True,-0.05968080184344933
10000,1709,True,-0.06838658118643284
10000,1710,True,-0.05554591107402109
10000,1711,True,-0.0732459317064494
10000,1712,True,-0.07474528327539634
10000,1713,True,-0.07659478098273859
10000,1714,True,-0.060323732249788445
10000,1715,True,-0.06793094476132928
10000,1716,True,-0.060997128994048945
10000,1717,True,-0.07716443935095377
10000,1718,True,-0.08545466907101663
10000,1719,True,-0.060595235287110874
10000,1720,True,-0.06457798811222273
10000,1721,True,-0.07206535532373515
10000,1722,True,-0.08155807462416698
10000,1723,True,-0.06324503917411785
10000,1724,True,-0.05507676372888064
10000,1725,True,-0.05556516379973807
10000,1726,True,-0.049518009802354594
10000,1727,True,-0.055053100824479805
10000,1728,True,-0.07651794182627332
10000,1729,True,-0.06500064340608726
10000,1730,True,-0.059462919306382
10000,1731,True,-0.07772203835812257
10000,1732,True,-0.054025713269627906
10000,1733,True,-0.08220357161354683
10000,1734,True,-0.056493519508394284
10000,1735,True,-0.0700339864851003
10000,1736,True,-0.05671621497645678
10000,1737,True,-0.06882835320560785
10000,1738,True,-0.08224809099970007
10000,1739,True,-0.05355925038327465
10000,1740,True,-0.08282825615396536
10000,1741,True,-0.07177888078011821
10000,1742,True,-0.052616784907666345
10000,1743,True,-0.05928009063306124
10000,1744,True,-0.07520655997916306
10000,1745,True,-0.08258117623387504
10000,1746,True,-0.0671241118929505
10000,1747,True,-0.07009870558016873
10000,1748,True,-0.05936553717959179
10000,1749,True,-0.0616420103103967
10000,1750,True,-0.05468324239945843
10000,1751,True,-0.0667683693572485
10000,1752,True,-0.07379095962412409
10000,1753,True,-0.06956865750656265
10000,1754,True,-0.03982725428579012
10000,1755,True,-0.06432369635399901
10000,1756,True,-0.061038719741733326
10000,1757,True,-0.045036752003718365
10000,1758,True,-0.08555926895445397
10000,1759,True,-0.06682274049247763
10000,1760,True,-0.050140061150454905
10000,1761,True,-0.07811256087324266
10000,1762,True,-0.08885490839979036
10000,1763,True,-0.06970413077964727
10000,1764,True,-0.048217743994810075
10000,1765,True,-0.06939444146119755
10000,1766,True,-0.06560282509995606
10000,1767,True,-0.06354748178028038
10000,1768,True,-0.05651449005254279
10000,1769,True,-0.09490532754798478
10000,1770,True,-0.06569950571906043
10000,1771,True,-0.05223604634429365
10000,1772,True,-0.08507359684907637
10000,1773,True,-0.053601024779046005
10000,1774,True,-0.07262951461096372
10000,1775,True,-0.054559062452075
10000,1776,True,-0.06683738722669806
10000,1777,True,-0.06458475678397965
10000,1778,True,-0.07398033078748792
10000,1779,True,-0.044523195863402004
10000,1780,True,-0.06933473547160128
10000,1781,True,-0.08565161267654667
10000,1782,True,-0.05460789664656057
10000,1783,True,-0.053480030170887836
10000,1784,True,-0.06166061448697957
10000,1785,True,-0.07810387192007093
10000,1786,True,-0.05951487728702851
10000,1787,True,-0.049332892998436725
10000,1788,True,-0.041833948359535286
10000,1789,True,-0.049803765659985635
10000,1790,True,-0.056809489555239956
10000,1791,True,-0.039844687780860075
10000,1792,True,-0.04841461889011854
10000,1793,True,-0.07751464142241922
10000,1794,True,-0.05905494098961249
10000,1795,True,-0.06767747040975754
10000,1796,True,-0.07579410430457287
10000,1797,True,-0.04048688407393646
10000,1798,True,-0.06487015352812883
10000,1799,True,-0.0629443850351781
10000,1800,True,-0.07841285529422547
10000,1801,True,-0.07000763828620912
10000,1802,True,-0.06243112398446467
10000,1803,True,-0.03801297882018118
10000,1804,True,-0.0737453148594853
10000,1805,True,-0.04811446471271623
10000,1806,True,-0.057483695585140306
10000,1807,True,-0.07874344860769227
10000,1808,True,-0.049190697770832764
10000,1809,True,-0.07406930733976881
10000,1810,True,-0.06130423693796131
10000,1811,True,-0.07309136166586534
10000,1812,True,-0.0742487567772239
10000,1813,True,-0.06690492766055982
10000,1814,True,-0.07156752743063899
10000,1815,True,-0.06001957551076548
10000,1816,True,-0.08217264944425258
10000,1817,True,-0.07269622749137644
10000,1818,True,-0.07345102284241109
10000,1819,True,-0.06446127665282234
10000,1820,True,-0.0716880262699011
10000,1821,True,-0.05313464623498889
10000,1822,True,-0.060434619837727674
10000,1823,True,-0.06774237836306551
10000,1824,True,-0.07941392943501366
10000,1825,True,-0.05117530820493975
10000,1826,True,-0.06289991375290897
10000,1827,True,-0.06226816914544516
10000,1828,True,-0.06703458812259615
10000,1829,True,-0.0679004576830271
10000,1830,True,-0.0638806206262583
10000,1831,True,-0.055243054194804006
10000,1832,True,-0.08362430421413965
10000,1833,True,-0.06326040431634505
10000,1834,True,-0.060310413675401874
10000,1835,True,-0.05582170293347194
10000,1836,True,-0.06411991681445411
10000,1837,True,-0.05719384824641065
10000,1838,True,-0.07154518370553145
10000,1839,True,-0.0673599793013763
10000,1840,True,-0.049383855917549485
10000,1841,True,-0.053995965081877886
10000,1842,True,-0.051178965666179944
10000,1843,True,-0.08025116029194444
10000,1844,True,-0.08806461584993994
10000,1845,True,-0.05280714253381631
10000,1846,True,-0.08268262691044428
10000,1847,True,-0.06736523847036065
10000,1848,True,-0.045586036609625256
10000,1849,True,-0.06490704232014302
10000,1850,True,-0.05813845597564664
10000,1851,True,-0.0758714163799781
10000,1852,True,-0.08797544477791477
10000,1853,True,-0.09392688256503486
10000,1854,True,-0.04776925556391586
10000,1855,True,-0.049845084227125754
10000,1856,True,-0.05815848525439564
10000,1857,True,-0.07790630482317776
10000,1858,True,-0.07188753232962565
10000,1859,True,-0.07155480425656956
10000,1860,True,-0.06652437345790191
10000,1861,True,-0.07138138493726658
10000,1862,True,-0.061471376708850535
10000,1863,True,-0.06335747032768818
10000,1864,True,-0.05300670655797011
10000,1865,True,-0.07125252067003998
10000,1866,True,-0.07122635130365089
10000,1867,True,-0.06451919513926
10000,1868,True,-0.06782563034169486
10000,1869,True,-0.04013805530851626
10000,1870,True,-0.08524049846997303
10000,1871,True,-0.057780511904074884
10000,1872,True,-0.061241208565953754
10000,1873,True,-0.04735718681878899
10000,1874,True,-0.06477099209092385
10000,1875,True,-0.05581755368630176
10000,1876,True,-0.06149288760814566
10000,1877,True,-0.04638802461176688
10000,1878,True,-0.08041087735987171
10000,1879,True,-0.064594972159379
10000,1880,True,-0.05452899316969741
10000,1881,True,-0.06305884328565765
10000,1882,True,-0.045891474283320535
10000,1883,True,-0.052563857245252234
10000,1884,True,-0.07859396522815561
10000,1885,True,-0.056684353914336225
10000,1886,True,-0.0694651349754947
10000,1887,True,-0.04832506537092407
10000,1888,True,-0.0673644960460988
10000,1889,True,-0.07699719852209716
10000,1890,True,-0.07738982036853445
10000,1891,True,-0.06921395727109068
10000,1892,True,-0.07546550121475887
10000,1893,True,-0.0522503803843819
10000,1894,True,-0.07041833861716881
10000,1895,True,-0.06602204444179685
10000,1896,True,-0.05195954142541017
10000,1897,True,-0.06063558555511346
10000,1898,True,-0.07594631283850528
10000,1899,True,-0.03668720786178254
10000,1900,True,-0.044776672317897545
10000,1901,True,-0.06414861006172716
10000,1902,True,-0.06406607632201491
10000,1903,True,-0.057066041434915706
10000,1904,True,-0.05973680307301621
10000,1905,True,-0.08391369482190739
10000,1906,True,-0.04990675121754719
10000,1907,True,-0.08083026931790027
10000,1908,True,-0.0846058544868181
10000,1909,True,-0.07165210372139313
10000,1910,True,-0.04310432542736708
10000,1911,True,-0.06306602264618169
10000,1912,True,-0.07897426050484731
10000,1913,True,-0.06802976605021635
10000,1914,True,-0.062091231576815134
10000,1915,True,-0.06511564880872077
10000,1916,True,-0.04926736732763059
10000,1917,True,-0.042846466725863716
10000,1918,True,-0.05747132055005275
10000,1919,True,-0.06937761234470634
10000,1920,True,-0.039717222127584516
10000,1921,True,-0.06233219169911862
10000,1922,True,-0.06832837986363649
10000,1923,True,-0.07495501362190647
10000,1924,True,-0.056575571839106484
10000,1925,True,-0.07629650157698473
10000,1926,True,-0.06378259708931748
10000,1927,True,-0.06289889008869226
10000,1928,True,-0.03640736885528972
10000,1929,True,-0.08529998920640627
10000,1930,True,-0.047962097069130585
10000,1931,True,-0.0528456967542721
10000,1932,True,-0.06430675200435543
10000,1933,True,-0.065679521757606
10000,1934,True,-0.07138309353652006
10000,1935,True,-0.06560467386700408
10000,1936,True,-0.07230336235240349
10000,1937,True,-0.04800046695866869
10000,1938,True,-0.06473483046618739
10000,1939,True,-0.0737308010602813
10000,1940,True,-0.06664776184762126
10000,1941,True,-0.04259279469040431
10000,1942,True,-0.09623531433400039
10000,1943,True,-0.05329622472821126
10000,1944,True,-0.07308567426405566
10000,1945,True,-0.05775624399619024
10000,1946,True,-0.05887159087374224
10000,1947,True,-0.05568746825825612
10000,1948,True,-0.07009821168394031
10000,1949,True,-0.07057551776272049
10000,1950,True,-0.054406760741037175
10000,1951,True,-0.025966984830170285
10000,1952,True,-0.048671328827315265
10000,1953,True,-0.07117510436895556
10000,1954,True,-0.043244920811896584
10000,1955,True,-0.08631349216360082
10000,1956,True,-0.07102451796605472
10000,1957,True,-0.0577894951422578
10000,1958,True,-0.06610231546058923
10000,1959,True,-0.06454565350044442
10000,1960,True,-0.06170377383689459
10000,1961,True,-0.05609018759816703
10000,1962,True,-0.06886947326616337
10000,1963,True,-0.06380844237012825
10000,1964,True,-0.0589426571270534
10000,1965,True,-0.06237910185088098
10000,1966,True,-0.07596240508865013
10000,1967,True,-0.07978796664405309
10000,1968,True,-0.062875159797151
10000,1969,True,-0.06276474000960966
10000,1970,True,-0.055779039976098746
10000,1971,True,-0.05822763259324949
10000,1972,True,-0.07797285883180524
10000,1973,True,-0.07250637755993652
10000,1974,True,-0.04855438836671658
10000,1975,True,-0.04544630665547218
10000,1976,True,-0.09111744035126051
10000,1977,True,-0.08448923444324033
10000,1978,True,-0.05637914187059042
10000,1979,True,-0.04362171381133412
10000,1980,True,-0.06679070694344731
10000,1981,True,-0.06479104093946284
10000,1982,True,-0.08443385571961652
10000,1983,True,-0.07098765104173396
10000,1984,True,-0.056464802533250494
10000,1985,True,-0.06278911538174287
10000,1986,True,-0.0665224182626573
10000,1987,True,-0.04423707973617839
10000,1988,True,-0.07508120472039144
10000,1989,True,-0.06122232979244822
10000,1990,True,-0.07381399292502612
10000,1991,True,-0.042248981675812494
10000,1992,True,-0.061974204636886444
10000,1993,True,-0.05782010599598471
10000,1994,True,-0.044512002198050946
10000,1995,True,-0.05284955157688533
10000,1996,True,-0.049918912502643596
10000,1997,True,-0.08439157855755927
10000,1998,True,-0.03451020774546022
10000,1999,True,-0.0647708870077025
15000,0,True,-0.04348110826806526
15000,1,True,-0.03037120970232245
15000,2,True,-0.05161467808575968
15000,3,True,-0.054210166439795836
15000,4,True,-0.03157602544899048
15000,5,True,-0.04740720253231075
15000,6,True,-0.028591772354704375
15000,7,True,-0.04413145897887454
15000,8,True,-0.04118126889131152
15000,9,True,-0.057610959249247695
15000,10,True,-0.02494770623248705
15000,11,True,-0.0255248882239127
15000,12,True,-0.022995702798178832
15000,13,True,-0.006464842854464081
15000,14,True,-0.03664956092333261
15000,15,True,-0.022004569910150054
15000,16,True,-0.042701993297380454
15000,17,True,-0.04390133692294145
15000,18,True,-0.03968430055603574
15000,19,True,-0.0316726625480137
15000,20,True,-0.02472097176381321
15000,21,True,-0.02097375555528934
15000,22,True,-0.03226487496536904
15000,23,True,-0.04762888531922517
15000,24,True,-0.05271668323417376
15000,25,True,-0.04385738953361318
15000,26,True,-0.0179719150396039
15000,27,True,-0.0073399584213660034
15000,28,True,-0.01897427197116211
15000,29,True,-0.04912495809152662
15000,30,True,-0.027189532077586065
15000,31,True,-0.026362527775679274
15000,32,True,-0.029347424908456175
15000,33,True,-0.037628225243458796
15000,34,True,-0.04171065130227512
15000,35,True,-0.016065362632881896
15000,36,True,-0.051283098131203866
15000,37,True,-0.017545482501375664
15000,38,True,-0.016303690879963216
15000,39,True,-0.04509499953601514
15000,40,True,-0.041654549630445556
15000,41,True,-0.01957541767059649
15000,42,True,-0.04258852260611877
15000,43,True,-0.04715512098263678
15000,44,True,-0.040479809224231056
15000,45,True,-0.0354992948342001
15000,46,True,-0.05323491429024657
15000,47,True,-0.04166605542841067
15000,48,True,-0.0199310084635696
15000,49,True,-0.023133024819400556
15000,50,True,-0.040839277391628015
15000,51,True,-0.037629838335994883
15000,52,True,-0.012689295110593107
15000,53,True,-0.03492560428684966
15000,54,True,-0.03686636888584753
15000,55,True,-0.044356068521921824
15000,56,True,-0.05415241014052321
15000,57,True,-0.05575419640928551
15000,58,True,-0.029436053294660786
15000,59,True,-0.03666849636099085
15000,60,True,-0.04010242407881551
15000,61,True,-0.04376804465283661
15000,62,True,-0.033739247038907134
15000,63,True,-0.0403731957476701
15000,64,True,-0.047471510726626094
15000,65,True,-0.04861101814848679
15000,66,True,-0.0271379584893821
15000,67,True,-0.053220710800001306
15000,68,True,-0.03998866029453194
15000,69,True,-0.03334566227034666
15000,70,True,-0.04376727154494796
15000,71,True,-0.025886757436066672
15000,72,True,-0.04372450817985555
15000,73,True,-0.03466586436243611
15000,74,True,-0.02551669286648755
15000,75,True,-0.02292220389574139
15000,76,True,-0.032320518921656646
15000,77,True,-0.042443413976442905
15000,78,True,-0.04268404481093453
15000,79,True,-0.031460793649676994
15000,80,True,-0.053604384023642114
15000,81,True,-0.04350022614953854
15000,82,True,-0.01159207924872435
15000,83,True,-0.039668745582960054
15000,84,True,-0.04155591806526636
15000,85,True,-0.04942462966835584
15000,86,True,-0.020623900498677447
15000,87,True,-0.03340108330761894
15000,88,True,-0.029131386484795595
15000,89,True,-0.031915879556753936
15000,90,True,-0.032295962593336815
15000,91,True,-0.047340005556472095
15000,92,True,-0.03975046187680705
15000,93,True,-0.027283141118436605
15000,94,True,-0.036696263579618894
15000,95,True,-0.02947548529406955
15000,96,True,-0.03385379414328875
15000,97,True,-0.018775226299292153
15000,98,True,-0.03615939341042882
15000,99,True,-0.02889457968551354
15000,100,True,-0.04476941142602004
15000,101,True,-0.04417762561424455
15000,102,True,-0.04558347876601746
15000,103,True,-0.056735726605292316
15000,104,True,-0.014279897469998762
15000,105,True,-0.02032098483077112
15000,106,True,-0.03611729309884157
15000,107,True,-0.04997217015167535
15000,108,True,-0.06497286478209165
15000,109,True,-0.03306947682112247
15000,110,True,-0.03287376871075752
15000,111,True,-0.024967737740132966
15000,112,True,-0.033505650266591434
15000,113,True,-0.04079242355497014
15000,114,True,-0.025465593929334028
15000,115,True,-0.03880918015067363
15000,116,True,-0.027521018157885345
15000,117,True,-0.030723131073021992
15000,118,True,-0.02313123012554589
15000,119,True,-0.02373843103595348
15000,120,True,-0.025692047132197228
15000,121,True,-0.01991046696955817
15000,122,True,-0.02904602314716907
15000,123,True,-0.02393545273187368
15000,124,True,-0.03814944826148931
15000,125,True,-0.03559400421295274
15000,126,True,-0.039548375492572
15000,127,True,-0.03149581566071609
15000,128,True,-0.019092490252401693
15000,129,True,-0.021202476291691277
15000,130,True,-0.019693200476097995
15000,131,True,-0.036564630220474785
15000,132,True,-0.05155908798422228
15000,133,True,-0.05447166420732291
15000,134,True,-0.02438640082961399
15000,135,True,-0.03510360330610639
15000,136,True,-0.026852900470180463
15000,137,True,-0.0269991978488346
15000,138,True,-0.0572184848804302
15000,139,True,-0.04847446977882973
15000,140,True,-0.023600665428829735
15000,141,True,-0.021079102524638627
15000,142,True,-0.055548764026206586
15000,143,True,-0.020596531811013622
15000,144,True,-0.05791262294092623
15000,145,True,-0.05407249522513371
15000,146,True,-0.004325984104279584
15000,147,True,-0.05042823172887978
15000,148,True,-0.05478738852032441
15000,149,True,-0.033697043042838784
15000,150,True,-0.04127595133811087
15000,151,True,-0.040435952315032074
15000,152,True,-0.052164224257705574
15000,153,True,-0.032174402428191556
15000,154,True,-0.016353470486563427
15000,155,True,-0.03833386418528385
15000,156,True,-0.05974457891071738
15000,157,True,-0.028860118931022326
15000,158,True,-0.04565189778296745
15000,159,True,-0.022175265940114774
15000,160,True,-0.020665450300055337
15000,161,True,-0.025380204519797618
15000,162,True,-0.05194986022435857
15000,163,True,-0.04729597092992251
15000,164,True,-0.027271911792482166
15000,165,True,-0.0344357169723395
15000,166,True,-0.048796578743247346
15000,167,True,-0.03710561896339228
15000,168,True,-0.008770403890495085
15000,169,True,-0.07279934057372854
15000,170,True,-0.011638849715777628
15000,171,True,-0.04623949153451491
15000,172,True,-0.03999249095739498
15000,173,True,-0.03744814792349239
15000,174,True,-0.04759879801516801
15000,175,True,-0.07105157487770472
15000,176,True,-0.03917031203352314
15000,177,True,-0.03741186344192552
15000,178,True,-0.05073423192562204
15000,179,True,-0.03395511254644258
15000,180,True,-0.05015402346555076
15000,181,True,-0.05046616800026451
15000,182,True,-0.038750392848205154
15000,183,True,-0.04662527116203769
15000,184,True,-0.06012505152597595
15000,185,True,-0.05009711999671902
15000,186,True,-0.043524256388770347
15000,187,True,-0.03465700978917197
15000,188,True,-0.030594764261241005
15000,189,True,-0.014422328725470493
15000,190,True,-0.02789246339628353
15000,191,True,-0.03782928681192135
15000,192,True,-0.03155728322085126
15000,193,True,-0.01333213572033905
15000,194,True,-0.05432259749549297
15000,195,True,-0.04458904200939521
15000,196,True,-0.039685375015105794
15000,197,True,-0.05446538169805944
15000,198,True,-0.028455681135569733
15000,199,True,-0.05350686135049263
15000,200,True,-0.04036097981204797
15000,201,True,-0.04290357849956351
15000,202,True,-0.03932585538543569
15000,203,True,-0.046811555942179596
15000,204,True,-0.041883453862794254
15000,205,True,-0.03182206881567902
15000,206,True,-0.03539616590635273
15000,207,True,-0.029143441673261012
15000,208,True,-0.04013216576015523
15000,209,True,-0.020551541732556383
15000,210,True,-0.046214047310147534
15000,211,True,-0.05825989472100004
15000,212,True,-0.027217125556022848
15000,213,True,-0.04518592272570853
15000,214,True,-0.025837602121572795
15000,215,True,-0.05376412781907467
15000,216,True,-0.04196339858067945
15000,217,True,-0.02180613625123637
15000,218,True,-0.011920147283664065
15000,219,True,-0.017361405839564893
15000,220,True,-0.010981111591026438
15000,221,True,-0.03991043965038234
15000,222,True,-0.02859315421423419
15000,223,True,-0.04088129566980689
15000,224,True,-0.04700809083127914
15000,225,True,-0.04389377561752755
15000,226,True,-0.03129795338076668
15000,227,True,-0.0185269564918568
15000,228,True,-0.039884006439057054
15000,229,True,-0.026886248677881967
15000,230,True,-0.04631394995609306
15000,231,True,-0.02928586130831081
15000,232,True,-0.048764244256126965
15000,233,True,-0.04545456052065317
15000,234,True,-0.03489817407051713
15000,235,True,-0.02954247831816535
15000,236,True,-0.028970407063486543
15000,237,True,-0.029236376962991844
15000,238,True,-0.034955006125410006
15000,239,True,-0.02310344624117281
15000,240,True,-0.04239566058395923
15000,241,True,-0.05003906573013918
15000,242,True,-0.03728839425335204
15000,243,True,-0.04690653529199013
15000,244,True,-0.03652933155098853
15000,245,True,-0.05115929740121483
15000,246,True,-0.03938768366533415
15000,247,True,-0.032378181268157676
15000,248,True,-0.04668760851021085
15000,249,True,-0.04014565410488802
15000,250,True,-0.03725666017737674
15000,251,True,-0.051077931699637015
15000,252,True,-0.03578774575895835
15000,253,True,-0.02888766452214781
15000,254,True,-0.036931279112287246
15000,255,True,-0.03150352425690426
15000,256,True,-0.05852298585474033
15000,257,True,-0.04861350397816377
15000,258,True,-0.05379973803523221
15000,259,True,-0.02379600650549942
15000,260,True,-0.03502575754374495
15000,261,True,-0.025309531313147993
15000,262,True,-0.03700887529566237
15000,263,True,-0.0440857589456973
15000,264,True,-0.04127420922112048
15000,265,True,-0.01081395396552517
15000,266,True,-0.034032742545605364
15000,267,True,-0.037887877553634416
15000,268,True,-0.0374183209895638
15000,269,True,-0.04507585750494244
15000,270,True,-0.04021307174960767
15000,271,True,-0.03373900279739192
15000,272,True,-0.042842613035850685
15000,273,True,-0.02552701831925903
15000,274,True,-0.01251461111596871
15000,275,True,-0.04668261809299477
15000,276,True,-0.03314147766256124
15000,277,True,-0.04719558348582993
15000,278,True,-0.04839673098180502
15000,279,True,-0.03190030804710762
15000,280,True,-0.025428082741631258
15000,281,True,-0.03153160015508618
15000,282,True,-0.040912855304316494
15000,283,True,-0.022219759301139824
15000,284,True,-0.05363905314603744
15000,285,True,-0.04828010835820004
15000,286,True,-0.02099760440025932
15000,287,True,-0.041908281609891254
15000,288,True,-0.03296098340455725
15000,289,True,-0.03581321543980988
15000,290,True,-0.03530226497882673
15000,291,True,-0.034200170458371565
15000,292,True,-0.03734005358806326
15000,293,True,-0.04805672490392584
15000,294,True,-0.017839394655246015
15000,295,True,-0.05072560173585441
15000,296,True,-0.012774301952323949
15000,297,True,-0.03024356400372667
15000,298,True,-0.03561874806958218
15000,299,True,-0.013197007700338752
15000,300,True,-0.05514247401347674
15000,301,True,-0.03176040836575857
15000,302,True,-0.046490975188288104
15000,303,True,-0.01020895126208617
15000,304,True,-0.03366033072371677
15000,305,True,-0.04291448251060327
15000,306,True,-0.024189830661512656
15000,307,True,-0.03489676775844565
15000,308,True,-0.050298246607279315
15000,309,True,-0.03509664079095563
15000,310,True,-0.041679599358979205
15000,311,True,-0.020190134999155868
15000,312,True,-0.02573911663300183
15000,313,True,-0.03926112660881416
15000,314,True,-0.036167392735260144
15000,315,True,-0.03588095137441178
15000,316,True,-0.012092174963618548
15000,317,True,-0.04343350200557159
15000,318,True,-0.02671419968092245
15000,319,True,-0.02071200071896971
15000,320,True,-0.035982390506664685
15000,321,True,-0.01996940466878318
15000,322,True,-0.040389032758735
15000,323,True,-0.019895347564186313
15000,324,True,-0.04543775374333952
15000,325,True,-0.03758788757809968
15000,326,True,-0.028986499473272746
15000,327,True,-0.04714552370685495
15000,328,True,-0.033350790406919954
15000,329,True,-0.013877194915838848
15000,330,True,-0.024685825678603186
15000,331,True,-0.04843010074788804
15000,332,True,-0.0370288917870193
15000,333,True,-0.027858630183327942
15000,334,True,-0.02578393227743097
15000,335,True,-0.03540323170674457
15000,336,True,-0.0238055350332949
15000,337,True,-0.03156733085042393
15000,338,True,-0.040476713909105455
15000,339,True,-0.0034843906020109597
15000,340,True,-0.049763358799885346
15000,341,True,-0.04882101653830285
15000,342,True,-0.027617765474045052
15000,343,True,-0.039591436275574564
15000,344,True,-0.036402029429717805
15000,345,True,-0.028113468628529276
15000,346,True,-0.01907545927178628
15000,347,True,-0.03881471455786364
15000,348,True,-0.03780855266274021
15000,349,True,-0.03907852471576538
15000,350,True,-0.041737810467342096
15000,351,True,-0.05603960495474527
15000,352,True,-0.05405889369446874
15000,353,True,-0.026136363489304752
15000,354,True,-0.025990580438445314
15000,355,True,-0.037265816648315755
15000,356,True,-0.036902204721453426
15000,357,True,-0.023628013529216455
15000,358,True,-0.02949228683613229
15000,359,True,-0.05922587741943586
15000,360,True,-0.0322425642030012
15000,361,True,-0.03968088563329679
15000,362,True,-0.02287056528041984
15000,363,True,-0.012712688125665889
15000,364,True,-0.04423455797859577
15000,365,True,-0.03320248026508254
15000,366,True,-0.023863541727646383
15000,367,True,-0.04711915985430977
15000,368,True,-0.0230876568906466
15000,369,True,-0.03258698462533098
15000,370,True,-0.01305565671671732
15000,371,True,-0.02560592399976024
15000,372,True,-0.040650076829933796
15000,373,True,-0.04200634270823805
15000,374,True,-0.046186730239858406
15000,375,True,-0.05727614085015816
15000,376,True,-0.02633553487987097
15000,377,True,-0.04155830609668094
15000,378,True,-0.03099341698817824
15000,379,True,-0.05819006157544646
15000,380,True,-0.022405244813269967
15000,381,True,-0.039787727153428334
15000,382,True,-0.06385071267057055
15000,383,True,-0.006388486311357152
15000,384,True,-0.03231245258861581
15000,385,True,-0.03610118034720637
15000,386,True,-0.03197775645292422
15000,387,True,-0.0456445635340668
15000,388,True,-0.029798402335594075
15000,389,True,-0.04987424078550233
15000,390,True,-0.03310578887456628
15000,391,True,-0.024452147891923043
15000,392,True,-0.023843695671304208
15000,393,True,-0.029636590212734272
15000,394,True,-0.034414679593266995
15000,395,True,-0.04627159761462533
15000,396,True,-0.010179610255172843
15000,397,True,-0.052058604122238075
15000,398,True,-0.05713328566109149
15000,399,True,-0.04852159615021282
15000,400,True,-0.0407622462740357
15000,401,True,-0.04380051834027441
15000,402,True,-0.05815513515711533
15000,403,True,-0.04184901390542027
15000,404,True,-0.04387224873497255
15000,405,True,-0.05558794811435437
15000,406,True,-0.030273481739092063
15000,407,True,0.0027253834570691708
15000,408,True,-0.04479849059890887
15000,409,True,-0.03858208929179463
15000,410,True,-0.028361216300165186
15000,411,True,-0.042731556071810256
15000,412,True,-0.04542472676440389
15000,413,True,-0.04604709047350154
15000,414,True,-0.026672851903526928
15000,415,True,-0.04844524292120921
15000,416,True,-0.030783862396930633
15000,417,True,-0.03345335537226317
15000,418,True,-0.03218590851581715
15000,419,True,-0.04220020329251554
15000,420,True,-0.04871039010882797
15000,421,True,-0.03907029199460927
15000,422,True,-0.04031319452184977
15000,423,True,-0.04823871928757808
15000,424,True,-0.02295016256321063
15000,425,True,-0.03926677625182922
15000,426,True,-0.03249685348879385
15000,427,True,-0.020858167081034613
15000,428,True,-0.049014616508908176
15000,429,True,-0.034996351077685096
15000,430,True,-0.033849446380767145
15000,431,True,-0.03132838822821741
15000,432,True,-0.051100609927388296
15000,433,True,-0.030627896932949105
15000,434,True,-0.04981409819790552
15000,435,True,-0.0522249716259332
15000,436,True,-0.03192110698955733
15000,437,True,-0.04654526537193992
15000,438,True,-0.03223267870655914
15000,439,True,-0.019357661940938922
15000,440,True,-0.04032322968251134
15000,441,True,-0.040532684159158734
15000,442,True,-0.03966841121924451
15000,443,True,-0.02642318512821858
15000,444,True,-0.02213605207774753
15000,445,True,-0.038736464164151496
15000,446,True,-0.018811957305259593
15000,447,True,-0.05784059376971494
15000,448,True,-0.04132246236623789
15000,449,True,-0.04956285724694752
15000,450,True,-0.03508431286712156
15000,451,True,-0.047546169911267935
15000,452,True,-0.019395956420699217
15000,453,True,-0.01655887467330149
15000,454,True,-0.03902411611319649
15000,455,True,-0.014987439743523814
15000,456,True,-0.0400380626043759
15000,457,True,-0.03863949635277881
15000,458,True,-0.02719539259447108
15000,459,True,-0.04213861758736272
15000,460,True,-0.022175534785887137
15000,461,True,-0.03102428458776434
15000,462,True,-0.026898397955522697
15000,463,True,-0.0503017175984821
15000,464,True,-0.03690372864527887
15000,465,True,-0.04845101814372262
15000,466,True,-0.0506766468425901
15000,467,True,-0.058719691923456455
15000,468,True,-0.04621153647515474
15000,469,True,-0.03976731137859447
15000,470,True,-0.02827594817519541
15000,471,True,-0.035571383254770314
15000,472,True,-0.03483996997127929
15000,473,True,-0.023821929276526897
15000,474,True,-0.021175583155543194
15000,475,True,-0.045485863721121005
15000,476,True,-0.052365590083514546
15000,477,True,-0.039606973174418574
15000,478,True,-0.01268472718575007
15000,479,True,-0.04272731946283111
15000,480,True,-0.033919755959000236
15000,481,True,-0.03921536122574239
15000,482,True,-0.014324555402753628
15000,483,True,-0.040325913839360614
15000,484,True,-0.02253613609665973
15000,485,True,-0.03971645712434728
15000,486,True,-0.03060697029614568
15000,487,True,-0.02240404792251377
15000,488,True,-0.04122905787517787
15000,489,True,-0.03786787939840575
15000,490,True,-0.039721058269810074
15000,491,True,-0.05041446354719366
15000,492,True,-0.012242011249825015
15000,493,True,-0.029338017234005632
15000,494,True,-0.02347005257745181
15000,495,True,-0.0440347893082496
15000,496,True,-0.03426872324799058
15000,497,True,-0.0010832813937895814
15000,498,True,-0.0005620882234102162
15000,499,True,-0.03755047934929172
15000,500,True,-0.007763917865682773
15000,501,True,-0.013405401145238702
15000,502,True,-0.02356689802687873
15000,503,True,-0.03981770805986682
15000,504,True,-0.05256804895408098
15000,505,True,-0.04619021972156577
15000,506,True,-0.010738761396573654
15000,507,True,-0.02559657328203978
15000,508,True,-0.03605304585943555
15000,509,True,-0.04451622735812261
15000,510,True,-0.02345652138618272
15000,511,True,-0.027953274797200372
15000,512,True,-0.042008398534233035
15000,513,True,-0.02945527347170172
15000,514,True,-0.0536107329892553
15000,515,True,-0.02299201754298695
15000,516,True,-0.036839311834199494
15000,517,True,-0.0619023424936032
15000,518,True,-0.049540052910388786
15000,519,True,-0.03875932454422981
15000,520,True,-0.027214536547350187
15000,521,True,-0.05402181365486073
15000,522,True,-0.027000366355152516
15000,523,True,-0.020143013648955217
15000,524,True,-0.0433968183416102
15000,525,True,-0.021932150857428525
15000,526,True,-0.035100082974417426
15000,527,True,-0.050134953472767564
15000,528,True,-0.037941739225148916
15000,529,True,-0.02821288667371028
15000,530,True,-0.03424246930532325
15000,531,True,-0.02800232937614005
15000,532,True,-0.05286727107992708
15000,533,True,-0.020730448206954525
15000,534,True,-0.05398143318749574
15000,535,True,-0.02730107046959106
15000,536,True,-0.04373024906614616
15000,537,True,-0.026332921471757326
15000,538,True,-0.0364867075498846
15000,539,True,-0.03033783864527586
15000,540,True,-0.03625033821029568
15000,541,True,-0.0375338604053514
15000,542,True,-0.06189733050719769
15000,543,True,-0.012212114991316142
15000,544,True,-0.04699531693235266
15000,545,True,-0.028974117364769274
15000,546,True,-0.04049729821200674
15000,547,True,-0.015996232418761826
15000,548,True,-0.05188527982244262
15000,549,True,-0.03153642881828976
15000,550,True,-0.04434806024787864
15000,551,True,-0.04049496737369945
15000,552,True,-0.03699769181730088
15000,553,True,-0.03397348994641673
15000,554,True,-0.033956087427382216
15000,555,True,-0.05928884955030091
15000,556,True,-0.0027021238694842657
15000,557,True,-0.031461384159778116
15000,558,True,-0.041223161619288025
15000,559,True,-0.030375762838526117
15000,560,True,-0.03138310059838051
15000,561,True,-0.025421208339248453
15000,562,True,-0.038838322249921814
15000,563,True,-0.07374429636082634
15000,564,True,-0.037560551356138255
15000,565,True,-0.025945093087657467
15000,566,True,-0.03308531263347007
15000,567,True,-0.02138505186645827
15000,568,True,-0.03118529399086853
15000,569,True,-0.025549017538215653
15000,570,True,-0.03286177342651887
15000,571,True,-0.03176275223725603
15000,572,True,-0.0502334110485127
15000,573,True,-0.05016520017934104
15000,574,True,-0.04970196695332236
15000,575,True,-0.0443685562438734
15000,576,True,-0.03998660477821776
15000,577,True,-0.04560343885869907
15000,578,True,-0.0094051244524706
15000,579,True,-0.0324104233394437
15000,580,True,-0.050973611386121775
15000,581,True,-0.04352702517062158
15000,582,True,-0.05009198063717633
15000,583,True,-0.028169329913222702
15000,584,True,-0.027763477608183228
15000,585,True,-0.055322090602446826
15000,586,True,-0.05652778357955106
15000,587,True,-0.03465994825316486
15000,588,True,-0.044872704981057804
15000,589,True,-0.034629166992550545
15000,590,True,-0.04120141067758083
15000,591,True,-0.025447470664492978
15000,592,True,-0.024546076931145005
15000,593,True,-0.05150127542654883
15000,594,True,-0.022874598979090097
15000,595,True,-0.06078610856855824
15000,596,True,-0.013824312179871989
15000,597,True,-0.04878161565947882
15000,598,True,-0.030059174197326715
15000,599,True,-0.020245657701796347
15000,600,True,-0.021366489607219787
15000,601,True,-0.05167234830709656
15000,602,True,-0.04077669249908121
15000,603,True,-0.05019759197754805
15000,604,True,-0.016072644246891116
15000,605,True,-0.05633838371566119
15000,606,True,-0.03268613495802453
15000,607,True,-0.03334596889927038
15000,608,True,-0.025995357351342636
15000,609,True,-0.05706656268104614
15000,610,True,-0.03268197463937303
15000,611,True,-0.04625399984875092
15000,612,True,-0.035361395649351486
15000,613,True,-0.047719896337982036
15000,614,True,-0.03796682108115051
15000,615,True,-0.030665586044161742
15000,616,True,-0.02938420193538909
15000,617,True,-0.03142348240933694
15000,618,True,-0.04440354677627151
15000,619,True,-0.0032479865609159955
15000,620,True,-0.05014276349447265
15000,621,True,-0.039387482085673726
15000,622,True,-0.03134248682995684
15000,623,True,-0.04092715470196321
15000,624,True,-0.02361234158435991
15000,625,True,-0.025456812069822476
15000,626,True,-0.024315888041771462
15000,627,True,-0.03510413147610132
15000,628,True,-0.05166966047898704
15000,629,True,-0.027429649338872403
15000,630,True,-0.035901757639797596
15000,631,True,-0.03461676089919143
15000,632,True,-0.03685979961885076
15000,633,True,-0.042621968020020405
15000,634,True,-0.016292519214373045
15000,635,True,-0.03532720037043772
15000,636,True,-0.027283932305918357
15000,637,True,-0.054238139907982395
15000,638,True,-0.05758790257793163
15000,639,True,-0.049723657387097046
15000,640,True,-0.019196161679662045
15000,641,True,-0.04805121957107111
15000,642,True,-0.015862310349241404
15000,643,True,-0.04381841840115502
15000,644,True,-0.016987991645326876
15000,645,True,-0.028883603175018313
15000,646,True,-0.05048730893302964
15000,647,True,-0.03710498954143534
15000,648,True,-0.036790925418448604
15000,649,True,-0.02375810964299969
15000,650,True,-0.04081550479644688
15000,651,True,-0.04306988361377444
15000,652,True,-0.030573598446979204
15000,653,True,-0.041787407981680645
15000,654,True,-0.031498929875775974
15000,655,True,-0.04513243255313025
15000,656,True,-0.014477647850083552
15000,657,True,-0.03513130973866657
15000,658,True,-0.03680087993288435
15000,659,True,-0.040287783324107235
15000,660,True,-0.038709659084071424
15000,661,True,-0.05018145677612955
15000,662,True,-0.04249658965179388
15000,663,True,-0.04513377667753023
15000,664,True,-0.06676726782029216
15000,665,True,-0.057373799360967336
15000,666,True,-0.039861115582817123
15000,667,True,-0.048208007314229105
15000,668,True,-0.03835403907010067
15000,669,True,-0.04676504621965828
15000,670,True,-0.029977210858023275
15000,671,True,-0.040443425060261426
15000,672,True,-0.04597171367260886
15000,673,True,-0.027164526483677925
15000,674,True,-0.03796271988851198
15000,675,True,-0.03862757028752759
15000,676,True,-0.013899634451394253
15000,677,True,-0.04076840907968253
15000,678,True,-0.015885167653160732
15000,679,True,-0.0464343640080865
15000,680,True,-0.05461433143822164
15000,681,True,-0.03770957258318748
15000,682,True,-0.04250346752666693
15000,683,True,-0.017799777203827884
15000,684,True,-0.04806000526679677
15000,685,True,-0.016129721887448472
15000,686,True,-0.03877431080435011
15000,687,True,-0.045836053079489604
15000,688,True,-0.0384490777599261
15000,689,True,-0.04035610574897531
15000,690,True,-0.013699857221180878
15000,691,True,-0.05962758122966026
15000,692,True,-0.027494130344430417
15000,693,True,-0.027377811674209808
15000,694,True,-0.044861829468273044
15000,695,True,-0.025171951475181403
15000,696,True,-0.02566106674003807
15000,697,True,-0.026319972980308103
15000,698,True,-0.05519742833717817
15000,699,True,-0.0316454831826497
15000,700,True,-0.022507878821382298
15000,701,True,-0.03650610629097073
15000,702,True,-0.013519493667140198
15000,703,True,-0.03591188600731841
15000,704,True,-0.02296219882404811
15000,705,True,-0.02187909686714977
15000,706,True,-0.053536776085200646
15000,707,True,-0.03266578675550326
15000,708,True,-0.036325743521831606
15000,709,True,-0.043676633342398956
15000,710,True,-0.029040928198041226
15000,711,True,-0.02701284049937308
15000,712,True,-0.039873425011087385
15000,713,True,-0.027833860071565696
15000,714,True,-0.004279654797030832
15000,715,True,-0.02233927134973448
15000,716,True,-0.035808561432168366
15000,717,True,-0.04158055004922559
15000,718,True,-0.03859425992267967
15000,719,True,-0.03137852878143449
15000,720,True,-0.026780165666400756
15000,721,True,-0.023646296353349146
15000,722,True,-0.038082768082570696
15000,723,True,-0.05857177125967792
15000,724,True,-0.049720552693217485
15000,725,True,-0.05765642293780486
15000,726,True,-0.04357643300565346
15000,727,True,-0.053196853981887636
15000,728,True,-0.04411117003480614
15000,729,True,-0.044861819562191256
15000,730,True,-0.027648874369064595
15000,731,True,-0.04428132311397626
15000,732,True,-0.02754746468757216
15000,733,True,-0.04232132027909512
15000,734,True,-0.05250938797464215
15000,735,True,-0.008098899292379022
15000,736,True,-0.05592223105609225
15000,737,True,-0.05770671398330636
15000,738,True,-0.03153500772177925
15000,739,True,-0.04469058567236994
15000,740,True,-0.04143805105971052
15000,741,True,-0.03446130001628091
15000,742,True,-0.00846885512672233
15000,743,True,-0.008484141404465349
15000,744,True,-0.0024139047767109214
15000,745,True,-0.030492507087601567
15000,746,True,-0.04353399271258872
15000,747,True,-0.021522558759441875
15000,748,True,-0.06770736346381227
15000,749,True,-0.018397817022930824
15000,750,True,-0.015849897894843708
15000,751,True,-0.021322243609317094
15000,752,True,-0.010907337825333728
15000,753,True,-0.04362365091325872
15000,754,True,-0.01897075702563475
15000,755,True,-0.03403900021278367
15000,756,True,-0.03688808770669617
15000,757,True,-0.027414601125702355
15000,758,True,-0.044136245075918956
15000,759,True,-0.019040504975105853
15000,760,True,-0.035082699770156614
15000,761,True,-0.0286406945650761
15000,762,True,-0.0431580380381411
15000,763,True,-0.03304945280978917
15000,764,True,-0.0550508373582963
15000,765,True,-0.038152986888585025
15000,766,True,-0.005366555860422008
15000,767,True,-0.024575165210590545
15000,768,True,-0.019724121344440355
15000,769,True,-0.048735358864088606
15000,770,True,-0.034141634382074675
15000,771,True,-0.06371798008094502
15000,772,True,-0.04510749424878508
15000,773,True,-0.03417815392610801
15000,774,True,-0.035668286526512376
15000,775,True,-0.0316604269220826
15000,776,True,-0.0386986906243318
15000,777,True,-0.03061253621862541
15000,778,True,-0.04582108385969562
15000,779,True,-0.0319026221357506
15000,780,True,-0.0521396206531642
15000,781,True,-0.03469927201743785
15000,782,True,-0.02241896312995579
15000,783,True,-0.04882188296041674
15000,784,True,-0.03736443855370169
15000,785,True,-0.03492481668283314
15000,786,True,-0.03500702305678179
15000,787,True,-0.07389673221518762
15000,788,True,-0.01546340981941199
15000,789,True,-0.04391232318344122
15000,790,True,-0.05758542635257996
15000,791,True,-0.028009762310321547
15000,792,True,-0.06114359138597368
15000,793,True,-0.039752894250116896
15000,794,True,-0.044184152102596894
15000,795,True,-0.01565677241905519
15000,796,True,-0.03929195571383328
15000,797,True,-0.04027515633091493
15000,798,True,-0.04142199319154231
15000,799,True,-0.041599092527986006
15000,800,True,-0.057724193258257894
15000,801,True,-0.046168094120176875
15000,802,True,-0.009236750522372132
15000,803,True,-0.03714790148494323
15000,804,True,-0.03254451495484178
15000,805,True,-0.03146848017075788
15000,806,True,-0.03492694230279962
15000,807,True,-0.0325881024966777
15000,808,True,-0.033413159376652665
15000,809,True,-0.010712741669804644
15000,810,True,-0.03732828081672957
15000,811,True,-0.03834794650271603
15000,812,True,-0.036241245966477244
15000,813,True,-0.03818396330615693
15000,814,True,-0.041715249341807634
15000,815,True,-0.03731410082923682
15000,816,True,-0.036901106190583545
15000,817,True,-0.03335932993599157
15000,818,True,-0.042127010704071786
15000,819,True,-0.03076493175131651
15000,820,True,-0.03778460880628984
15000,821,True,-0.02025424227827186
15000,822,True,-0.04238735412913115
15000,823,True,-0.02127398919136166
15000,824,True,-0.02125266546895681
15000,825,True,-0.031074786342913063
15000,826,True,-0.03653859348827461
15000,827,True,-0.012419874944710578
15000,828,True,-0.035373812716164035
15000,829,True,-0.030019790763413445
15000,830,True,-0.0326147834483536
15000,831,True,-0.037931047030016485
15000,832,True,-0.04657903675273299
15000,833,True,-0.03771447497946402
15000,834,True,-0.04766406484943929
15000,835,True,-0.035409389223880865
15000,836,True,-0.025101449439537432
15000,837,True,-0.0597114422988614
15000,838,True,-0.046607650041520135
15000,839,True,-0.014610831466523611
15000,840,True,-0.0461797991820086
15000,841,True,-0.04611908018837305
15000,842,True,-0.030881771196445473
15000,843,True,-0.03839075944239512
15000,844,True,-0.02636557366944433
15000,845,True,-0.03981417989291058
15000,846,True,-0.03451915076271663
15000,847,True,-0.03988735355853387
15000,848,True,-0.043857272125589056
15000,849,True,-0.02655713550088549
15000,850,True,-0.038397332006880475
15000,851,True,-0.03766788948371626
15000,852,True,-0.04576692828534862
15000,853,True,-0.03393902856934562
15000,854,True,-0.05186437732548079
15000,855,True,-0.052960402690548615
15000,856,True,-0.008839445389853364
15000,857,True,-0.05122580891745833
15000,858,True,-0.04019572668609044
15000,859,True,-0.04294421687220746
15000,860,True,-0.0484481236003462
15000,861,True,-0.029982716602263343
15000,862,True,-0.056120048676736166
15000,863,True,-0.027263887781832752
15000,864,True,-0.035168498882394206
15000,865,True,-0.013339235883463996
15000,866,True,-0.033481413590326234
15000,867,True,-0.030737929344898864
15000,868,True,-0.03497477260591042
15000,869,True,-0.04853142594827814
15000,870,True,-0.029183317284946785
15000,871,True,-0.04537099074990826
15000,872,True,-0.044320359987745146
15000,873,True,-0.04949014890648518
15000,874,True,-0.05175559207645865
15000,875,True,-0.044193300238427095
15000,876,True,-0.029528504108290228
15000,877,True,-0.02794998344940599
15000,878,True,-0.03767254005538665
15000,879,True,-0.04842200076120068
15000,880,True,-0.01632811116342426
15000,881,True,-0.03017785934840233
15000,882,True,-0.04453262745563514
15000,883,True,-0.033763119911235505
15000,884,True,-0.051661960910550773
15000,885,True,-0.023633356267419612
15000,886,True,-0.053214393611981235
15000,887,True,-0.03993893575896054
15000,888,True,-0.024704382204785474
15000,889,True,-0.006566689914312564
15000,890,True,-0.013344720706562119
15000,891,True,-0.03544744762062722
15000,892,True,-0.035328903062482764
15000,893,True,-0.03911975020372581
15000,894,True,-0.04014938127719691
15000,895,True,-0.03175899454307591
15000,896,True,-0.03431193149373561
15000,897,True,-0.042927632281183216
15000,898,True,-0.036728759429180954
15000,899,True,-0.044634312474765375
15000,900,True,-0.033128978687166015
15000,901,True,-0.03999632508250884
15000,902,True,-0.04878466436581247
15000,903,True,-0.025269786124841136
15000,904,True,-0.04098727029423336
15000,905,True,-0.03727456258250729
15000,906,True,-0.039424084907174625
15000,907,True,-0.05632876059844537
15000,908,True,-0.021045349411461394
15000,909,True,-0.06427989022396689
15000,910,True,-0.04616894330369028
15000,911,True,-0.04285055336697476
15000,912,True,-0.02780432960791613
15000,913,True,-0.03189178954258286
15000,914,True,-0.04733937555945148
15000,915,True,-0.03243742208223716
15000,916,True,-0.02158560520278268
15000,917,True,-0.04650045251078293
15000,918,True,-0.02557195696141896
15000,919,True,-0.015234192197875026
15000,920,True,-0.03851154963100382
15000,921,True,-0.04522755436459895
15000,922,True,-0.02941308136604424
15000,923,True,-0.028455209710303853
15000,924,True,-0.04939237756424502
15000,925,True,-0.055404048656852445
15000,926,True,-0.037109671517035155
15000,927,True,-0.01707291609012339
15000,928,True,-0.045416178523068826
15000,929,True,-0.025518202381283873
15000,930,True,-0.04723402553052029
15000,931,True,-0.02826677355544945
15000,932,True,-0.05671466653055479
15000,933,True,-0.03312973423513073
15000,934,True,-0.030824494757308855
15000,935,True,-0.04129971878536945
15000,936,True,-0.0331276877413048
15000,937,True,-0.04486981194587515
15000,938,True,-0.03084635471320186
15000,939,True,-0.023955412851784146
15000,940,True,-0.041908963409406114
15000,941,True,-0.03551430990042669
15000,942,True,-0.042491910609798074
15000,943,True,-0.03562560309975201
15000,944,True,-0.02990303253315421
15000,945,True,-0.03356140433812137
15000,946,True,-0.03909876614778561
15000,947,True,-0.03675825714329867
15000,948,True,-0.032497070041428856
15000,949,True,-0.038339333508951495
15000,950,True,-0.05134266993182655
15000,951,True,-0.03598973617071277
15000,952,True,-0.04465177688476671
15000,953,True,-0.02476517735577801
15000,954,True,-0.028214298163905655
15000,955,True,-0.06396967162126634
15000,956,True,-0.049097271496152214
15000,957,True,-0.03908661219164394
15000,958,True,-0.025487312121575928
15000,959,True,-0.024856242567498053
15000,960,True,-0.02773773060248878
15000,961,True,-0.03504509440050986
15000,962,True,-0.03005850272372009
15000,963,True,-0.04425829339300478
15000,964,True,-0.03019303034233866
15000,965,True,-0.04229564562501366
15000,966,True,-0.02425170271206063
15000,967,True,-0.04671873590537485
15000,968,True,-0.03453955714207766
15000,969,True,-0.021301536155406593
15000,970,True,-0.0518336050269532
15000,971,True,-0.04022932996510441
15000,972,True,-0.03485524538815556
15000,973,True,-0.03435943645165899
15000,974,True,-0.0452362079704453
15000,975,True,-0.03859773193564678
15000,976,True,-0.023564765837744334
15000,977,True,-0.03588838514359958
15000,978,True,-0.03247173229436988
15000,979,True,-0.02184325659552199
15000,980,True,-0.01804659260275791
15000,981,True,-0.04428644367968464
15000,982,True,-0.04125743096294511
15000,983,True,-0.028545969452281595
15000,984,True,-0.012898728664381614
15000,985,True,-0.04405807449984926
15000,986,True,-0.05893997953547825
15000,987,True,-0.030289512788607496
15000,988,True,-0.014903913280656067
15000,989,True,-0.024691296719915774
15000,990,True,-0.02761238963685662
15000,991,True,-0.04798814081649734
15000,992,True,-0.05276049229056966
15000,993,True,-0.04217311747305686
15000,994,True,-0.04058946140265361
15000,995,True,-0.045137768287182155
15000,996,True,-0.022877467416325983
15000,997,True,-0.03695065099913024
15000,998,True,-0.03332762502248368
15000,999,True,-0.03594501043984154
15000,1000,True,-0.029294074051796466
15000,1001,True,-0.03260172043146937
15000,1002,True,-0.03385546124903628
15000,1003,True,-0.039733049048527355
15000,1004,True,-0.04308189638716551
15000,1005,True,-0.02449118582872022
15000,1006,True,-0.028603279679404087
15000,1007,True,-0.051412934891748384
15000,1008,True,-0.033872203142033576
15000,1009,True,-0.026290663656728663
15000,1010,True,-0.03601494577304748
15000,1011,True,-0.04495688275642653
15000,1012,True,-0.040677426189559
15000,1013,True,-0.056123907451471076
15000,1014,True,-0.04712722847335235
15000,1015,True,-0.04286028576529043
15000,1016,True,-0.03690815246360793
15000,1017,True,-0.040131132997304024
15000,1018,True,-0.03722491433157106
15000,1019,True,-0.030443496377268387
15000,1020,True,-0.046919729468592394
15000,1021,True,-0.02574402396129204
15000,1022,True,-0.03483015297203839
15000,1023,True,-0.036020867914828274
15000,1024,True,-0.0580461907127789
15000,1025,True,-0.044038300423833714
15000,1026,True,-0.02009364470280626
15000,1027,True,-0.0012820813983445852
15000,1028,True,-0.02237794240756682
15000,1029,True,-0.04218377185405096
15000,1030,True,-0.035092157983351746
15000,1031,True,-0.03994479269685193
15000,1032,True,-0.04721861883852663
15000,1033,True,-0.04547683210547539
15000,1034,True,-0.05276859333841351
15000,1035,True,-0.046400409280703145
15000,1036,True,-0.03509113471440002
15000,1037,True,-0.032724920585682916
15000,1038,True,-0.03822281777691801
15000,1039,True,-0.056970227345015466
15000,1040,True,-0.05615009325416478
15000,1041,True,-0.012966825863207077
15000,1042,True,-0.04676262975372575
15000,1043,True,-0.015056320663516615
15000,1044,True,-0.04222271230109205
15000,1045,True,-0.06224478660903872
15000,1046,True,-0.047789229987927055
15000,1047,True,-0.02672195731966658
15000,1048,True,-0.05028171541057812
15000,1049,True,-0.04039330240727771
15000,1050,True,-0.025940920608899066
15000,1051,True,-0.01583419019882503
15000,1052,True,-0.027395465821161737
15000,1053,True,-0.026783693427204415
15000,1054,True,-0.027372849981116342
15000,1055,True,-0.035047441126864844
15000,1056,True,-0.051970971056073546
15000,1057,True,-0.03638600597103215
15000,1058,True,-0.029178774400638235
15000,1059,True,-0.04672383603971964
15000,1060,True,-0.035532740532147986
15000,1061,True,-0.00914383253343531
15000,1062,True,-0.04185680810941921
15000,1063,True,-0.03555631233511582
15000,1064,True,-0.0375511515649879
15000,1065,True,-0.01838696259564863
15000,1066,True,-0.03363665803488935
15000,1067,True,-0.04641861762906545
15000,1068,True,-0.031407948830045385
15000,1069,True,-0.05047933654235941
15000,1070,True,-0.04532753108504052
15000,1071,True,-0.0430033268875975
15000,1072,True,-0.02681095405750336
15000,1073,True,-0.037875290028570464
15000,1074,True,-0.06014036150006049
15000,1075,True,-0.011431315912680762
15000,1076,True,-0.04015886265807314
15000,1077,True,-0.0315627021159792
15000,1078,True,-0.06841988755873496
15000,1079,True,-0.04025842818758676
15000,1080,True,-0.041119211573391934
15000,1081,True,-0.04006642498748242
15000,1082,True,-0.046727274873142884
15000,1083,True,-0.02788739581744932
15000,1084,True,-0.03310968838014021
15000,1085,True,-0.03876534557378729
15000,1086,True,-0.04466684893862679
15000,1087,True,-0.03998175424531611
15000,1088,True,-0.04381237518557184
15000,1089,True,-0.04630752441700801
15000,1090,True,-0.043090250727840854
15000,1091,True,-0.042357214173252236
15000,1092,True,-0.04585109767808658
15000,1093,True,-0.05042686013999938
15000,1094,True,-0.05778596295228883
15000,1095,True,-0.025451733344549497
15000,1096,True,-0.03548809418519245
15000,1097,True,-0.05441066567080681
15000,1098,True,-0.0451098276460681
15000,1099,True,-0.026804371675120935
15000,1100,True,-0.03530875630850142
15000,1101,True,-0.03420380615263807
15000,1102,True,-0.030293467082399522
15000,1103,True,-0.040565206600130646
15000,1104,True,-0.028774555032660014
15000,1105,True,-0.042592843507970275
15000,1106,True,-0.028429831758544948
15000,1107,True,-0.04521137139977137
15000,1108,True,-0.04567943946124335
15000,1109,True,-0.05806423682048054
15000,1110,True,-0.02527256184316673
15000,1111,True,-0.026938056494236078
15000,1112,True,-0.041094134154032284
15000,1113,True,-0.03561306563928403
15000,1114,True,-0.03599513187035221
15000,1115,True,-0.026899901353778816
15000,1116,True,-0.036188870720833
15000,1117,True,-0.03494329279618931
15000,1118,True,-0.025054142293231184
15000,1119,True,-0.05943523277659289
15000,1120,True,-0.023928365733360078
15000,1121,True,-0.02111633298438214
15000,1122,True,-0.024111701118660123
15000,1123,True,-0.027605989320438167
15000,1124,True,-0.0650372333587593
15000,1125,True,-0.0422302837525859
15000,1126,True,-0.05327226610534804
15000,1127,True,-0.046676421819497854
15000,1128,True,-0.02599750394302504
15000,1129,True,-0.056275226272944553
15000,1130,True,-0.04373003144907745
15000,1131,True,-0.032509751245603256
15000,1132,True,-0.007925572183895899
15000,1133,True,-0.0406841187985563
15000,1134,True,-0.042485205203739454
15000,1135,True,-0.03594641761113277
15000,1136,True,-0.03129334812972053
15000,1137,True,-0.011233474180456301
15000,1138,True,-0.026196362599594437
15000,1139,True,-0.05679546988435198
15000,1140,True,-0.035776575828515636
15000,1141,True,-0.044069259585636185
15000,1142,True,-0.034933053950581175
15000,1143,True,-0.04311417837670513
15000,1144,True,-0.04503857094871904
15000,1145,True,-0.035441281520920534
15000,1146,True,-0.01656411239107101
15000,1147,True,-0.03499851710419232
15000,1148,True,-0.023950617721960037
15000,1149,True,-0.035519629151044695
15000,1150,True,-0.05232478053140378
15000,1151,True,-0.050696817701726446
15000,1152,True,-0.041094645462766026
15000,1153,True,-0.0519685671471361
15000,1154,True,-0.018012380192484603
15000,1155,True,-0.031222776935286068
15000,1156,True,-0.046223126506558056
15000,1157,True,-0.03915516457129659
15000,1158,True,-0.03531170765223917
15000,1159,True,-0.022316507625747217
15000,1160,True,-0.03540246040560856
15000,1161,True,-0.034799913585394304
15000,1162,True,-0.027693324670879964
15000,1163,True,-0.048997510926403906
15000,1164,True,-0.03525946951039398
15000,1165,True,-0.04144034741441928
15000,1166,True,-0.04519675622708858
15000,1167,True,-0.03760868174667298
15000,1168,True,-0.03610485225778942
15000,1169,True,-0.05054979515281165
15000,1170,True,-0.025708783655790657
15000,1171,True,-0.049086219435359735
15000,1172,True,-0.040642763954138836
15000,1173,True,-0.06039623197469237
15000,1174,True,-0.04216413634053033
15000,1175,True,-0.03455682155588716
15000,1176,True,-0.04321622603592726
15000,1177,True,-0.01758827690239626
15000,1178,True,-0.044718803769999434
15000,1179,True,-0.03875189262379253
15000,1180,True,-0.04081858545198987
15000,1181,True,-0.021844722797108217
15000,1182,True,-0.030086614733965834
15000,1183,True,-0.012722689319344902
15000,1184,True,-0.03747583636277319
15000,1185,True,-0.033370655493939604
15000,1186,True,-0.016517004264595063
15000,1187,True,-0.03897078862555103
15000,1188,True,-0.03625402783727744
15000,1189,True,-0.031173197945025728
15000,1190,True,-0.01009760813606142
15000,1191,True,-0.05857508452739154
15000,1192,True,-0.02578967593985464
15000,1193,True,-0.02660397183791441
15000,1194,True,-0.050111361311261836
15000,1195,True,-0.02993424384800148
15000,1196,True,-0.057787537146156386
15000,1197,True,-0.027276004128366484
15000,1198,True,-0.03504891044175383
15000,1199,True,-0.025182065564092238
15000,1200,True,-0.02907585112029041
15000,1201,True,-0.02649571640900057
15000,1202,True,-0.038787335032288775
15000,1203,True,-0.019789946585925557
15000,1204,True,-0.03524118276742001
15000,1205,True,-0.020194206038771454
15000,1206,True,-0.06350772074000628
15000,1207,True,-0.008907876045233656
15000,1208,True,-0.03920410122628028
15000,1209,True,-0.03292088062871922
15000,1210,True,-0.025685749458706907
15000,1211,True,-0.04565283505377811
15000,1212,True,-0.0385328405435032
15000,1213,True,-0.03921398206759125
15000,1214,True,-0.018351556701308985
15000,1215,True,-0.05171562660580081
15000,1216,True,-0.01616523250266482
15000,1217,True,-0.035282915482647545
15000,1218,True,-0.026961085338287505
15000,1219,True,-0.007805968882894756
15000,1220,True,-0.04352612010669545
15000,1221,True,-0.04693815354799562
15000,1222,True,-0.0272550239057286
15000,1223,True,-0.06813816297668585
15000,1224,True,-0.05115111530255254
15000,1225,True,-0.047995340430721914
15000,1226,True,-0.027755685377387068
15000,1227,True,-0.02793768028819813
15000,1228,True,-0.01845649363202806
15000,1229,True,-0.026961473046782907
15000,1230,True,-0.04573406019114082
15000,1231,True,-0.046930024009877634
15000,1232,True,-0.024480385754652088
15000,1233,True,-0.02419301917577
15000,1234,True,-0.016388925967092675
15000,1235,True,-0.019333662143685527
15000,1236,True,-0.015459148073933993
15000,1237,True,-0.03944133058347197
15000,1238,True,-0.03987946550170115
15000,1239,True,-0.03415809296754967
15000,1240,True,-0.037090200876808775
15000,1241,True,-0.04693848552967884
15000,1242,True,-0.03951048771822152
15000,1243,True,-0.03254767649093358
15000,1244,True,-0.03643453613234914
15000,1245,True,-0.02635546154409612
15000,1246,True,-0.0357913382728623
15000,1247,True,-0.049147567612044044
15000,1248,True,-0.04209081225647313
15000,1249,True,-0.03645130553185148
15000,1250,True,-0.04085023380583205
15000,1251,True,-0.03391896348717055
15000,1252,True,-0.032909423848819966
15000,1253,True,-0.03212661209416026
15000,1254,True,-0.02030136779665067
15000,1255,True,-0.03878639260177347
15000,1256,True,-0.05830994649403513
15000,1257,True,-0.025649483715606502
15000,1258,True,-0.04909479763922105
15000,1259,True,-0.01173443044455078
15000,1260,True,-0.02901177233751435
15000,1261,True,-0.04244630475183503
15000,1262,True,-0.035074896706690124
15000,1263,True,-0.02203040754938126
15000,1264,True,-0.034723072407327596
15000,1265,True,-0.04212353545790932
15000,1266,True,-0.04617812173377774
15000,1267,True,-0.03634767729638524
15000,1268,True,-0.03810899224131591
15000,1269,True,-0.023788746737791105
15000,1270,True,-0.041769048149811625
15000,1271,True,-0.015291294465003357
15000,1272,True,-0.04419030557482968
15000,1273,True,-0.03659822070958604
15000,1274,True,-0.029084745333103828
15000,1275,True,-0.023628839334965547
15000,1276,True,-0.03554177316121405
15000,1277,True,-0.040016436721482064
15000,1278,True,-0.03837748956986299
15000,1279,True,-0.021934453645198432
15000,1280,True,-0.0400943037323353
15000,1281,True,-0.01936560675496971
15000,1282,True,-0.03645031287203747
15000,1283,True,-0.011329110738928557
15000,1284,True,-0.028121157477239804
15000,1285,True,-0.02650925508055061
15000,1286,True,-0.04435340597409278
15000,1287,True,-0.032515014269633415
15000,1288,True,-0.01717699908599657
15000,1289,True,-0.050562001409278176
15000,1290,True,-0.04651703921127202
15000,1291,True,-0.031951616365015985
15000,1292,True,-0.05694504775630497
15000,1293,True,-0.06435574977567346
15000,1294,True,-0.040420056428256086
15000,1295,True,-0.034429567053965944
15000,1296,True,-0.05127143719387357
15000,1297,True,-0.04108088512641064
15000,1298,True,-0.04410524722591676
15000,1299,True,-0.04150294760583676
15000,1300,True,-0.030677975414257715
15000,1301,True,-0.03844257883037798
15000,1302,True,-0.023701588631911855
15000,1303,True,-0.028935218720087696
15000,1304,True,-0.04209429933115544
15000,1305,True,-0.03781335873553908
15000,1306,True,-0.03012626802504182
15000,1307,True,-0.039632987033055386
15000,1308,True,-0.03799812325818901
15000,1309,True,-0.026803328707342023
15000,1310,True,-0.0014457924483302167
15000,1311,True,-0.029283745468242472
15000,1312,True,-0.044277699658479136
15000,1313,True,-0.01624203047172824
15000,1314,True,-0.03320746715578253
15000,1315,True,-0.028705459962761016
15000,1316,True,-0.03810578843084657
15000,1317,True,-0.0559253357491085
15000,1318,True,-0.0583310517036932
15000,1319,True,-0.038407192047690455
15000,1320,True,-0.04307968039464938
15000,1321,True,-0.031681951187799644
15000,1322,True,-0.040197873595005144
15000,1323,True,-0.019210052260136827
15000,1324,True,-0.04631110176816115
15000,1325,True,-0.06242972497417276
15000,1326,True,-0.03780566534180612
15000,1327,True,-0.02989248687174917
15000,1328,True,-0.020173919365535555
15000,1329,True,-0.030577900137041668
15000,1330,True,-0.03120841290479622
15000,1331,True,-0.04794889649240404
15000,1332,True,-0.034372442790532774
15000,1333,True,-0.06091393755019674
15000,1334,True,-0.021625902635856273
15000,1335,True,-0.0384345202318387
15000,1336,True,-0.02512800595687
15000,1337,True,-0.035947147435288276
15000,1338,True,-0.0488845052559765
15000,1339,True,-0.03171362880164459
15000,1340,True,-0.03458231594418512
15000,1341,True,-0.039970712732651306
15000,1342,True,-0.04381493202074262
15000,1343,True,-0.028049719900547686
15000,1344,True,-0.03900324588183771
15000,1345,True,-0.05477559770907832
15000,1346,True,-0.016131023229425456
15000,1347,True,-0.04382411003901486
15000,1348,True,-0.016917660319074237
15000,1349,True,-0.05173222549976018
15000,1350,True,-0.04035879174418977
15000,1351,True,-0.05647312010747515
15000,1352,True,-0.030186265258300083
15000,1353,True,-0.036999241192288986
15000,1354,True,-0.0325855248233658
15000,1355,True,-0.04585863884619334
15000,1356,True,-0.037011203461905604
15000,1357,True,-0.05431797232379435
15000,1358,True,-0.046230074036719956
15000,1359,True,-0.030078801268586686
15000,1360,True,-0.039896391504155755
15000,1361,True,-0.026652996718822163
15000,1362,True,-0.02019555575015696
15000,1363,True,-0.015863124779634315
15000,1364,True,-0.030017249948739045
15000,1365,True,-0.014932924791664326
15000,1366,True,-0.03900976718441464
15000,1367,True,-0.025366343270029523
15000,1368,True,-0.03154564167358394
15000,1369,True,-0.023384028487123624
15000,1370,True,-0.04605626283509952
15000,1371,True,-0.044215261685085924
15000,1372,True,-0.05727034137492439
15000,1373,True,-0.03650305388991699
15000,1374,True,-0.00933987596907503
15000,1375,True,-0.04104913357422466
15000,1376,True,-0.031132385915294013
15000,1377,True,-0.04822683811374602
15000,1378,True,-0.025210305702768034
15000,1379,True,-0.026606365046177832
15000,1380,True,-0.03200938388933065
15000,1381,True,-0.020842760728064
15000,1382,True,-0.02382090810667604
15000,1383,True,-0.052990683260819016
15000,1384,True,-0.0540536847823721
15000,1385,True,-0.05582832986461744
15000,1386,True,-0.021576899348824737
15000,1387,True,-0.03792450285241146
15000,1388,True,-0.030480640453577006
15000,1389,True,-0.03187563250166704
15000,1390,True,-0.04902519458875037
15000,1391,True,-0.025904217478271263
15000,1392,True,-0.045638311838446494
15000,1393,True,-0.03667886236788321
15000,1394,True,-0.048493200283942814
15000,1395,True,-0.046960644201391656
15000,1396,True,-0.05415977391618136
15000,1397,True,-0.05060523712023655
15000,1398,True,-0.04132661904194878
15000,1399,True,-0.014471167071611373
15000,1400,True,-0.005583006452277134
15000,1401,True,-0.04026465810478245
15000,1402,True,-0.039062589123951594
15000,1403,True,-0.013431941303927974
15000,1404,True,-0.022759616328878
15000,1405,True,-0.022475424932856543
15000,1406,True,-0.04598743896334019
15000,1407,True,-0.04395436066033691
15000,1408,True,-0.04225202677208202
15000,1409,True,-0.017734981877838348
15000,1410,True,-0.02687129562203059
15000,1411,True,-0.04854199629349866
15000,1412,True,-0.03075495003775704
15000,1413,True,-0.03494639465781149
15000,1414,True,-0.03357122175464883
15000,1415,True,-0.033934974200251565
15000,1416,True,-0.05287897535176721
15000,1417,True,-0.03593520494723311
15000,1418,True,-0.0355082164516156
15000,1419,True,-0.0448071108925432
15000,1420,True,-0.03420140477645188
15000,1421,True,-0.033509456282857265
15000,1422,True,-0.056618389230429854
15000,1423,True,-0.040464771953838755
15000,1424,True,-0.050395797058624084
15000,1425,True,-0.03764413825478556
15000,1426,True,-0.055477255406635874
15000,1427,True,-0.03660109038879124
15000,1428,True,-0.03091204777166783
15000,1429,True,-0.037522249829271305
15000,1430,True,-0.013516466168614554
15000,1431,True,-0.05227540652035131
15000,1432,True,-0.031092676488396066
15000,1433,True,-0.04639425593403874
15000,1434,True,-0.015853049276545298
15000,1435,True,-0.03741770501961659
15000,1436,True,-0.034747398165270935
15000,1437,True,-0.05354502909398453
15000,1438,True,-0.023438833729055236
15000,1439,True,-0.03584964298931363
15000,1440,True,-0.04323741994959577
15000,1441,True,-0.04513774161663987
15000,1442,True,-0.03277642811371416
15000,1443,True,-0.06179591353892361
15000,1444,True,-0.015421913969100661
15000,1445,True,-0.025174379342697915
15000,1446,True,-0.00837543866679014
15000,1447,True,-0.042437837637159935
15000,1448,True,-0.02055366207947228
15000,1449,True,-0.0413207680698432
15000,1450,True,-0.041927592615287154
15000,1451,True,-0.03400581401180896
15000,1452,True,-0.017601801010262326
15000,1453,True,-0.03419250102498014
15000,1454,True,-0.021014502897674623
15000,1455,True,-0.025308482194270825
15000,1456,True,-0.0369784332656638
15000,1457,True,-0.03367437716072855
15000,1458,True,-0.053322049246474434
15000,1459,True,-0.04191419504763314
15000,1460,True,-0.012003781387867656
15000,1461,True,-0.050012188985009386
15000,1462,True,-0.03260562332063709
15000,1463,True,-0.048850527406420666
15000,1464,True,-0.030205922279639752
15000,1465,True,-0.03753472697075849
15000,1466,True,-0.0451840552956049
15000,1467,True,-0.02298253000497984
15000,1468,True,-0.04140439906530273
15000,1469,True,-0.013195677872323942
15000,1470,True,-0.022461108780347468
15000,1471,True,-0.0373869536455944
15000,1472,True,-0.0418549137283272
15000,1473,True,-0.03639224862529884
15000,1474,True,-0.053506733916068625
15000,1475,True,-0.03482015643548228
15000,1476,True,-0.03982256628944068
15000,1477,True,-0.0267910424234925
15000,1478,True,-0.00031519073598762075
15000,1479,True,-0.03760363546754773
15000,1480,True,-0.02718249355040429
15000,1481,True,-0.01494301660654169
15000,1482,True,-0.04164460099606654
15000,1483,True,-0.026413968347337925
15000,1484,True,-0.032308144158362403
15000,1485,True,-0.04402428602091723
15000,1486,True,-0.03800217245505086
15000,1487,True,-0.04193946011040896
15000,1488,True,-0.051243391096341684
15000,1489,True,-0.03051678514715786
15000,1490,True,-0.035280422638491335
15000,1491,True,-0.04578929282491717
15000,1492,True,-0.01133348472455644
15000,1493,True,-0.04935197128750482
15000,1494,True,-0.04361396918046022
15000,1495,True,-0.03545124793975205
15000,1496,True,-0.05481762889157188
15000,1497,True,-0.04223115158594738
15000,1498,True,-0.04140362198861134
15000,1499,True,-0.03159066580280855
15000,1500,True,-0.0353234552444693
15000,1501,True,-0.018236783243835993
15000,1502,True,-0.011776607725063866
15000,1503,True,-0.024990835466373356
15000,1504,True,-0.03556233076107277
15000,1505,True,-0.040820874195456505
15000,1506,True,-0.04621225764101707
15000,1507,True,-0.05385836508980392
15000,1508,True,-0.04967239292883476
15000,1509,True,-0.050331694269530304
15000,1510,True,-0.018279045658227876
15000,1511,True,-0.04265015362170642
15000,1512,True,-0.046249323506712584
15000,1513,True,-0.04596043671779902
15000,1514,True,-0.038085258286220156
15000,1515,True,-0.04523894913670119
15000,1516,True,-0.02273396755360525
15000,1517,True,-0.02773837608666448
15000,1518,True,-0.04468487455760001
15000,1519,True,-0.04931529704421744
15000,1520,True,-0.0130303744716955
15000,1521,True,-0.05571177995123065
15000,1522,True,-0.02676440749333378
15000,1523,True,-0.04837177173911159
15000,1524,True,-0.021398564705818905
15000,1525,True,-0.05578229257905817
15000,1526,True,-0.027853153558933412
15000,1527,True,-0.01201491097467619
15000,1528,True,-0.030868704380602165
15000,1529,True,-0.05400858075994228
15000,1530,True,-0.05141854338641079
15000,1531,True,-0.041987257018098294
15000,1532,True,-0.05449973112007509
15000,1533,True,-0.028707068215445303
15000,1534,True,-0.009437675937898455
15000,1535,True,-0.02119796787185898
15000,1536,True,-0.050534330449374734
15000,1537,True,-0.06424284054339033
15000,1538,True,-0.05093688398661702
15000,1539,True,-0.028365133452177338
15000,1540,True,-0.04264770900878009
15000,1541,True,-0.04544086575482627
15000,1542,True,-0.04828342888692046
15000,1543,True,-0.0464493925305926
15000,1544,True,-0.037478045676542636
15000,1545,True,-0.038858553512805774
15000,1546,True,-0.04689551566651852
15000,1547,True,-0.05451911314923186
15000,1548,True,-0.05026337478274112
15000,1549,True,-0.03579123716563876
15000,1550,True,-0.05827867348481115
15000,1551,True,-0.03231002606633117
15000,1552,True,-0.048236119317297294
15000,1553,True,-0.05550373031013427
15000,1554,True,-0.03813629558505137
15000,1555,True,-0.05035774954754633
15000,1556,True,-0.02254036733933099
15000,1557,True,-0.011071011877204275
15000,1558,True,-0.04568146789256252
15000,1559,True,-0.04895571914362658
15000,1560,True,-0.02836979490550954
15000,1561,True,-0.04168783067312181
15000,1562,True,-0.025602790877786392
15000,1563,True,-0.03220898436998389
15000,1564,True,-0.05655769208563792
15000,1565,True,-0.052142563771830644
15000,1566,True,-0.03371973511049688
15000,1567,True,-0.05406525113673198
15000,1568,True,-0.05586164916062969
15000,1569,True,-0.04581274020145108
15000,1570,True,-0.04008758051246521
15000,1571,True,-0.02250391889964522
15000,1572,True,-0.03616440696920155
15000,1573,True,-0.031628922889566105
15000,1574,True,-0.008271393126233498
15000,1575,True,-0.0578772042439943
15000,1576,True,-0.04704830704613021
15000,1577,True,-0.05821508408676159
15000,1578,True,-0.050829886404889925
15000,1579,True,-0.028666844912472855
15000,1580,True,-0.030886394925065907
15000,1581,True,-0.04665337328625395
15000,1582,True,-0.027298005630488186
15000,1583,True,-0.02170389548533643
15000,1584,True,-0.017483835085099066
15000,1585,True,-0.015123300582283205
15000,1586,True,-0.03232926106451017
15000,1587,True,-0.023210932486110124
15000,1588,True,-0.035592491651684606
15000,1589,True,-0.03598245979196675
15000,1590,True,-0.043596447880346195
15000,1591,True,-0.026686484370831286
15000,1592,True,-0.049598706902084615
15000,1593,True,-0.03948731672851048
15000,1594,True,-0.0489810744288242
15000,1595,True,-0.04807100534006532
15000,1596,True,-0.04204136988128714
15000,1597,True,-0.04081614123454817
15000,1598,True,-0.034648875568281653
15000,1599,True,-0.02548314112893591
15000,1600,True,-0.028844459430863195
15000,1601,True,-0.04823254914157111
15000,1602,True,-0.027473445547069292
15000,1603,True,-0.03885586479219762
15000,1604,True,-0.046243615685029056
15000,1605,True,-0.03255773428576822
15000,1606,True,-0.019483074879825278
15000,1607,True,-0.04932664123969069
15000,1608,True,-0.06331163468372282
15000,1609,True,-0.05538440719018177
15000,1610,True,-0.006548680933535984
15000,1611,True,-0.043525206161837866
15000,1612,True,-0.04575980328897835
15000,1613,True,-0.0256456260969694
15000,1614,True,-0.03445246376121539
15000,1615,True,-0.03399814594496825
15000,1616,True,-0.048609213121344655
15000,1617,True,-0.03963282418148623
15000,1618,True,-0.03282051164270909
15000,1619,True,-0.03382450632464472
15000,1620,True,-0.06500850002711873
15000,1621,True,-0.054165774055741446
15000,1622,True,-0.03849848851802361
15000,1623,True,-0.02851912010921891
15000,1624,True,-0.04336875249317592
15000,1625,True,-0.02549728364577398
15000,1626,True,-0.06989796518263627
15000,1627,True,-0.05845638088977403
15000,1628,True,-0.07253052778852764
15000,1629,True,-0.043822895159578046
15000,1630,True,-0.027279435286738284
15000,1631,True,-0.004480235748448158
15000,1632,True,-0.03937822704947323
15000,1633,True,-0.04023345006024668
15000,1634,True,-0.04036783203255428
15000,1635,True,-0.05733385994917832
15000,1636,True,-0.044903574929465576
15000,1637,True,-0.04557230884524088
15000,1638,True,-0.043118701037973654
15000,1639,True,-0.03902585321336276
15000,1640,True,-0.051042468354985424
15000,1641,True,-0.04409903756504866
15000,1642,True,-0.02041295566977789
15000,1643,True,-0.052141671864481896
15000,1644,True,-0.04650556354874523
15000,1645,True,-0.034823605998051434
15000,1646,True,-0.04347251047919727
15000,1647,True,-0.03692114403474975
15000,1648,True,-0.028836963991775766
15000,1649,True,-0.03685842434106813
15000,1650,True,-0.04295672024161277
15000,1651,True,-0.017698888633817557
15000,1652,True,-0.04552090267988457
15000,1653,True,-0.02839136315602417
15000,1654,True,-0.02821829303360332
15000,1655,True,-0.043264094697593854
15000,1656,True,-0.050206386815344325
15000,1657,True,-0.029553159003784107
15000,1658,True,-0.047132954316480964
15000,1659,True,-0.0210763409782437
15000,1660,True,-0.026463168622507242
15000,1661,True,-0.05050235943607351
15000,1662,True,-0.055784540381639006
15000,1663,True,-0.031168426688737805
15000,1664,True,-0.048394063510998724
15000,1665,True,-0.028500814292097682
15000,1666,True,-0.057105022361604994
15000,1667,True,-0.0234069247520456
15000,1668,True,-0.019554300591593694
15000,1669,True,-0.05534022341272611
15000,1670,True,-0.022279517266837377
15000,1671,True,-0.030993564318639942
15000,1672,True,-0.02735852471501498
15000,1673,True,-0.0472187052601031
15000,1674,True,-0.04008522983458475
15000,1675,True,-0.017922025609403584
15000,1676,True,-0.013350742598626808
15000,1677,True,-0.036770977434529756
15000,1678,True,-0.0466341086168974
15000,1679,True,-0.04207149860525549
15000,1680,True,-0.055633046718485256
15000,1681,True,-0.04219999814925725
15000,1682,True,-0.04981715653295268
15000,1683,True,-0.057709567340397686
15000,1684,True,-0.03710409526150053
15000,1685,True,-0.04631770156502162
15000,1686,True,-0.03140836912262048
15000,1687,True,-0.017056187753143826
15000,1688,True,-0.044953703485843766
15000,1689,True,-0.032647826112993446
15000,1690,True,-0.04540329690940274
15000,1691,True,-0.048411649846183645
15000,1692,True,-0.04717444374749705
15000,1693,True,-0.013867451845952278
15000,1694,True,-0.03930406650105134
15000,1695,True,-0.020408350468988097
15000,1696,True,-0.024923702412863576
15000,1697,True,-0.0413191794699216
15000,1698,True,-0.04176188403150357
15000,1699,True,-0.024628832080390916
15000,1700,True,-0.04681677523652846
15000,1701,True,-0.032209739037250704
15000,1702,True,-0.02537382805164696
15000,1703,True,-0.045750094335043144
15000,1704,True,-0.04677319225238315
15000,1705,True,-0.05004318726120367
15000,1706,True,-0.03826770771854013
15000,1707,True,-0.03318611016709925
15000,1708,True,-0.030610287034686406
15000,1709,True,-0.04652929374260663
15000,1710,True,-0.03234990702288223
15000,1711,True,-0.04031923433523858
15000,1712,True,-0.05540925531533629
15000,1713,True,-0.05029542222521588
15000,1714,True,-0.04184761362979105
15000,1715,True,-0.04629191924779792
15000,1716,True,-0.029308417104895106
15000,1717,True,-0.05042434170218513
15000,1718,True,-0.054460969806949255
15000,1719,True,-0.0341503226848328
15000,1720,True,-0.04387996606128874
15000,1721,True,-0.042350403753179465
15000,1722,True,-0.057507086621009264
15000,1723,True,-0.04339912604390981
15000,1724,True,-0.030452395834953773
15000,1725,True,-0.0303969446222344
15000,1726,True,-0.029899865835095397
15000,1727,True,-0.02806336014308226
15000,1728,True,-0.051368159220674614
15000,1729,True,-0.03502315829141486
15000,1730,True,-0.03586246249889467
15000,1731,True,-0.05002426635874824
15000,1732,True,-0.033231902222933915
15000,1733,True,-0.056161183821556035
15000,1734,True,-0.030960320170095527
15000,1735,True,-0.04284447918530487
15000,1736,True,-0.02807800771784861
15000,1737,True,-0.03879352873273523
15000,1738,True,-0.05135738627937088
15000,1739,True,-0.029514244052419192
15000,1740,True,-0.05416469221964197
15000,1741,True,-0.033525134094376595
15000,1742,True,-0.028075115672445923
15000,1743,True,-0.02757544649957422
15000,1744,True,-0.046548942462537136
15000,1745,True,-0.055810813707400674
15000,1746,True,-0.038119558148973574
15000,1747,True,-0.041027678541185476
15000,1748,True,-0.02694452730704892
15000,1749,True,-0.03642771192064858
15000,1750,True,-0.0306623590803905
15000,1751,True,-0.0362080637574249
15000,1752,True,-0.05202370624377156
15000,1753,True,-0.04450332201518726
15000,1754,True,-0.01408397805840834
15000,1755,True,-0.03518272718865788
15000,1756,True,-0.03647673206606582
15000,1757,True,-0.02659646664953878
15000,1758,True,-0.05659258739850681
15000,1759,True,-0.043402495127336196
15000,1760,True,-0.02959668355554086
15000,1761,True,-0.050262195307227475
15000,1762,True,-0.06445403783599774
15000,1763,True,-0.04456973249143868
15000,1764,True,-0.021884308251793126
15000,1765,True,-0.03769618761351599
15000,1766,True,-0.032815216806498
15000,1767,True,-0.03674590781550877
15000,1768,True,-0.02953490723315096
15000,1769,True,-0.06341763865412854
15000,1770,True,-0.03423178527891383
15000,1771,True,-0.027284251906992397
15000,1772,True,-0.05904409795114226
15000,1773,True,-0.030835293372596616
15000,1774,True,-0.04282074332896568
15000,1775,True,-0.0364542136735173
15000,1776,True,-0.04654943715347491
15000,1777,True,-0.04176818643773059
15000,1778,True,-0.046210308862142016
15000,1779,True,-0.0162093917251945
15000,1780,True,-0.03567221006970431
15000,1781,True,-0.05273660264496586
15000,1782,True,-0.0333809092232288
15000,1783,True,-0.02687341785473677
15000,1784,True,-0.037918775600001085
15000,1785,True,-0.0589001820216092
15000,1786,True,-0.03720801385416107
15000,1787,True,-0.021147595974304344
15000,1788,True,-0.018428429686033677
15000,1789,True,-0.027865826112139735
15000,1790,True,-0.03174480493671842
15000,1791,True,-0.02161015859773877
15000,1792,True,-0.025407149999969337
15000,1793,True,-0.04839511724246111
15000,1794,True,-0.02991348191368314
15000,1795,True,-0.037163422098466
15000,1796,True,-0.05279559471442535
15000,1797,True,-0.01635451101698753
15000,1798,True,-0.03513581533700744
15000,1799,True,-0.035960167338210544
15000,1800,True,-0.04866293983735663
15000,1801,True,-0.03983278917519237
15000,1802,True,-0.02976774714389212
15000,1803,True,-0.010611514385250227
15000,1804,True,-0.050822557069235816
15000,1805,True,-0.02611470727300987
15000,1806,True,-0.03620911151717879
15000,1807,True,-0.05624062479306914
15000,1808,True,-0.02436885469901188
15000,1809,True,-0.04587827950985478
15000,1810,True,-0.03469818743171395
15000,1811,True,-0.04240310425333421
15000,1812,True,-0.04626174656593467
15000,1813,True,-0.038718395360412244
15000,1814,True,-0.04731684679053648
15000,1815,True,-0.03997650588930936
15000,1816,True,-0.05172550200335548
15000,1817,True,-0.04466575265730103
15000,1818,True,-0.04383422544030353
15000,1819,True,-0.040040041059008276
15000,1820,True,-0.04487830712049996
15000,1821,True,-0.026222569481331098
15000,1822,True,-0.03899876111751414
15000,1823,True,-0.04062324658263217
15000,1824,True,-0.052073493582426
15000,1825,True,-0.024591601711940542
15000,1826,True,-0.03551129823189879
15000,1827,True,-0.03798239121920556
15000,1828,True,-0.03699698732877357
15000,1829,True,-0.0449851553466187
15000,1830,True,-0.04630253682514714
15000,1831,True,-0.03619261981724679
15000,1832,True,-0.06145633162324533
15000,1833,True,-0.0427355106133918
15000,1834,True,-0.033036799451841674
15000,1835,True,-0.024995959638405583
15000,1836,True,-0.03135561291507956
15000,1837,True,-0.034031648608163566
15000,1838,True,-0.04142043325752683
15000,1839,True,-0.03438033261353246
15000,1840,True,-0.033810312683245934
15000,1841,True,-0.023446675611922853
15000,1842,True,-0.031538444639587146
15000,1843,True,-0.05382794167041653
15000,1844,True,-0.05749065590313055
15000,1845,True,-0.029034008954779932
15000,1846,True,-0.06449374859637143
15000,1847,True,-0.0460097880465837
15000,1848,True,-0.022240425094144714
15000,1849,True,-0.03457634139064501
15000,1850,True,-0.0337666464223932
15000,1851,True,-0.05315854079568684
15000,1852,True,-0.06022396846127211
15000,1853,True,-0.062276918491989665
15000,1854,True,-0.019481808143756562
15000,1855,True,-0.02591923269375408
15000,1856,True,-0.031624191538266226
15000,1857,True,-0.05385736555664093
15000,1858,True,-0.0490507750837678
15000,1859,True,-0.039796631603916596
15000,1860,True,-0.04127288258468952
15000,1861,True,-0.044315896327946455
15000,1862,True,-0.03674621056406985
15000,1863,True,-0.039606307037804864
15000,1864,True,-0.024377928302177547
15000,1865,True,-0.04569689248762902
15000,1866,True,-0.04560370901820547
15000,1867,True,-0.03974985043717345
15000,1868,True,-0.042454080218163395
15000,1869,True,-0.01888142895713752
15000,1870,True,-0.060694762355404185
15000,1871,True,-0.03304121420736222
15000,1872,True,-0.0398839248131113
15000,1873,True,-0.02290594955072752
15000,1874,True,-0.03234586054189708
15000,1875,True,-0.028641158334713257
15000,1876,True,-0.037572448122578705
15000,1877,True,-0.027438079291695484
15000,1878,True,-0.0481809156432832
15000,1879,True,-0.04114269618474024
15000,1880,True,-0.027419151121396756
15000,1881,True,-0.037806854181655504
15000,1882,True,-0.014542823499612547
15000,1883,True,-0.027606703562877512
15000,1884,True,-0.05405520850085137
15000,1885,True,-0.02753952822193581
15000,1886,True,-0.04169212249435743
15000,1887,True,-0.018967580348204255
15000,1888,True,-0.04418287535080681
15000,1889,True,-0.050309924572140785
15000,1890,True,-0.05191626701939853
15000,1891,True,-0.04650631948685108
15000,1892,True,-0.04422900365165223
15000,1893,True,-0.025879118379540912
15000,1894,True,-0.045617794580091006
15000,1895,True,-0.0348247991049882
15000,1896,True,-0.02570675283526555
15000,1897,True,-0.037033500422132964
15000,1898,True,-0.05356072604399116
15000,1899,True,-0.01475738191662244
15000,1900,True,-0.019539767903834642
15000,1901,True,-0.04382585611057137
15000,1902,True,-0.03612675597632475
15000,1903,True,-0.03473293683264145
15000,1904,True,-0.0340521300532922
15000,1905,True,-0.06716300129541944
15000,1906,True,-0.025613385826007185
15000,1907,True,-0.04607983555808629
15000,1908,True,-0.056435141119437725
15000,1909,True,-0.04413721665352612
15000,1910,True,-0.020589953883267786
15000,1911,True,-0.04023596410574111
15000,1912,True,-0.048740883222415765
15000,1913,True,-0.045661327536578054
15000,1914,True,-0.03932275502761745
15000,1915,True,-0.03947731029188868
15000,1916,True,-0.027416584331028837
15000,1917,True,-0.011868264284959032
15000,1918,True,-0.03481992137717611
15000,1919,True,-0.03952791152904356
15000,1920,True,-0.021967072878858965
15000,1921,True,-0.039411734914588256
15000,1922,True,-0.041334586328466
15000,1923,True,-0.05213869701058695
15000,1924,True,-0.03390055097376147
15000,1925,True,-0.05070244599348543
15000,1926,True,-0.037716779464410585
15000,1927,True,-0.04137657068507797
15000,1928,True,-0.008988891196867684
15000,1929,True,-0.059294177966772964
15000,1930,True,-0.0206029341079259
15000,1931,True,-0.02267511612162659
15000,1932,True,-0.04270186182261178
15000,1933,True,-0.04516483935006359
15000,1934,True,-0.05227513015651329
15000,1935,True,-0.037331128951268104
15000,1936,True,-0.040131199597711754
15000,1937,True,-0.02788835315920104
15000,1938,True,-0.04410664236407959
15000,1939,True,-0.05513056338946344
15000,1940,True,-0.03412389826480526
15000,1941,True,-0.01890198608918772
15000,1942,True,-0.0699088311898434
15000,1943,True,-0.02296218319244984
15000,1944,True,-0.04771116387018761
15000,1945,True,-0.02913172412876939
15000,1946,True,-0.038198407998002636
15000,1947,True,-0.028284494437487834
15000,1948,True,-0.04621716107811345
15000,1949,True,-0.04159401989777972
15000,1950,True,-0.03011366987356428
15000,1951,True,-0.006381038862288099
15000,1952,True,-0.02630663614877906
15000,1953,True,-0.04194330581837229
15000,1954,True,-0.021462774589455537
15000,1955,True,-0.060455876860985094
15000,1956,True,-0.04440029758611112
15000,1957,True,-0.03274571720427749
15000,1958,True,-0.04271478889582221
15000,1959,True,-0.038548974852541495
15000,1960,True,-0.037974220700558246
15000,1961,True,-0.02839864966500682
15000,1962,True,-0.04332799252512852
15000,1963,True,-0.037160120696728374
15000,1964,True,-0.03438087453629573
15000,1965,True,-0.03910797588254016
15000,1966,True,-0.04714509056555712
15000,1967,True,-0.053020996813891365
15000,1968,True,-0.036238873937630936
15000,1969,True,-0.040634668085589534
15000,1970,True,-0.017680994623335358
15000,1971,True,-0.03132451235486225
15000,1972,True,-0.04439390336006355
15000,1973,True,-0.04205405999084792
15000,1974,True,-0.029980068167135783
15000,1975,True,-0.017093532380607113
15000,1976,True,-0.06329148086284195
15000,1977,True,-0.06219778180425236
15000,1978,True,-0.025508987076568422
15000,1979,True,-0.01124028453101277
15000,1980,True,-0.042975351616438576
15000,1981,True,-0.03900205407058634
15000,1982,True,-0.05583854296356809
15000,1983,True,-0.04334702951601009
15000,1984,True,-0.02673947361468316
15000,1985,True,-0.03450833029940676
15000,1986,True,-0.04626895006114055
15000,1987,True,-0.022370867872954645
15000,1988,True,-0.047642716861789926
15000,1989,True,-0.04232129876062525
15000,1990,True,-0.05324025683723146
15000,1991,True,-0.020136223507358712
15000,1992,True,-0.032129356716118385
15000,1993,True,-0.03141273714278696
15000,1994,True,-0.01910371718474153
15000,1995,True,-0.03813102126786914
15000,1996,True,-0.027266282348712572
15000,1997,True,-0.05721339841682782
15000,1998,True,-0.012472121554416246
15000,1999,True,-0.040451962125556476
20000,0,True,-0.04559682540974591
20000,1,True,-0.02784994177371375
20000,2,True,-0.052612029849895145
20000,3,True,-0.056186240007929565
20000,4,True,-0.030643561073717462
20000,5,True,-0.0486708765145217
20000,6,True,-0.030354655442988605
20000,7,True,-0.04551107316240425
20000,8,True,-0.041646339371677596
20000,9,True,-0.055746247766726785
20000,10,True,-0.023341680610708123
20000,11,True,-0.027964260085483444
20000,12,True,-0.0244857209408217
20000,13,True,-0.006562920491279549
20000,14,True,-0.03835106350698031
20000,15,True,-0.02232148296424004
20000,16,True,-0.04414056317886398
20000,17,True,-0.04632152416048429
20000,18,True,-0.04053770973810722
20000,19,True,-0.03306737119161347
20000,20,True,-0.02610947169031072
20000,21,True,-0.018963427362123163
20000,22,True,-0.032253087781989
20000,23,True,-0.04519877539318198
20000,24,True,-0.054180529598986206
20000,25,True,-0.045571524539366526
20000,26,True,-0.020191987690764458
20000,27,True,-0.009811146471637534
20000,28,True,-0.01851114638197999
20000,29,True,-0.047692561357057524
20000,30,True,-0.02925010264059174
20000,31,True,-0.02495036268299687
20000,32,True,-0.02983995176453405
20000,33,True,-0.03833281915923056
20000,34,True,-0.045518787065595874
20000,35,True,-0.01596568460580643
20000,36,True,-0.051316358403791174
20000,37,True,-0.020162497830519134
20000,38,True,-0.01897531507247702
20000,39,True,-0.043552889140591924
20000,40,True,-0.043411218944824505
20000,41,True,-0.01964460308713043
20000,42,True,-0.0437014107928237
20000,43,True,-0.046987679915685046
20000,44,True,-0.04303180923300383
20000,45,True,-0.03550067602987716
20000,46,True,-0.05348762236065626
20000,47,True,-0.04351368690062559
20000,48,True,-0.018536486195321937
20000,49,True,-0.02665105737319674
20000,50,True,-0.04146009416021853
20000,51,True,-0.038358058815267444
20000,52,True,-0.016353867002215437
20000,53,True,-0.03661591174705554
20000,54,True,-0.038912220914725536
20000,55,True,-0.04561399177367278
20000,56,True,-0.05455626133180802
20000,57,True,-0.05502559587306481
20000,58,True,-0.02918178331379621
20000,59,True,-0.03656065323385595
20000,60,True,-0.04111536274019224
20000,61,True,-0.042906976201115554
20000,62,True,-0.03230468299597653
20000,63,True,-0.03983272447148521
20000,64,True,-0.04746643334383832
20000,65,True,-0.04867811765663622
20000,66,True,-0.029718660747444857
20000,67,True,-0.05300286416346182
20000,68,True,-0.03699140749655646
20000,69,True,-0.03674324728233962
20000,70,True,-0.04574670201772499
20000,71,True,-0.027284713408651202
20000,72,True,-0.04201542732372972
20000,73,True,-0.03760073402529761
20000,74,True,-0.024276437564006638
20000,75,True,-0.02459413414828751
20000,76,True,-0.032660033075914904
20000,77,True,-0.043644346847020586
20000,78,True,-0.044799168117914345
20000,79,True,-0.03447941151520089
20000,80,True,-0.05236302591202049
20000,81,True,-0.044132358332836234
20000,82,True,-0.015540466078869709
20000,83,True,-0.04050012168053517
20000,84,True,-0.043857833596422265
20000,85,True,-0.05203161769202162
20000,86,True,-0.021450754183577305
20000,87,True,-0.035532593670417334
20000,88,True,-0.03017234140350003
20000,89,True,-0.03196628718270257
20000,90,True,-0.03231906906679161
20000,91,True,-0.04613091453059718
20000,92,True,-0.041967732125814894
20000,93,True,-0.029825704200563012
20000,94,True,-0.038768802868696654
20000,95,True,-0.030131187634931573
20000,96,True,-0.03578996012065311
20000,97,True,-0.020951652180921643
20000,98,True,-0.034765433385813053
20000,99,True,-0.029609995059050803
20000,100,True,-0.04420726276327281
20000,101,True,-0.046931103349807005
20000,102,True,-0.0468251767834866
20000,103,True,-0.05906005661970717
20000,104,True,-0.014285554235443611
20000,105,True,-0.021047276442403368
20000,106,True,-0.036612764106730054
20000,107,True,-0.05061677837249987
20000,108,True,-0.06372973315627571
20000,109,True,-0.03221886733703413
20000,110,True,-0.03475365060456907
20000,111,True,-0.031012491776767674
20000,112,True,-0.03746965880984455
20000,113,True,-0.04120945207085701
20000,114,True,-0.024428205097944914
20000,115,True,-0.04465530018105355
20000,116,True,-0.02474091711623877
20000,117,True,-0.03035735556482725
20000,118,True,-0.02333375225699962
20000,119,True,-0.024518183441687342
20000,120,True,-0.028960765527732246
20000,121,True,-0.01892190464303313
20000,122,True,-0.031073774178084285
20000,123,True,-0.025428750281376207
20000,124,True,-0.03773900970611477
20000,125,True,-0.035273556634932396
20000,126,True,-0.039463432050681035
20000,127,True,-0.03130528802381835
20000,128,True,-0.02124055668169181
20000,129,True,-0.02647047368342089
20000,130,True,-0.019983372075591394
20000,131,True,-0.03630417366608847
20000,132,True,-0.052920113172801896
20000,133,True,-0.055573888306312644
20000,134,True,-0.02715888955317855
20000,135,True,-0.036413157829652175
20000,136,True,-0.026513906235215233
20000,137,True,-0.029389826001262782
20000,138,True,-0.05673457504589182
20000,139,True,-0.04844187446262062
20000,140,True,-0.02679447136014048
20000,141,True,-0.023001612607540523
20000,142,True,-0.054825973604651836
20000,143,True,-0.019717574310328882
20000,144,True,-0.0588470894678748
20000,145,True,-0.05406738343395658
20000,146,True,-0.0055299144147961206
20000,147,True,-0.05259295007836941
20000,148,True,-0.055156426852552884
20000,149,True,-0.03423781779920339
20000,150,True,-0.04228338858184486
20000,151,True,-0.04216893953275262
20000,152,True,-0.05300755027773728
20000,153,True,-0.032936387726913076
20000,154,True,-0.01716479217201543
20000,155,True,-0.03843207885631364
20000,156,True,-0.061447640924456856
20000,157,True,-0.028895082088227143
20000,158,True,-0.04549161978896357
20000,159,True,-0.022625001416521778
20000,160,True,-0.02136169560185005
20000,161,True,-0.025711057723892483
20000,162,True,-0.05279150415307728
20000,163,True,-0.04812108633596602
20000,164,True,-0.029712398325414592
20000,165,True,-0.03446196268210784
20000,166,True,-0.04865067956813486
20000,167,True,-0.03856536471080976
20000,168,True,-0.009808110552138444
20000,169,True,-0.0728317455827144
20000,170,True,-0.011554135269051496
20000,171,True,-0.04628205645930768
20000,172,True,-0.040268479025515454
20000,173,True,-0.03687075432082134
20000,174,True,-0.04784555431482041
20000,175,True,-0.07117584749121045
20000,176,True,-0.040339390048316805
20000,177,True,-0.04038577229614833
20000,178,True,-0.051919002706764875
20000,179,True,-0.0325450157201025
20000,180,True,-0.05146102975727337
20000,181,True,-0.05078639129222103
20000,182,True,-0.04062492640213639
20000,183,True,-0.049097404445890794
20000,184,True,-0.059038718183963834
20000,185,True,-0.05053284973218049
20000,186,True,-0.045361496054785934
20000,187,True,-0.03453940897295096
20000,188,True,-0.033360116230860055
20000,189,True,-0.017511583398896295
20000,190,True,-0.03216848962499902
20000,191,True,-0.04021175969592904
20000,192,True,-0.03121333855331617
20000,193,True,-0.012839598431007498
20000,194,True,-0.05544223301232025
20000,195,True,-0.04657552081845902
20000,196,True,-0.039224452457827824
20000,197,True,-0.05532657357393903
20000,198,True,-0.027972064775876916
20000,199,True,-0.05202314605831153
20000,200,True,-0.04059005692746441
20000,201,True,-0.04146926761493955
20000,202,True,-0.039809440761306006
20000,203,True,-0.04985101479381807
20000,204,True,-0.04205181535186176
20000,205,True,-0.03273179390925119
20000,206,True,-0.03775324867417483
20000,207,True,-0.03075814290592353
20000,208,True,-0.04037600003932572
20000,209,True,-0.02042051467502074
20000,210,True,-0.04754110395497868
20000,211,True,-0.061093629579195265
20000,212,True,-0.02738298251135085
20000,213,True,-0.04571888853566382
20000,214,True,-0.02531640241251078
20000,215,True,-0.056238354853544614
20000,216,True,-0.043757261205257705
20000,217,True,-0.02384140171011909
20000,218,True,-0.011714056048724653
20000,219,True,-0.023897665586018798
20000,220,True,-0.011472233960392748
20000,221,True,-0.03901813491283544
20000,222,True,-0.03026307966494953
20000,223,True,-0.04288183081463699
20000,224,True,-0.04731498390915444
20000,225,True,-0.04359125973640082
20000,226,True,-0.03316057830846713
20000,227,True,-0.018873299595016275
20000,228,True,-0.03935930088239996
20000,229,True,-0.028121319927406414
20000,230,True,-0.046391626401913647
20000,231,True,-0.03062553072058081
20000,232,True,-0.05035829756483758
20000,233,True,-0.046343033050260954
20000,234,True,-0.03484522645891521
20000,235,True,-0.029172039975415887
20000,236,True,-0.029226773270924676
20000,237,True,-0.02997734211909465
20000,238,True,-0.03563569043530273
20000,239,True,-0.02034614581703707
20000,240,True,-0.04079252357627373
20000,241,True,-0.051122902945450674
20000,242,True,-0.03752208320521343
20000,243,True,-0.0465466756358405
20000,244,True,-0.03868333383841323
20000,245,True,-0.051302814214755355
20000,246,True,-0.038386985701378384
20000,247,True,-0.031494625641174445
20000,248,True,-0.049156134462276894
20000,249,True,-0.03870056612296067
20000,250,True,-0.0377448783497751
20000,251,True,-0.05276972988633405
20000,252,True,-0.03706927984895243
20000,253,True,-0.031458244898906744
20000,254,True,-0.03830783783018752
20000,255,True,-0.031606993856765075
20000,256,True,-0.06004968567179234
20000,257,True,-0.04819536268062847
20000,258,True,-0.055327136016566025
20000,259,True,-0.02329658719169999
20000,260,True,-0.036511697273264754
20000,261,True,-0.025814707037558098
20000,262,True,-0.037539790837244943
20000,263,True,-0.046948484307701
20000,264,True,-0.04340930241369735
20000,265,True,-0.009639030034890564
20000,266,True,-0.033881731788886156
20000,267,True,-0.04020762789240694
20000,268,True,-0.03979550092566121
20000,269,True,-0.04433597679700164
20000,270,True,-0.04137445092801818
20000,271,True,-0.03535510292944327
20000,272,True,-0.04636255614517839
20000,273,True,-0.02419841881310252
20000,274,True,-0.014718421604803699
20000,275,True,-0.047014422190880006
20000,276,True,-0.033953243633549395
20000,277,True,-0.04561632097167571
20000,278,True,-0.04788254889448555
20000,279,True,-0.03263895626512325
20000,280,True,-0.02885332257329935
20000,281,True,-0.030055685431718337
20000,282,True,-0.04395283752223176
20000,283,True,-0.023604717235326745
20000,284,True,-0.05447235271500746
20000,285,True,-0.048918891035211486
20000,286,True,-0.02063104240924767
20000,287,True,-0.04185909429912982
20000,288,True,-0.03570051415383601
20000,289,True,-0.036773848794741174
20000,290,True,-0.03371671040065409
20000,291,True,-0.0347651504294596
20000,292,True,-0.03716304549712157
20000,293,True,-0.047845333467933064
20000,294,True,-0.01946279814326774
20000,295,True,-0.05117651748659045
20000,296,True,-0.012414037332153738
20000,297,True,-0.027308379638540443
20000,298,True,-0.037089660358886944
20000,299,True,-0.014432683773010675
20000,300,True,-0.056970465557913366
20000,301,True,-0.03462742794136715
20000,302,True,-0.0495713965269979
20000,303,True,-0.010869768712030669
20000,304,True,-0.03606353414045504
20000,305,True,-0.04192905192890394
20000,306,True,-0.020405526956534588
20000,307,True,-0.03642573465261713
20000,308,True,-0.05016282203439539
20000,309,True,-0.033856065554623296
20000,310,True,-0.04241592596039702
20000,311,True,-0.022160058003720638
20000,312,True,-0.02636975042524587
20000,313,True,-0.04098692610125014
20000,314,True,-0.03599983633382479
20000,315,True,-0.0358726254523616
20000,316,True,-0.011417343332410967
20000,317,True,-0.043249750216855884
20000,318,True,-0.02705437549554781
20000,319,True,-0.021418130394818748
20000,320,True,-0.03540167934606902
20000,321,True,-0.020357903269503642
20000,322,True,-0.04264287777315952
20000,323,True,-0.021780362675710947
20000,324,True,-0.045005053457422214
20000,325,True,-0.038203635973942565
20000,326,True,-0.031335217790138
20000,327,True,-0.04854349587407257
20000,328,True,-0.033508705074036284
20000,329,True,-0.013026378525558593
20000,330,True,-0.025537361508356983
20000,331,True,-0.04960232363763326
20000,332,True,-0.036442392113785166
20000,333,True,-0.02722268177999566
20000,334,True,-0.027156745533869476
20000,335,True,-0.03457808543431545
20000,336,True,-0.024378360762504558
20000,337,True,-0.03189914503087975
20000,338,True,-0.039128572210262114
20000,339,True,-0.008819270932706296
20000,340,True,-0.05200072042002555
20000,341,True,-0.05067759069598834
20000,342,True,-0.028787728853960182
20000,343,True,-0.04080009873860509
20000,344,True,-0.03706370037391408
20000,345,True,-0.0323203954902025
20000,346,True,-0.021176352192698488
20000,347,True,-0.03985728758496001
20000,348,True,-0.04028905528305292
20000,349,True,-0.04053181429199419
20000,350,True,-0.04339303023022971
20000,351,True,-0.054912164467833056
20000,352,True,-0.05463864340124068
20000,353,True,-0.027047637124852263
20000,354,True,-0.030197047109162427
20000,355,True,-0.037724050662125586
20000,356,True,-0.04028696113860481
20000,357,True,-0.02470412848642932
20000,358,True,-0.03190067151067115
20000,359,True,-0.05842927605085393
20000,360,True,-0.0336636784064558
20000,361,True,-0.04230454991148551
20000,362,True,-0.026379556434183115
20000,363,True,-0.016448749736861813
20000,364,True,-0.04424479743249157
20000,365,True,-0.03175459199634306
20000,366,True,-0.026211945109328345
20000,367,True,-0.04407494334103031
20000,368,True,-0.02518093330032266
20000,369,True,-0.031568815332645814
20000,370,True,-0.0150142709211437
20000,371,True,-0.02452627692804524
20000,372,True,-0.04097662491395322
20000,373,True,-0.04355203119551006
20000,374,True,-0.04785393299610883
20000,375,True,-0.05869824445596335
20000,376,True,-0.029133242285602313
20000,377,True,-0.04331867554619069
20000,378,True,-0.02862808099929018
20000,379,True,-0.05744980825874464
20000,380,True,-0.025829284452204587
20000,381,True,-0.03956272216007658
20000,382,True,-0.06281109567429526
20000,383,True,-0.0076126381526887225
20000,384,True,-0.032912652300440826
20000,385,True,-0.03824930439376528
20000,386,True,-0.03193183628362446
20000,387,True,-0.04840545566788322
20000,388,True,-0.032366267840703254
20000,389,True,-0.051325029031039124
20000,390,True,-0.03323450959223154
20000,391,True,-0.02526610145843709
20000,392,True,-0.024510987643584597
20000,393,True,-0.0312798482181567
20000,394,True,-0.03597178373131734
20000,395,True,-0.04751693202282476
20000,396,True,-0.00904682226962587
20000,397,True,-0.05216941917796112
20000,398,True,-0.05571416255389221
20000,399,True,-0.04759801739460699
20000,400,True,-0.0405769085747918
20000,401,True,-0.04480786955868285
20000,402,True,-0.05730473746150867
20000,403,True,-0.04429007271006969
20000,404,True,-0.046089527637811135
20000,405,True,-0.056801257328382745
20000,406,True,-0.03019919400508484
20000,407,True,0.001170006512303297
20000,408,True,-0.046528382649900266
20000,409,True,-0.035599638217819626
20000,410,True,-0.02776450502661173
20000,411,True,-0.041798974880842416
20000,412,True,-0.04430240955537447
20000,413,True,-0.046167109041373756
20000,414,True,-0.027172972429635726
20000,415,True,-0.04861076133645598
20000,416,True,-0.03178470958934011
20000,417,True,-0.03234635052055179
20000,418,True,-0.03539927330687658
20000,419,True,-0.04275068506636022
20000,420,True,-0.0481160644115372
20000,421,True,-0.0397711998072126
20000,422,True,-0.03873621862874784
20000,423,True,-0.047816114639934265
20000,424,True,-0.026401396206443755
20000,425,True,-0.0418051695193648
20000,426,True,-0.03185804839001282
20000,427,True,-0.02181664222024398
20000,428,True,-0.050580608507620986
20000,429,True,-0.037381827325416075
20000,430,True,-0.03545273954046933
20000,431,True,-0.029050746829988726
20000,432,True,-0.051921309117691716
20000,433,True,-0.0297335817947192
20000,434,True,-0.05054249306599341
20000,435,True,-0.0511348697748353
20000,436,True,-0.030978722915117808
20000,437,True,-0.04897085855711267
20000,438,True,-0.03211021651704376
20000,439,True,-0.021791452464645
20000,440,True,-0.039793981491074354
20000,441,True,-0.039124332666548474
20000,442,True,-0.03937138305152767
20000,443,True,-0.02811401136421956
20000,444,True,-0.026676229675431172
20000,445,True,-0.03976329533278216
20000,446,True,-0.01759161643371517
20000,447,True,-0.0592368404167952
20000,448,True,-0.04172242309311129
20000,449,True,-0.053313577995442826
20000,450,True,-0.034125561741778346
20000,451,True,-0.04810192096735626
20000,452,True,-0.0219257191914786
20000,453,True,-0.014917045771017018
20000,454,True,-0.03780228634490781
20000,455,True,-0.0168985401721735
20000,456,True,-0.03944850785289067
20000,457,True,-0.04027464045990167
20000,458,True,-0.02892269955038649
20000,459,True,-0.0429363113628909
20000,460,True,-0.020465484456021425
20000,461,True,-0.032117531420974
20000,462,True,-0.027905342235895674
20000,463,True,-0.05032866728601744
20000,464,True,-0.036566085090904366
20000,465,True,-0.050888113526825804
20000,466,True,-0.04961044759223489
20000,467,True,-0.05564514364978379
20000,468,True,-0.04646768373955649
20000,469,True,-0.04212315362454621
20000,470,True,-0.02850933611283251
20000,471,True,-0.0386714138447445
20000,472,True,-0.035242477670274455
20000,473,True,-0.024121503961632054
20000,474,True,-0.02471548349175757
20000,475,True,-0.04726706560122442
20000,476,True,-0.055094354760048446
20000,477,True,-0.04135484395917107
20000,478,True,-0.014541148086604328
20000,479,True,-0.043831892375438226
20000,480,True,-0.034482207892176174
20000,481,True,-0.03804681326242642
20000,482,True,-0.017574487103019665
20000,483,True,-0.04116898536379338
20000,484,True,-0.02226527212931484
20000,485,True,-0.037918434667188826
20000,486,True,-0.03221693080444256
20000,487,True,-0.02232870354078681
20000,488,True,-0.04182221394921955
20000,489,True,-0.035487986044499494
20000,490,True,-0.03901988436008712
20000,491,True,-0.05133229037037479
20000,492,True,-0.01636767302287327
20000,493,True,-0.031593712229334596
20000,494,True,-0.026952780948611043
20000,495,True,-0.045563163466991165
20000,496,True,-0.03507086372643585
20000,497,True,-0.0026372920155569315
20000,498,True,-0.004323618517792839
20000,499,True,-0.0390793931741612
20000,500,True,-0.011870694202947021
20000,501,True,-0.015155453426590696
20000,502,True,-0.02548816825832298
20000,503,True,-0.03957697697253857
20000,504,True,-0.05293705019094121
20000,505,True,-0.046718768944306606
20000,506,True,-0.013365207613924582
20000,507,True,-0.024738447807027955
20000,508,True,-0.037356613479603853
20000,509,True,-0.04489554100808317
20000,510,True,-0.025734194064658312
20000,511,True,-0.026631849547044513
20000,512,True,-0.04414441472149114
20000,513,True,-0.02891392306603905
20000,514,True,-0.05206281963041413
20000,515,True,-0.025288204492639844
20000,516,True,-0.03830707965275433
20000,517,True,-0.06122792702486568
20000,518,True,-0.049367250900835616
20000,519,True,-0.04185016679201696
20000,520,True,-0.026995918666270748
20000,521,True,-0.05575159207846768
20000,522,True,-0.030674567537476726
20000,523,True,-0.02180951882031929
20000,524,True,-0.043687395298874596
20000,525,True,-0.02417095381073956
20000,526,True,-0.034789319729898384
20000,527,True,-0.050612506342388355
20000,528,True,-0.037185602515454524
20000,529,True,-0.029863869591065316
20000,530,True,-0.03658671851507524
20000,531,True,-0.030994881365297194
20000,532,True,-0.05344371857495702
20000,533,True,-0.022381911285253256
20000,534,True,-0.055566801693040936
20000,535,True,-0.029439925404849708
20000,536,True,-0.04577407706101928
20000,537,True,-0.027958343060276863
20000,538,True,-0.03700318706006721
20000,539,True,-0.0322845494081162
20000,540,True,-0.03511784244019976
20000,541,True,-0.03909117990921897
20000,542,True,-0.0648430569701402
20000,543,True,-0.014862097637818988
20000,544,True,-0.04610631268565904
20000,545,True,-0.027795092273438966
20000,546,True,-0.043367553289525976
20000,547,True,-0.018933610042050873
20000,548,True,-0.05369156533153248
20000,549,True,-0.0333949416805525
20000,550,True,-0.04566939778637121
20000,551,True,-0.04266067164553827
20000,552,True,-0.0389461969635451
20000,553,True,-0.03430228339170865
20000,554,True,-0.0366447656957807
20000,555,True,-0.0595916908979844
20000,556,True,-0.0064590044430010915
20000,557,True,-0.03297092402304208
20000,558,True,-0.042326198113859785
20000,559,True,-0.03163190056692248
20000,560,True,-0.02912404973135454
20000,561,True,-0.026663649147132085
20000,562,True,-0.03835945897517922
20000,563,True,-0.07487210807267183
20000,564,True,-0.03974219905841556
20000,565,True,-0.027754821496950806
20000,566,True,-0.032198885228542855
20000,567,True,-0.02322944430503359
20000,568,True,-0.03226495120463428
20000,569,True,-0.027150386807358894
20000,570,True,-0.03425219766100111
20000,571,True,-0.029717957485372766
20000,572,True,-0.05239538863832229
20000,573,True,-0.05126868327764174
20000,574,True,-0.0503400350689621
20000,575,True,-0.043658860477211354
20000,576,True,-0.04080109202585574
20000,577,True,-0.04647695144958055
20000,578,True,-0.009086126263325089
20000,579,True,-0.032625615382889134
20000,580,True,-0.05267512243009557
20000,581,True,-0.045186126823450606
20000,582,True,-0.05329287452910967
20000,583,True,-0.029113095846499053
20000,584,True,-0.028905092571048934
20000,585,True,-0.05386633416315865
20000,586,True,-0.055291826577095214
20000,587,True,-0.03296884243912775
20000,588,True,-0.04724526620979936
20000,589,True,-0.03465687179640545
20000,590,True,-0.04350480333486213
20000,591,True,-0.027832723631838065
20000,592,True,-0.02422515248177981
20000,593,True,-0.052268348128354146
20000,594,True,-0.021958987910980263
20000,595,True,-0.06158984908382327
20000,596,True,-0.015106408244372085
20000,597,True,-0.04750767945336333
20000,598,True,-0.0321012158576784
20000,599,True,-0.02259053673642597
20000,600,True,-0.023651110526099105
20000,601,True,-0.051556963893296115
20000,602,True,-0.04412681866038891
20000,603,True,-0.0509491629726308
20000,604,True,-0.016833499105413256
20000,605,True,-0.0574776368773499
20000,606,True,-0.03418099394155202
20000,607,True,-0.03632840264934682
20000,608,True,-0.025821856298430545
20000,609,True,-0.05866980505937258
20000,610,True,-0.030484563480820275
20000,611,True,-0.04552773978840928
20000,612,True,-0.03675750750236083
20000,613,True,-0.047935717905282345
20000,614,True,-0.040862083813706936
20000,615,True,-0.030465688328338198
20000,616,True,-0.03149482078258552
20000,617,True,-0.03223743616768734
20000,618,True,-0.04398027007470344
20000,619,True,-0.0069286551184797205
20000,620,True,-0.049152814124838975
20000,621,True,-0.04009764939623338
20000,622,True,-0.03385073655394068
20000,623,True,-0.04235706214376976
20000,624,True,-0.025725862373130248
20000,625,True,-0.025366305074021524
20000,626,True,-0.02336634893056969
20000,627,True,-0.03623277829685519
20000,628,True,-0.05124353541400782
20000,629,True,-0.026701034223247093
20000,630,True,-0.03446181885658981
20000,631,True,-0.03367946303605189
20000,632,True,-0.03861671470420306
20000,633,True,-0.042924802449094863
20000,634,True,-0.01953787835747339
20000,635,True,-0.03861106113349792
20000,636,True,-0.02553510611058788
20000,637,True,-0.056717882067089095
20000,638,True,-0.05892311226953643
20000,639,True,-0.05215464579806285
20000,640,True,-0.016497420961278337
20000,641,True,-0.04868888385063216
20000,642,True,-0.018792492642316798
20000,643,True,-0.04266676288250042
20000,644,True,-0.01807052084878315
20000,645,True,-0.030835996467560113
20000,646,True,-0.050677089975782894
20000,647,True,-0.03737860366396171
20000,648,True,-0.038937967460525705
20000,649,True,-0.025923497929737128
20000,650,True,-0.04269774547330612
20000,651,True,-0.04527703470365148
20000,652,True,-0.02999639296826821
20000,653,True,-0.04224055428582056
20000,654,True,-0.031477397573669075
20000,655,True,-0.04287109459166931
20000,656,True,-0.015105607064997107
20000,657,True,-0.03674373025566141
20000,658,True,-0.03633469771217525
20000,659,True,-0.038680508875011135
20000,660,True,-0.03966694782399448
20000,661,True,-0.05114197265381689
20000,662,True,-0.042318374162631504
20000,663,True,-0.047161118170542485
20000,664,True,-0.06679404029216837
20000,665,True,-0.059673608993420224
20000,666,True,-0.04115271161210747
20000,667,True,-0.04842617470783926
20000,668,True,-0.034722158041469484
20000,669,True,-0.04661983806771451
20000,670,True,-0.03044502666096613
20000,671,True,-0.041256000142829305
20000,672,True,-0.04647510059410857
20000,673,True,-0.02799960039816777
20000,674,True,-0.038821924462770704
20000,675,True,-0.03856163613021123
20000,676,True,-0.016767509736306245
20000,677,True,-0.03981297929243293
20000,678,True,-0.017185881879718173
20000,679,True,-0.04682058262162028
20000,680,True,-0.05457771670097629
20000,681,True,-0.036524256279728495
20000,682,True,-0.04426739436330915
20000,683,True,-0.019428849520024917
20000,684,True,-0.05068835935868744
20000,685,True,-0.018268721099062753
20000,686,True,-0.039543461525939114
20000,687,True,-0.047070551498033894
20000,688,True,-0.038715055360759296
20000,689,True,-0.04107896066016287
20000,690,True,-0.015675895203641425
20000,691,True,-0.05936720939537883
20000,692,True,-0.03002800622569421
20000,693,True,-0.029729453099278914
20000,694,True,-0.04528643556957522
20000,695,True,-0.025368400413096803
20000,696,True,-0.024548340281113128
20000,697,True,-0.029261953433584932
20000,698,True,-0.05584387083165889
20000,699,True,-0.031984439571294765
20000,700,True,-0.023764504918329588
20000,701,True,-0.03717250546168725
20000,702,True,-0.01450703753946558
20000,703,True,-0.035685215226992154
20000,704,True,-0.021759163540626757
20000,705,True,-0.022361046903078274
20000,706,True,-0.05386495867584769
20000,707,True,-0.03380428936166381
20000,708,True,-0.0361898969135243
20000,709,True,-0.04339117279449857
20000,710,True,-0.02846377674696886
20000,711,True,-0.028435851684485352
20000,712,True,-0.037933480717609866
20000,713,True,-0.02853669817915073
20000,714,True,-0.001605670963475754
20000,715,True,-0.02351223420331588
20000,716,True,-0.03677124377438675
20000,717,True,-0.040961768083689135
20000,718,True,-0.039678779059788574
20000,719,True,-0.03126190456874845
20000,720,True,-0.026913401288529128
20000,721,True,-0.02548544783991507
20000,722,True,-0.039383151841783495
20000,723,True,-0.056637692460134614
20000,724,True,-0.04937100433225144
20000,725,True,-0.05877844734931834
20000,726,True,-0.04515689900635227
20000,727,True,-0.05342225267151931
20000,728,True,-0.04371081374584211
20000,729,True,-0.04358105262210457
20000,730,True,-0.028931977509059053
20000,731,True,-0.044723850213091575
20000,732,True,-0.029329627084929366
20000,733,True,-0.04168364456378339
20000,734,True,-0.05102217125584185
20000,735,True,-0.006605804401924662
20000,736,True,-0.05704137256572587
20000,737,True,-0.059813797771658815
20000,738,True,-0.03359306219260859
20000,739,True,-0.046219047676312644
20000,740,True,-0.042803790343720824
20000,741,True,-0.034452567206552674
20000,742,True,-0.008017230468005138
20000,743,True,-0.010712138196269257
20000,744,True,-0.0023228947311120284
20000,745,True,-0.030862928865470506
20000,746,True,-0.04711090719734061
20000,747,True,-0.02224752131524212
20000,748,True,-0.0650027078195757
20000,749,True,-0.020363967002531215
20000,750,True,-0.01926457393734304
20000,751,True,-0.020699798922251454
20000,752,True,-0.011967087990217187
20000,753,True,-0.04368994793937714
20000,754,True,-0.019404296700621288
20000,755,True,-0.03657228457504113
20000,756,True,-0.03937791696643718
20000,757,True,-0.02772029772994713
20000,758,True,-0.04831599169049928
20000,759,True,-0.019935986948608257
20000,760,True,-0.036278982338941515
20000,761,True,-0.027861604810686242
20000,762,True,-0.04493349389987757
20000,763,True,-0.03270816574187946
20000,764,True,-0.053285875269491724
20000,765,True,-0.03810738471721249
20000,766,True,-0.0069561341654578055
20000,767,True,-0.024807995280971357
20000,768,True,-0.021498556729162153
20000,769,True,-0.04970407106166096
20000,770,True,-0.03470459649234368
20000,771,True,-0.06305348379379991
20000,772,True,-0.04624191373553928
20000,773,True,-0.035274770976501356
20000,774,True,-0.03571815732208957
20000,775,True,-0.03166919447291416
20000,776,True,-0.03987472380548774
20000,777,True,-0.030335827402223466
20000,778,True,-0.04588656849226706
20000,779,True,-0.03406588841589201
20000,780,True,-0.05113253317866735
20000,781,True,-0.035341697710143886
20000,782,True,-0.0230396101209572
20000,783,True,-0.049192109267631026
20000,784,True,-0.03693681977003781
20000,785,True,-0.034329381204304864
20000,786,True,-0.03518872920161684
20000,787,True,-0.07492703585591329
20000,788,True,-0.015220514611538366
20000,789,True,-0.04554851209217905
20000,790,True,-0.05973730369248302
20000,791,True,-0.026495693540034414
20000,792,True,-0.06144444634880615
20000,793,True,-0.04011158176142576
20000,794,True,-0.04376815413668243
20000,795,True,-0.018196550572949163
20000,796,True,-0.04032021445547756
20000,797,True,-0.037594413753819236
20000,798,True,-0.040586767632576105
20000,799,True,-0.042606865687076716
20000,800,True,-0.05906056921815195
20000,801,True,-0.0455461771416718
20000,802,True,-0.01238020765914284
20000,803,True,-0.039716580647392793
20000,804,True,-0.03329858248865206
20000,805,True,-0.030976230954357004
20000,806,True,-0.03632714726716081
20000,807,True,-0.03402866700646257
20000,808,True,-0.03351193323859204
20000,809,True,-0.009301262439383222
20000,810,True,-0.037410826185555884
20000,811,True,-0.03565415500860056
20000,812,True,-0.0366344911171296
20000,813,True,-0.03942665341674915
20000,814,True,-0.04222359820807285
20000,815,True,-0.03840859752182508
20000,816,True,-0.03582119789452656
20000,817,True,-0.03397525075639579
20000,818,True,-0.0427475077468368
20000,819,True,-0.03430098717559303
20000,820,True,-0.03892780801769515
20000,821,True,-0.020866075672680937
20000,822,True,-0.044210698295985285
20000,823,True,-0.020430995201143904
20000,824,True,-0.022565023439918765
20000,825,True,-0.03154533878517309
20000,826,True,-0.03800687067182963
20000,827,True,-0.013157666360605549
20000,828,True,-0.035974927612907666
20000,829,True,-0.03142691581578943
20000,830,True,-0.037092534718359174
20000,831,True,-0.03943280975123566
20000,832,True,-0.04851809199078051
20000,833,True,-0.0400543440781537
20000,834,True,-0.050285981287638636
20000,835,True,-0.03488625572505481
20000,836,True,-0.026961171129971075
20000,837,True,-0.059328954976143766
20000,838,True,-0.045174383450223184
20000,839,True,-0.014241547215510181
20000,840,True,-0.04345725877185166
20000,841,True,-0.04698734576722038
20000,842,True,-0.0301823771333792
20000,843,True,-0.039666363692972814
20000,844,True,-0.024552860781646427
20000,845,True,-0.04207953467000103
20000,846,True,-0.03583918304525971
20000,847,True,-0.04151931527659671
20000,848,True,-0.0448921179856844
20000,849,True,-0.027219813798187952
20000,850,True,-0.036314591499652264
20000,851,True,-0.03806086281444963
20000,852,True,-0.04639222900781729
20000,853,True,-0.03675360856674113
20000,854,True,-0.05283564726772612
20000,855,True,-0.05255870804888827
20000,856,True,-0.009337276083622979
20000,857,True,-0.0547008388234486
20000,858,True,-0.04117590279002207
20000,859,True,-0.04491068045839692
20000,860,True,-0.047248303268847644
20000,861,True,-0.030635103374288392
20000,862,True,-0.0573593813625473
20000,863,True,-0.029507143478708954
20000,864,True,-0.036519306633397655
20000,865,True,-0.013784226239710585
20000,866,True,-0.03319493068561028
20000,867,True,-0.028730040955631225
20000,868,True,-0.036015043974172815
20000,869,True,-0.04820666531638951
20000,870,True,-0.0321528878320842
20000,871,True,-0.047382397977527295
20000,872,True,-0.04518708894634742
20000,873,True,-0.05214891112978957
20000,874,True,-0.051821334972690515
20000,875,True,-0.04564790086852248
20000,876,True,-0.03179087413152985
20000,877,True,-0.03193887208278791
20000,878,True,-0.03857081266315121
20000,879,True,-0.04955510634485703
20000,880,True,-0.014045189704521696
20000,881,True,-0.031565986119868834
20000,882,True,-0.04472115957740367
20000,883,True,-0.03521000656131014
20000,884,True,-0.05312527143332975
20000,885,True,-0.024231965304569232
20000,886,True,-0.053226531078190156
20000,887,True,-0.044247950021311065
20000,888,True,-0.02430521604201789
20000,889,True,-0.009004401640596732
20000,890,True,-0.016450896014519698
20000,891,True,-0.03552719140277984
20000,892,True,-0.03664568218068499
20000,893,True,-0.03761563897697412
20000,894,True,-0.04253658342928971
20000,895,True,-0.03346058283611396
20000,896,True,-0.03335812617677861
20000,897,True,-0.04351731460766913
20000,898,True,-0.03668162822157482
20000,899,True,-0.04767244998468114
20000,900,True,-0.03301086885165981
20000,901,True,-0.04111192878271164
20000,902,True,-0.0489931364283818
20000,903,True,-0.026854785202445143
20000,904,True,-0.04347670341399605
20000,905,True,-0.039057609923466616
20000,906,True,-0.04164489893827733
20000,907,True,-0.056148111533182776
20000,908,True,-0.02430402817836849
20000,909,True,-0.06402685505361795
20000,910,True,-0.04556246135134738
20000,911,True,-0.043795595858264126
20000,912,True,-0.02781467415991031
20000,913,True,-0.03252458011384908
20000,914,True,-0.04655957473455155
20000,915,True,-0.032051709447658415
20000,916,True,-0.026377103977496368
20000,917,True,-0.04775396439131806
20000,918,True,-0.026705739128058636
20000,919,True,-0.01558842647103779
20000,920,True,-0.040079639052581315
20000,921,True,-0.04639619258089505
20000,922,True,-0.02836528927664956
20000,923,True,-0.03202245337985175
20000,924,True,-0.04893799066974787
20000,925,True,-0.056572068318074965
20000,926,True,-0.03709556073682162
20000,927,True,-0.018202874813155585
20000,928,True,-0.04628766466672589
20000,929,True,-0.02934619906014193
20000,930,True,-0.04989543768609099
20000,931,True,-0.02905923211035173
20000,932,True,-0.05791572917349288
20000,933,True,-0.037355528136755245
20000,934,True,-0.033775148444470444
20000,935,True,-0.04083596289586129
20000,936,True,-0.03320083284622069
20000,937,True,-0.04444544389326312
20000,938,True,-0.03176580583492291
20000,939,True,-0.024727920252489474
20000,940,True,-0.043337557230777216
20000,941,True,-0.03686135250253286
20000,942,True,-0.04438640465419653
20000,943,True,-0.03576626292365383
20000,944,True,-0.03133859612671209
20000,945,True,-0.03322069565812058
20000,946,True,-0.03885248988186155
20000,947,True,-0.03534951293176445
20000,948,True,-0.03394667461722727
20000,949,True,-0.03688235847704764
20000,950,True,-0.049620541073446434
20000,951,True,-0.03843776967699279
20000,952,True,-0.04348634260344258
20000,953,True,-0.025569532368829955
20000,954,True,-0.02899197557318553
20000,955,True,-0.06397382023580156
20000,956,True,-0.05129655025272188
20000,957,True,-0.040736354257887325
20000,958,True,-0.024249372364259208
20000,959,True,-0.0243701912040853
20000,960,True,-0.030204719265055184
20000,961,True,-0.03584090114041278
20000,962,True,-0.03148565725640027
20000,963,True,-0.04370795980943566
20000,964,True,-0.031339438311576276
20000,965,True,-0.04357179710258981
20000,966,True,-0.02494135843954571
20000,967,True,-0.04789398051500672
20000,968,True,-0.035864884415955714
20000,969,True,-0.021541845275938477
20000,970,True,-0.05092136989473448
20000,971,True,-0.0387340832847152
20000,972,True,-0.035720086567090956
20000,973,True,-0.03599764861005844
20000,974,True,-0.047649728627066235
20000,975,True,-0.040064249784699676
20000,976,True,-0.023957509337297102
20000,977,True,-0.03665987361055455
20000,978,True,-0.033727262631295746
20000,979,True,-0.025165745400490196
20000,980,True,-0.020929415636160586
20000,981,True,-0.043939260554829704
20000,982,True,-0.0437104134099658
20000,983,True,-0.02864746136324626
20000,984,True,-0.01544774333034824
20000,985,True,-0.04399109893511266
20000,986,True,-0.060393519302846956
20000,987,True,-0.02871463891913794
20000,988,True,-0.014130325490640389
20000,989,True,-0.02447693869194299
20000,990,True,-0.025403605601290645
20000,991,True,-0.04879639669329699
20000,992,True,-0.05468245037226738
20000,993,True,-0.04493444080603345
20000,994,True,-0.03922356803705254
20000,995,True,-0.04758207919448187
20000,996,True,-0.022623670020643184
20000,997,True,-0.037516530399562834
20000,998,True,-0.03155787903698979
20000,999,True,-0.03540726646501301
20000,1000,True,-0.031696544667037065
20000,1001,True,-0.032702915681104935
20000,1002,True,-0.03581904064613269
20000,1003,True,-0.038695020038657886
20000,1004,True,-0.043689084824234226
20000,1005,True,-0.023304701115066644
20000,1006,True,-0.033318530495561584
20000,1007,True,-0.05359844506509333
20000,1008,True,-0.03342554171219223
20000,1009,True,-0.02607551035176627
20000,1010,True,-0.03893169187225149
20000,1011,True,-0.04578213903690278
20000,1012,True,-0.04150216052829216
20000,1013,True,-0.05643759172273348
20000,1014,True,-0.04737919379395005
20000,1015,True,-0.0435210642960663
20000,1016,True,-0.03775671560073619
20000,1017,True,-0.04149311204905646
20000,1018,True,-0.03693299329654163
20000,1019,True,-0.029500615437668416
20000,1020,True,-0.04779837760401109
20000,1021,True,-0.025217825042306446
20000,1022,True,-0.035438030285351786
20000,1023,True,-0.03490813182844704
20000,1024,True,-0.060376650552430036
20000,1025,True,-0.047050610210936074
20000,1026,True,-0.017917947938627603
20000,1027,True,-0.002124641398982928
20000,1028,True,-0.0240091527209866
20000,1029,True,-0.04328898646837489
20000,1030,True,-0.03562170517242389
20000,1031,True,-0.041060454489455174
20000,1032,True,-0.048919819324101284
20000,1033,True,-0.0482591545481781
20000,1034,True,-0.05231106177458293
20000,1035,True,-0.04767532256711625
20000,1036,True,-0.03744765990226624
20000,1037,True,-0.03271238833361938
20000,1038,True,-0.03925141307357126
20000,1039,True,-0.05702680726408782
20000,1040,True,-0.05402961145044555
20000,1041,True,-0.012820170553059923
20000,1042,True,-0.04767435398383711
20000,1043,True,-0.016245642075807244
20000,1044,True,-0.04289070005640566
20000,1045,True,-0.06282809777336322
20000,1046,True,-0.04749929955986434
20000,1047,True,-0.023597322411764505
20000,1048,True,-0.04843500326893664
20000,1049,True,-0.03987522367085796
20000,1050,True,-0.02632017925164686
20000,1051,True,-0.017511492829301017
20000,1052,True,-0.029008010135416755
20000,1053,True,-0.02857234409534131
20000,1054,True,-0.028298400717173038
20000,1055,True,-0.034997687295402855
20000,1056,True,-0.05298399256221113
20000,1057,True,-0.033975566719881146
20000,1058,True,-0.03174189746522632
20000,1059,True,-0.048311258656415
20000,1060,True,-0.03894882878059517
20000,1061,True,-0.01176807366383106
20000,1062,True,-0.04121722540809996
20000,1063,True,-0.03950675069221303
20000,1064,True,-0.03866302436245388
20000,1065,True,-0.022357410304236554
20000,1066,True,-0.03528555601997764
20000,1067,True,-0.04656316202953527
20000,1068,True,-0.031640959745152235
20000,1069,True,-0.05122626542198697
20000,1070,True,-0.04464544386901153
20000,1071,True,-0.0449303872358431
20000,1072,True,-0.024258829146105686
20000,1073,True,-0.03861069935632653
20000,1074,True,-0.05994768308105958
20000,1075,True,-0.010900401586700168
20000,1076,True,-0.03632787414974488
20000,1077,True,-0.030001935957967896
20000,1078,True,-0.06990418491067432
20000,1079,True,-0.03853488229127925
20000,1080,True,-0.03939084465901499
20000,1081,True,-0.04074080198009154
20000,1082,True,-0.044918042185336404
20000,1083,True,-0.026730651408655888
20000,1084,True,-0.03382761771352099
20000,1085,True,-0.03707499204106081
20000,1086,True,-0.04691005876297574
20000,1087,True,-0.04091551245862287
20000,1088,True,-0.04542563990347441
20000,1089,True,-0.04794600727095003
20000,1090,True,-0.04170991662465582
20000,1091,True,-0.04417001160230154
20000,1092,True,-0.046589276955715596
20000,1093,True,-0.050947840597871275
20000,1094,True,-0.057690693277908
20000,1095,True,-0.027193014182646864
20000,1096,True,-0.03503924311999391
20000,1097,True,-0.054442653188322934
20000,1098,True,-0.046849870141881425
20000,1099,True,-0.026603967590272243
20000,1100,True,-0.03448300767575782
20000,1101,True,-0.035800595429266814
20000,1102,True,-0.02806902155908713
20000,1103,True,-0.04233656995569922
20000,1104,True,-0.02909439094884425
20000,1105,True,-0.04411125850256996
20000,1106,True,-0.03130668206223158
20000,1107,True,-0.045973687211896444
20000,1108,True,-0.048037960453846326
20000,1109,True,-0.0585910207761831
20000,1110,True,-0.0266087223204911
20000,1111,True,-0.030464676856255223
20000,1112,True,-0.03841755485992606
20000,1113,True,-0.03461514837336303
20000,1114,True,-0.03566526541829515
20000,1115,True,-0.028114970111055727
20000,1116,True,-0.03694254449501814
20000,1117,True,-0.03622927838577737
20000,1118,True,-0.029010821697134592
20000,1119,True,-0.06107320111585292
20000,1120,True,-0.02480546106020483
20000,1121,True,-0.022117498673871975
20000,1122,True,-0.025647096041981916
20000,1123,True,-0.028302326754614877
20000,1124,True,-0.0642015296011561
20000,1125,True,-0.04452498481023485
20000,1126,True,-0.053540925314665255
20000,1127,True,-0.04543970512962458
20000,1128,True,-0.027476934152741724
20000,1129,True,-0.05622365547366465
20000,1130,True,-0.043456136041567714
20000,1131,True,-0.03552602526707278
20000,1132,True,-0.00709936033356953
20000,1133,True,-0.042999887114956004
20000,1134,True,-0.04138985407987707
20000,1135,True,-0.03803425977946204
20000,1136,True,-0.03223833146653879
20000,1137,True,-0.010672269734006406
20000,1138,True,-0.025611188912531134
20000,1139,True,-0.056644611774606266
20000,1140,True,-0.03888045366159498
20000,1141,True,-0.04128426400215271
20000,1142,True,-0.035050335848209005
20000,1143,True,-0.04346614793464972
20000,1144,True,-0.0459189378323198
20000,1145,True,-0.03659242581828952
20000,1146,True,-0.013738053339609247
20000,1147,True,-0.035648117329435985
20000,1148,True,-0.024201774129319092
20000,1149,True,-0.03669309656037133
20000,1150,True,-0.05293267730933684
20000,1151,True,-0.05276510444209227
20000,1152,True,-0.0436836504237436
20000,1153,True,-0.052961731463637716
20000,1154,True,-0.01808901101192769
20000,1155,True,-0.030566399385371024
20000,1156,True,-0.04572074145859946
20000,1157,True,-0.03877098715135861
20000,1158,True,-0.03460082501445667
20000,1159,True,-0.023993793593508665
20000,1160,True,-0.034709915190259635
20000,1161,True,-0.035746587830604026
20000,1162,True,-0.02684012625362785
20000,1163,True,-0.050715687837674384
20000,1164,True,-0.03751137412206848
20000,1165,True,-0.043054680767326006
20000,1166,True,-0.041948183024171345
20000,1167,True,-0.03982725612349362
20000,1168,True,-0.035027044205967806
20000,1169,True,-0.05215777270260778
20000,1170,True,-0.027618879927818203
20000,1171,True,-0.05273859464007754
20000,1172,True,-0.04095267830578101
20000,1173,True,-0.06098223171105741
20000,1174,True,-0.04165216264727609
20000,1175,True,-0.03563334760360756
20000,1176,True,-0.04366066419182339
20000,1177,True,-0.019733500728266816
20000,1178,True,-0.042084375286518774
20000,1179,True,-0.04066245553906801
20000,1180,True,-0.04144644053352166
20000,1181,True,-0.022101822034302672
20000,1182,True,-0.0300491459658074
20000,1183,True,-0.013936154262353135
20000,1184,True,-0.03740661187633283
20000,1185,True,-0.034841486102655084
20000,1186,True,-0.018819953355346683
20000,1187,True,-0.041633089354119995
20000,1188,True,-0.03765366352005655
20000,1189,True,-0.03102747880881247
20000,1190,True,-0.010519159850049179
20000,1191,True,-0.05902414073917137
20000,1192,True,-0.02696301376103351
20000,1193,True,-0.026459343766341303
20000,1194,True,-0.049547670304304764
20000,1195,True,-0.03381883827291525
20000,1196,True,-0.05906651598052419
20000,1197,True,-0.02826006694007175
20000,1198,True,-0.03353178446113633
20000,1199,True,-0.02575904462506413
20000,1200,True,-0.028861410212468817
20000,1201,True,-0.02810606685128448
20000,1202,True,-0.03925549298067395
20000,1203,True,-0.022700344285221854
20000,1204,True,-0.03630278800304734
20000,1205,True,-0.020401172060698483
20000,1206,True,-0.06468201822914484
20000,1207,True,-0.008093174065562824
20000,1208,True,-0.03970071266485485
20000,1209,True,-0.034611373186622205
20000,1210,True,-0.027132364796643417
20000,1211,True,-0.047651546255664534
20000,1212,True,-0.037523221929655654
20000,1213,True,-0.0384080409031695
20000,1214,True,-0.019307198455686715
20000,1215,True,-0.052403460551161005
20000,1216,True,-0.018928568966906516
20000,1217,True,-0.03496213290854251
20000,1218,True,-0.026679162666716556
20000,1219,True,-0.012064380255370929
20000,1220,True,-0.0443634830344028
20000,1221,True,-0.04878434998113175
20000,1222,True,-0.03031697799180384
20000,1223,True,-0.06848015936098478
20000,1224,True,-0.051144969430394725
20000,1225,True,-0.047687728926868164
20000,1226,True,-0.025349838944169513
20000,1227,True,-0.02718281927300419
20000,1228,True,-0.020878382583529094
20000,1229,True,-0.027079170627486066
20000,1230,True,-0.04676969608387762
20000,1231,True,-0.04523612006320859
20000,1232,True,-0.02760770743240761
20000,1233,True,-0.023370607775877156
20000,1234,True,-0.018117448483782734
20000,1235,True,-0.02014610381131801
20000,1236,True,-0.017892543409363807
20000,1237,True,-0.041461166236537866
20000,1238,True,-0.04384402759677875
20000,1239,True,-0.03741474155319756
20000,1240,True,-0.03802852080889947
20000,1241,True,-0.04951929777747806
20000,1242,True,-0.04272161386353056
20000,1243,True,-0.034995286468601734
20000,1244,True,-0.03901324155996884
20000,1245,True,-0.02652859837235194
20000,1246,True,-0.03412580707192136
20000,1247,True,-0.049545311065785566
20000,1248,True,-0.043288081457689545
20000,1249,True,-0.03772395294266846
20000,1250,True,-0.04172340062796091
20000,1251,True,-0.035110518241266805
20000,1252,True,-0.03399655504351111
20000,1253,True,-0.033006440782840686
20000,1254,True,-0.019690375757011856
20000,1255,True,-0.03745276888281794
20000,1256,True,-0.06049884952106328
20000,1257,True,-0.0266184100920245
20000,1258,True,-0.04694143693825696
20000,1259,True,-0.011722899138168645
20000,1260,True,-0.028205938671704706
20000,1261,True,-0.04366670361953738
20000,1262,True,-0.03760018810633261
20000,1263,True,-0.02326585608051284
20000,1264,True,-0.03629149266328148
20000,1265,True,-0.041832109472668674
20000,1266,True,-0.04750604369659943
20000,1267,True,-0.03565280688693241
20000,1268,True,-0.038056824301918354
20000,1269,True,-0.023385362259395782
20000,1270,True,-0.0420913276094925
20000,1271,True,-0.01542418219838724
20000,1272,True,-0.046177832867288
20000,1273,True,-0.03947211556933973
20000,1274,True,-0.028187245770057656
20000,1275,True,-0.02367349978604228
20000,1276,True,-0.038549999926554335
20000,1277,True,-0.03946950057526783
20000,1278,True,-0.038520402861504356
20000,1279,True,-0.02302946300651934
20000,1280,True,-0.041843673476224426
20000,1281,True,-0.02252209212814018
20000,1282,True,-0.035610897542562504
20000,1283,True,-0.01442227626805256
20000,1284,True,-0.028272270661626964
20000,1285,True,-0.025138333985602845
20000,1286,True,-0.04642508064129865
20000,1287,True,-0.033585264395155266
20000,1288,True,-0.017576903716898608
20000,1289,True,-0.05217311169410723
20000,1290,True,-0.047342622042680825
20000,1291,True,-0.03202203849872513
20000,1292,True,-0.058140130090644934
20000,1293,True,-0.06510211451618872
20000,1294,True,-0.04186272582027668
20000,1295,True,-0.03520581865656007
20000,1296,True,-0.05154671027497633
20000,1297,True,-0.04095192001267821
20000,1298,True,-0.044657555328840956
20000,1299,True,-0.04051310528294404
20000,1300,True,-0.02973633269692052
20000,1301,True,-0.03913386687758419
20000,1302,True,-0.025385501682986165
20000,1303,True,-0.027062856670269177
20000,1304,True,-0.04302511340393137
20000,1305,True,-0.039163109770098924
20000,1306,True,-0.03158423178420744
20000,1307,True,-0.039676568086656164
20000,1308,True,-0.038918529527265266
20000,1309,True,-0.029374240774585003
20000,1310,True,-0.003940551581518355
20000,1311,True,-0.03313931737116248
20000,1312,True,-0.04578481001311929
20000,1313,True,-0.018039479503107837
20000,1314,True,-0.03198067277444726
20000,1315,True,-0.030326999760376255
20000,1316,True,-0.03929700433893577
20000,1317,True,-0.057336296153206324
20000,1318,True,-0.05863790137875219
20000,1319,True,-0.039433856072951766
20000,1320,True,-0.043524374987132124
20000,1321,True,-0.03005432722852323
20000,1322,True,-0.039837893497911024
20000,1323,True,-0.021271894436582846
20000,1324,True,-0.04767308138882746
20000,1325,True,-0.06091566122272505
20000,1326,True,-0.04115113122536793
20000,1327,True,-0.028719997817624392
20000,1328,True,-0.02093125085449891
20000,1329,True,-0.03458340308192388
20000,1330,True,-0.029576383569069397
20000,1331,True,-0.04795849345736554
20000,1332,True,-0.035248762063406824
20000,1333,True,-0.061035204712084165
20000,1334,True,-0.024191804990831213
20000,1335,True,-0.039849460617800536
20000,1336,True,-0.023760050119660064
20000,1337,True,-0.036743245674685523
20000,1338,True,-0.05008616729336461
20000,1339,True,-0.0328790806552305
20000,1340,True,-0.03732627256637929
20000,1341,True,-0.042481920705533735
20000,1342,True,-0.045087118951862834
20000,1343,True,-0.02585548492568651
20000,1344,True,-0.0401580512159552
20000,1345,True,-0.053571754107724315
20000,1346,True,-0.0162830536269215
20000,1347,True,-0.04421144427591011
20000,1348,True,-0.018201339383830586
20000,1349,True,-0.050594135688319775
20000,1350,True,-0.04239085715597324
20000,1351,True,-0.0549551596644842
20000,1352,True,-0.032285001819432876
20000,1353,True,-0.037696079779568
20000,1354,True,-0.03295965413376746
20000,1355,True,-0.04719433873962451
20000,1356,True,-0.039923649142240475
20000,1357,True,-0.05539147298282856
20000,1358,True,-0.04581066873158977
20000,1359,True,-0.03141634836529557
20000,1360,True,-0.04117853106365851
20000,1361,True,-0.02825136211420202
20000,1362,True,-0.021802955445233266
20000,1363,True,-0.016448754055947073
20000,1364,True,-0.030447914399188196
20000,1365,True,-0.01601628426609652
20000,1366,True,-0.038732788230646326
20000,1367,True,-0.029152002736704846
20000,1368,True,-0.0310568715535293
20000,1369,True,-0.02490437154481284
20000,1370,True,-0.04792234968414247
20000,1371,True,-0.042089411985758676
20000,1372,True,-0.05724405279404773
20000,1373,True,-0.038433421928289385
20000,1374,True,-0.011168681258192027
20000,1375,True,-0.04328954917398319
20000,1376,True,-0.031603405258487344
20000,1377,True,-0.0498137562947876
20000,1378,True,-0.027383493268656828
20000,1379,True,-0.028108482079919155
20000,1380,True,-0.031920042752063546
20000,1381,True,-0.021300682585553284
20000,1382,True,-0.022387826127227988
20000,1383,True,-0.050989940533560076
20000,1384,True,-0.05564907842973514
20000,1385,True,-0.05615564282454384
20000,1386,True,-0.0217732747476689
20000,1387,True,-0.03945046929311379
20000,1388,True,-0.030268635283690233
20000,1389,True,-0.03176418489606793
20000,1390,True,-0.051084735314860776
20000,1391,True,-0.027300649329495958
20000,1392,True,-0.04618637974020209
20000,1393,True,-0.03867147814514037
20000,1394,True,-0.04985118762634013
20000,1395,True,-0.04768453151138154
20000,1396,True,-0.056543810708499086
20000,1397,True,-0.05041489983782428
20000,1398,True,-0.04153600249062621
20000,1399,True,-0.01586815862437454
20000,1400,True,-0.006295977136021254
20000,1401,True,-0.039588783050269194
20000,1402,True,-0.03876729971157177
20000,1403,True,-0.01358968877123185
20000,1404,True,-0.0272432148962915
20000,1405,True,-0.024145628319711777
20000,1406,True,-0.045364304637933436
20000,1407,True,-0.04356331984152995
20000,1408,True,-0.04556416133363752
20000,1409,True,-0.020762062491990498
20000,1410,True,-0.029556288414431746
20000,1411,True,-0.048920151466771276
20000,1412,True,-0.03243470843963508
20000,1413,True,-0.033576265192616646
20000,1414,True,-0.03401776547831874
20000,1415,True,-0.03378675423583009
20000,1416,True,-0.05226750533587785
20000,1417,True,-0.03863886545291504
20000,1418,True,-0.03670575065224546
20000,1419,True,-0.045854558036310784
20000,1420,True,-0.035526941841327216
20000,1421,True,-0.03287195000751378
20000,1422,True,-0.05768662942615014
20000,1423,True,-0.041748393172232307
20000,1424,True,-0.049884384914000754
20000,1425,True,-0.03764742847997707
20000,1426,True,-0.054662738288649336
20000,1427,True,-0.03683497861398658
20000,1428,True,-0.031180729849005752
20000,1429,True,-0.03599852109457914
20000,1430,True,-0.01632638400029301
20000,1431,True,-0.05354597322309164
20000,1432,True,-0.03374530831173004
20000,1433,True,-0.04646294883062071
20000,1434,True,-0.01732926774409793
20000,1435,True,-0.03729792702839445
20000,1436,True,-0.037147063416580466
20000,1437,True,-0.0538569273468553
20000,1438,True,-0.02735538527164581
20000,1439,True,-0.03634796568565148
20000,1440,True,-0.04282574027255968
20000,1441,True,-0.047418256631940846
20000,1442,True,-0.034286112894814
20000,1443,True,-0.06295835464788892
20000,1444,True,-0.015452167647895426
20000,1445,True,-0.023520891856404227
20000,1446,True,-0.00939071929010115
20000,1447,True,-0.044824910067556664
20000,1448,True,-0.024137979217406454
20000,1449,True,-0.042856989424990895
20000,1450,True,-0.04321170403286536
20000,1451,True,-0.03556702779999956
20000,1452,True,-0.015561902842938846
20000,1453,True,-0.0354155148644558
20000,1454,True,-0.023626737571463448
20000,1455,True,-0.027053617064221637
20000,1456,True,-0.038174228085238654
20000,1457,True,-0.03247718784510514
20000,1458,True,-0.05346998386017963
20000,1459,True,-0.041960464887711865
20000,1460,True,-0.011465775060721033
20000,1461,True,-0.0524838355056527
20000,1462,True,-0.031614939635462254
20000,1463,True,-0.04788705255412477
20000,1464,True,-0.03182607829464893
20000,1465,True,-0.04172300732321021
20000,1466,True,-0.04541655964729509
20000,1467,True,-0.024656470850332558
20000,1468,True,-0.04151097367862581
20000,1469,True,-0.014496833104000855
20000,1470,True,-0.022142339335471654
20000,1471,True,-0.033987754407603876
20000,1472,True,-0.04132381508944509
20000,1473,True,-0.03679997671625409
20000,1474,True,-0.053940136255954216
20000,1475,True,-0.036147653815976385
20000,1476,True,-0.04119573890366397
20000,1477,True,-0.028254181000373208
20000,1478,True,-0.0010829829193520963
20000,1479,True,-0.04078615854691923
20000,1480,True,-0.0280831158510773
20000,1481,True,-0.017458941175268056
20000,1482,True,-0.04309616989582056
20000,1483,True,-0.02913099308610158
20000,1484,True,-0.03266060574715465
20000,1485,True,-0.0434273813899222
20000,1486,True,-0.03947554143111984
20000,1487,True,-0.04461140840440937
20000,1488,True,-0.05041821318747712
20000,1489,True,-0.03008431015936311
20000,1490,True,-0.037382067474622874
20000,1491,True,-0.045862881734703306
20000,1492,True,-0.01352411414727565
20000,1493,True,-0.04975418923533467
20000,1494,True,-0.0459518302332206
20000,1495,True,-0.03607491916883551
20000,1496,True,-0.054081099383321195
20000,1497,True,-0.04445082035641896
20000,1498,True,-0.039527035471240535
20000,1499,True,-0.0322742619105101
20000,1500,True,-0.03738299010369272
20000,1501,True,-0.01834154114595073
20000,1502,True,-0.009699351818627237
20000,1503,True,-0.026409123056425853
20000,1504,True,-0.03766448672602009
20000,1505,True,-0.043791509646751645
20000,1506,True,-0.04694624127009409
20000,1507,True,-0.05474573611402587
20000,1508,True,-0.0497706581492463
20000,1509,True,-0.04833966992251528
20000,1510,True,-0.019387630416746144
20000,1511,True,-0.043477834741950674
20000,1512,True,-0.04692779066230504
20000,1513,True,-0.04547743528066768
20000,1514,True,-0.03823103795316433
20000,1515,True,-0.046709363820605455
20000,1516,True,-0.02182900102048125
20000,1517,True,-0.028399330438678316
20000,1518,True,-0.04384471726338125
20000,1519,True,-0.04966451139241411
20000,1520,True,-0.015339257719714072
20000,1521,True,-0.05267287511550023
20000,1522,True,-0.026589676077515147
20000,1523,True,-0.04947103744408024
20000,1524,True,-0.02183841185764284
20000,1525,True,-0.0573147705527743
20000,1526,True,-0.02834512127199996
20000,1527,True,-0.01408400003960513
20000,1528,True,-0.0314457565125998
20000,1529,True,-0.053136205720596796
20000,1530,True,-0.050184908385629
20000,1531,True,-0.043488411265091884
20000,1532,True,-0.054108178946628824
20000,1533,True,-0.030080966634531296
20000,1534,True,-0.01158602393771402
20000,1535,True,-0.01863674686701954
20000,1536,True,-0.051191366723648844
20000,1537,True,-0.06587745551553842
20000,1538,True,-0.053236443770939515
20000,1539,True,-0.02731998132371296
20000,1540,True,-0.04325440825277025
20000,1541,True,-0.04536172832439014
20000,1542,True,-0.04872260325655739
20000,1543,True,-0.04876862013258505
20000,1544,True,-0.03892419672225478
20000,1545,True,-0.03925927279283838
20000,1546,True,-0.047544700627212874
20000,1547,True,-0.055930630810951856
20000,1548,True,-0.049371057483715224
20000,1549,True,-0.03839070194793462
20000,1550,True,-0.05845464347675485
20000,1551,True,-0.03450208276858825
20000,1552,True,-0.04860622629014178
20000,1553,True,-0.0555771043726217
20000,1554,True,-0.040029544406471704
20000,1555,True,-0.05182053296747774
20000,1556,True,-0.023958038543430534
20000,1557,True,-0.014191891899446172
20000,1558,True,-0.04649110896817602
20000,1559,True,-0.05008151326154593
20000,1560,True,-0.025632428484907425
20000,1561,True,-0.0429526746537707
20000,1562,True,-0.024285015348544277
20000,1563,True,-0.031282981076579744
20000,1564,True,-0.05601006110015966
20000,1565,True,-0.05222353371205142
20000,1566,True,-0.031177998985373774
20000,1567,True,-0.05356268854090298
20000,1568,True,-0.05596522157585322
20000,1569,True,-0.04613851134358109
20000,1570,True,-0.04341075864878255
20000,1571,True,-0.026035632102641943
20000,1572,True,-0.03765203799986973
20000,1573,True,-0.032130761022897296
20000,1574,True,-0.008923813159753099
20000,1575,True,-0.059837674423879925
20000,1576,True,-0.04728396249311444
20000,1577,True,-0.06015836664507067
20000,1578,True,-0.052192053221977217
20000,1579,True,-0.028124139540046323
20000,1580,True,-0.03076606151935901
20000,1581,True,-0.04661743132979138
20000,1582,True,-0.028060881017916834
20000,1583,True,-0.02234172799165591
20000,1584,True,-0.017333321960827784
20000,1585,True,-0.017074400569283832
20000,1586,True,-0.034111934402910854
20000,1587,True,-0.025961129796476173
20000,1588,True,-0.03712374129423506
20000,1589,True,-0.034380884747287725
20000,1590,True,-0.0441721012524636
20000,1591,True,-0.027797443618019013
20000,1592,True,-0.05091892968027811
20000,1593,True,-0.03694081484985175
20000,1594,True,-0.051439773735080865
20000,1595,True,-0.04842325694861161
20000,1596,True,-0.04349398193267655
20000,1597,True,-0.042746059145372536
20000,1598,True,-0.034638845624712186
20000,1599,True,-0.022389628334778342
20000,1600,True,-0.02928463465196815
20000,1601,True,-0.049675015343502035
20000,1602,True,-0.02807872159331422
20000,1603,True,-0.03886975754195556
20000,1604,True,-0.04242202195961328
20000,1605,True,-0.033925763570630915
20000,1606,True,-0.021022004494909426
20000,1607,True,-0.046682992365660994
20000,1608,True,-0.065674975756137
20000,1609,True,-0.05648854987865789
20000,1610,True,-0.006616485140658003
20000,1611,True,-0.04552097369278553
20000,1612,True,-0.04558260653867639
20000,1613,True,-0.02554341418311463
20000,1614,True,-0.03182679140752083
20000,1615,True,-0.03351799696248092
20000,1616,True,-0.045571305532311555
20000,1617,True,-0.039455319644707235
20000,1618,True,-0.03630756725962793
20000,1619,True,-0.03466558384438906
20000,1620,True,-0.06632027924147463
20000,1621,True,-0.05424396962280011
20000,1622,True,-0.038943525505849876
20000,1623,True,-0.030864177766309182
20000,1624,True,-0.04355291880906913
20000,1625,True,-0.025251925190479113
20000,1626,True,-0.06946259212644243
20000,1627,True,-0.057882246875586074
20000,1628,True,-0.07293994381177876
20000,1629,True,-0.04427374726225804
20000,1630,True,-0.028715418224078127
20000,1631,True,-0.008479280496409131
20000,1632,True,-0.040956219126832484
20000,1633,True,-0.04067485430520482
20000,1634,True,-0.041440602205725194
20000,1635,True,-0.058542656566683726
20000,1636,True,-0.04322380151049636
20000,1637,True,-0.04441630477234141
20000,1638,True,-0.044007109240925775
20000,1639,True,-0.042151406316617054
20000,1640,True,-0.051557765769665434
20000,1641,True,-0.04515550862963415
20000,1642,True,-0.02112554060554605
20000,1643,True,-0.05279557215151508
20000,1644,True,-0.04786869015457771
20000,1645,True,-0.036141619973956665
20000,1646,True,-0.0438287884354335
20000,1647,True,-0.03840358480226834
20000,1648,True,-0.028259226469090976
20000,1649,True,-0.03819810957757868
20000,1650,True,-0.043981817127596426
20000,1651,True,-0.017994047409684917
20000,1652,True,-0.04902733941243798
20000,1653,True,-0.03144313795203364
20000,1654,True,-0.029157456505960844
20000,1655,True,-0.04284939353950264
20000,1656,True,-0.05210584708125941
20000,1657,True,-0.0307172184164471
20000,1658,True,-0.04828093445210893
20000,1659,True,-0.022894009442836934
20000,1660,True,-0.02969976023231265
20000,1661,True,-0.05112500326152144
20000,1662,True,-0.05842926603450971
20000,1663,True,-0.030066279191812588
20000,1664,True,-0.04863626449065786
20000,1665,True,-0.028456954230924203
20000,1666,True,-0.05972269749196091
20000,1667,True,-0.022088338263729284
20000,1668,True,-0.019996330934398295
20000,1669,True,-0.05641710393962257
20000,1670,True,-0.02342224841146494
20000,1671,True,-0.03137723369341709
20000,1672,True,-0.028832734620027174
20000,1673,True,-0.04801888062793296
20000,1674,True,-0.04152792167131107
20000,1675,True,-0.019638957477892863
20000,1676,True,-0.013513542400622528
20000,1677,True,-0.03699873792960647
20000,1678,True,-0.045964537759320544
20000,1679,True,-0.04080112066650913
20000,1680,True,-0.05682211515133
20000,1681,True,-0.043913816429786076
20000,1682,True,-0.04996434143495702
20000,1683,True,-0.05708331592652779
20000,1684,True,-0.03765669278061435
20000,1685,True,-0.049080675232191416
20000,1686,True,-0.031131375843005883
20000,1687,True,-0.017537656577897277
20000,1688,True,-0.045702385193588754
20000,1689,True,-0.032595916567066646
20000,1690,True,-0.04702704356007047
20000,1691,True,-0.047473055106222274
20000,1692,True,-0.04655241520767138
20000,1693,True,-0.014188623872803513
20000,1694,True,-0.041757699494808224
20000,1695,True,-0.02180196296800318
20000,1696,True,-0.025271302968698717
20000,1697,True,-0.042180264622478654
20000,1698,True,-0.041100424214923
20000,1699,True,-0.025221756881322315
20000,1700,True,-0.046247724836508144
20000,1701,True,-0.030901742838215
20000,1702,True,-0.02533230129941812
20000,1703,True,-0.045487512154624175
20000,1704,True,-0.04898953503944274
20000,1705,True,-0.04990459328224358
20000,1706,True,-0.03856429921972106
20000,1707,True,-0.0331615204552073
20000,1708,True,-0.03217588881635926
20000,1709,True,-0.04690777391474681
20000,1710,True,-0.03386164047608097
20000,1711,True,-0.040566391783305095
20000,1712,True,-0.057147323626134304
20000,1713,True,-0.05019649322643891
20000,1714,True,-0.04481675694355074
20000,1715,True,-0.04780736778141178
20000,1716,True,-0.032062174181905205
20000,1717,True,-0.051251686419030926
20000,1718,True,-0.055185749032142496
20000,1719,True,-0.03624429388546356
20000,1720,True,-0.04235266275499881
20000,1721,True,-0.04146502323033848
20000,1722,True,-0.056337157501418454
20000,1723,True,-0.043793939469044786
20000,1724,True,-0.032946344067527965
20000,1725,True,-0.032100885324120185
20000,1726,True,-0.03076050961461287
20000,1727,True,-0.028725445922076008
20000,1728,True,-0.051833318428236706
20000,1729,True,-0.03547903249755931
20000,1730,True,-0.034703662540025285
20000,1731,True,-0.051674418868123274
20000,1732,True,-0.03543024753137013
20000,1733,True,-0.055504809365144556
20000,1734,True,-0.033237453319753564
20000,1735,True,-0.04317119583381086
20000,1736,True,-0.02727585449350311
20000,1737,True,-0.03889630494228913
20000,1738,True,-0.051557705081701696
20000,1739,True,-0.02953203369187326
20000,1740,True,-0.05446751796438989
20000,1741,True,-0.032053979544917496
20000,1742,True,-0.030843080834561044
20000,1743,True,-0.02851767875710547
20000,1744,True,-0.048222741831141815
20000,1745,True,-0.05717088411962209
20000,1746,True,-0.040444869514609
20000,1747,True,-0.04131097143255385
20000,1748,True,-0.02586101377993711
20000,1749,True,-0.03733339062363995
20000,1750,True,-0.03360803943502424
20000,1751,True,-0.038415663112536545
20000,1752,True,-0.05431704320785704
20000,1753,True,-0.04621777745693527
20000,1754,True,-0.013879273594781926
20000,1755,True,-0.034685055548933016
20000,1756,True,-0.037803697470194395
20000,1757,True,-0.02965384157027933
20000,1758,True,-0.05717023241479206
20000,1759,True,-0.04537309678210898
20000,1760,True,-0.030670243233256657
20000,1761,True,-0.05036788859765621
20000,1762,True,-0.06602903124829046
20000,1763,True,-0.04580959332251176
20000,1764,True,-0.023295733379192128
20000,1765,True,-0.03957618796944358
20000,1766,True,-0.03209628240212314
20000,1767,True,-0.03754068706322862
20000,1768,True,-0.032419997472381036
20000,1769,True,-0.06428284663453789
20000,1770,True,-0.03342082906770509
20000,1771,True,-0.02766040034391934
20000,1772,True,-0.05907265234336765
20000,1773,True,-0.031164674479826626
20000,1774,True,-0.04443377506519742
20000,1775,True,-0.038571983118314876
20000,1776,True,-0.047175890790053875
20000,1777,True,-0.04279837733734321
20000,1778,True,-0.045134243955186906
20000,1779,True,-0.017121214283218094
20000,1780,True,-0.038435355668789084
20000,1781,True,-0.052349284853454615
20000,1782,True,-0.03274369121751676
20000,1783,True,-0.028574179680493205
20000,1784,True,-0.03851906300766194
20000,1785,True,-0.0590412223170651
20000,1786,True,-0.03943452924877523
20000,1787,True,-0.0228444130724669
20000,1788,True,-0.01764779589312905
20000,1789,True,-0.02859717301339859
20000,1790,True,-0.03306370865854526
20000,1791,True,-0.02219745669164107
20000,1792,True,-0.025988219658902568
20000,1793,True,-0.048648131960145266
20000,1794,True,-0.028928206086346032
20000,1795,True,-0.036979422790349006
20000,1796,True,-0.053967354400511966
20000,1797,True,-0.02060084669354461
20000,1798,True,-0.034882740949635394
20000,1799,True,-0.03638801955323252
20000,1800,True,-0.04633676372649811
20000,1801,True,-0.039576412393401254
20000,1802,True,-0.031020088342498187
20000,1803,True,-0.011307442785531616
20000,1804,True,-0.0510363023000997
20000,1805,True,-0.025110026120164754
20000,1806,True,-0.03722425539997142
20000,1807,True,-0.056823627762848807
20000,1808,True,-0.024097634893783342
20000,1809,True,-0.04789282509241051
20000,1810,True,-0.03488275169426698
20000,1811,True,-0.04333516356619689
20000,1812,True,-0.04785417107934319
20000,1813,True,-0.04205268023932804
20000,1814,True,-0.04864327954411271
20000,1815,True,-0.03987686212674328
20000,1816,True,-0.053479706898448186
20000,1817,True,-0.04591797582286398
20000,1818,True,-0.04462470545495249
20000,1819,True,-0.04194798094160276
20000,1820,True,-0.04764522981620732
20000,1821,True,-0.027798108982578874
20000,1822,True,-0.042553775570683364
20000,1823,True,-0.042893792318777706
20000,1824,True,-0.05047668973826781
20000,1825,True,-0.026013540238157357
20000,1826,True,-0.03586065457290118
20000,1827,True,-0.03895787512595012
20000,1828,True,-0.03688283191343135
20000,1829,True,-0.04437561891435021
20000,1830,True,-0.04747915660613846
20000,1831,True,-0.03577452081170017
20000,1832,True,-0.0627110858488166
20000,1833,True,-0.04598904756443071
20000,1834,True,-0.03500075963552378
20000,1835,True,-0.027467962802772267
20000,1836,True,-0.031847540223311745
20000,1837,True,-0.036632780641286784
20000,1838,True,-0.04115239171727245
20000,1839,True,-0.0343598731532889
20000,1840,True,-0.03270590595664858
20000,1841,True,-0.025011092542900716
20000,1842,True,-0.031863812313675015
20000,1843,True,-0.05455901058899543
20000,1844,True,-0.05942034600551237
20000,1845,True,-0.03122709836651085
20000,1846,True,-0.06388630772083784
20000,1847,True,-0.04871200379424832
20000,1848,True,-0.022059750995225454
20000,1849,True,-0.03412446679718254
20000,1850,True,-0.03409527863060644
20000,1851,True,-0.05409002462241479
20000,1852,True,-0.05990254314234722
20000,1853,True,-0.06269857711633514
20000,1854,True,-0.02199020639976286
20000,1855,True,-0.026671880031308437
20000,1856,True,-0.032183952129637455
20000,1857,True,-0.055422011765117574
20000,1858,True,-0.04863394558991056
20000,1859,True,-0.04063721156442628
20000,1860,True,-0.04438571158305181
20000,1861,True,-0.04332885070065783
20000,1862,True,-0.04094030538908934
20000,1863,True,-0.04144548814343815
20000,1864,True,-0.02645295677592599
20000,1865,True,-0.04762651488192331
20000,1866,True,-0.04550347985321012
20000,1867,True,-0.04090761464747287
20000,1868,True,-0.04162015696124969
20000,1869,True,-0.020228100792273274
20000,1870,True,-0.06192127050835585
20000,1871,True,-0.033535689482434114
20000,1872,True,-0.03817419250789939
20000,1873,True,-0.024354102300316094
20000,1874,True,-0.034460546243841636
20000,1875,True,-0.030131353390381886
20000,1876,True,-0.036068697630717114
20000,1877,True,-0.02706145984556003
20000,1878,True,-0.047919164663794214
20000,1879,True,-0.0410928613052258
20000,1880,True,-0.02742144315007794
20000,1881,True,-0.03785742366388456
20000,1882,True,-0.01609719548445434
20000,1883,True,-0.029010893702704134
20000,1884,True,-0.054652794196746804
20000,1885,True,-0.028335975661905866
20000,1886,True,-0.04318722200582773
20000,1887,True,-0.021739735880584185
20000,1888,True,-0.04351672736764869
20000,1889,True,-0.0504877533624825
20000,1890,True,-0.05167885491916361
20000,1891,True,-0.04713809492094567
20000,1892,True,-0.04306411548694897
20000,1893,True,-0.024200520359667663
20000,1894,True,-0.04510374880896257
20000,1895,True,-0.035651983398999026
20000,1896,True,-0.026048407439854045
20000,1897,True,-0.038299288141940196
20000,1898,True,-0.05428862533204322
20000,1899,True,-0.015600432428659505
20000,1900,True,-0.019549709163553714
20000,1901,True,-0.04632104109281111
20000,1902,True,-0.03742393145190401
20000,1903,True,-0.03569603204447823
20000,1904,True,-0.03366342310361839
20000,1905,True,-0.07091239848411224
20000,1906,True,-0.026244525222501175
20000,1907,True,-0.0478989991533605
20000,1908,True,-0.057914777826645794
20000,1909,True,-0.04427434563095561
20000,1910,True,-0.019706633183274376
20000,1911,True,-0.04246934471550084
20000,1912,True,-0.04731843305707516
20000,1913,True,-0.047452947559421914
20000,1914,True,-0.03677201400065659
20000,1915,True,-0.03861556545823321
20000,1916,True,-0.029993632782718594
20000,1917,True,-0.014771409240534338
20000,1918,True,-0.03629399012747303
20000,1919,True,-0.038751694014501015
20000,1920,True,-0.024313441084948886
20000,1921,True,-0.03945477653124976
20000,1922,True,-0.04079866134256305
20000,1923,True,-0.052211399213934986
20000,1924,True,-0.03670298882547922
20000,1925,True,-0.0523342046442723
20000,1926,True,-0.03938883137040207
20000,1927,True,-0.03985222874710145
20000,1928,True,-0.010013642354115601
20000,1929,True,-0.06025423829996331
20000,1930,True,-0.02341756921101714
20000,1931,True,-0.025222494512650344
20000,1932,True,-0.04248806143600008
20000,1933,True,-0.04667227646606905
20000,1934,True,-0.05425126478968665
20000,1935,True,-0.037665525590812494
20000,1936,True,-0.042211459256121533
20000,1937,True,-0.030574597981526046
20000,1938,True,-0.04332154952114774
20000,1939,True,-0.05547681515286894
20000,1940,True,-0.03480923929609369
20000,1941,True,-0.02004719397385627
20000,1942,True,-0.07103343793041869
20000,1943,True,-0.024509442259102752
20000,1944,True,-0.04858910891687219
20000,1945,True,-0.031718674366016206
20000,1946,True,-0.04104727337053807
20000,1947,True,-0.025251141566462167
20000,1948,True,-0.048210620538370975
20000,1949,True,-0.043658508098597226
20000,1950,True,-0.03240420998016088
20000,1951,True,-0.008528275154035725
20000,1952,True,-0.027660293628092553
20000,1953,True,-0.03984271994924871
20000,1954,True,-0.023688337809650857
20000,1955,True,-0.06144939852093033
20000,1956,True,-0.04443920237070151
20000,1957,True,-0.03472052012590286
20000,1958,True,-0.04110398217955951
20000,1959,True,-0.040182474626169515
20000,1960,True,-0.038997170417475205
20000,1961,True,-0.026778216775336254
20000,1962,True,-0.04519209574354295
20000,1963,True,-0.037765336618261834
20000,1964,True,-0.036762575747430165
20000,1965,True,-0.040811555101586225
20000,1966,True,-0.046751787148620806
20000,1967,True,-0.05256451494334863
20000,1968,True,-0.034614969622624905
20000,1969,True,-0.044037744426086614
20000,1970,True,-0.021200157018993755
20000,1971,True,-0.030873651352480703
20000,1972,True,-0.044307747951140355
20000,1973,True,-0.04003453902634265
20000,1974,True,-0.03164656244221284
20000,1975,True,-0.016995642484493836
20000,1976,True,-0.06201514030042669
20000,1977,True,-0.06360805210690118
20000,1978,True,-0.025902998851499083
20000,1979,True,-0.012521207123418563
20000,1980,True,-0.04256782425346009
20000,1981,True,-0.03922107753675183
20000,1982,True,-0.05812381606567596
20000,1983,True,-0.04457476509298085
20000,1984,True,-0.02864651462436236
20000,1985,True,-0.033836707401615
20000,1986,True,-0.04687325902228101
20000,1987,True,-0.02468167108375505
20000,1988,True,-0.04771210518263605
20000,1989,True,-0.044863420289702194
20000,1990,True,-0.05230963871032629
20000,1991,True,-0.021472573979664972
20000,1992,True,-0.036078062018980235
20000,1993,True,-0.03207436250313448
20000,1994,True,-0.019933790915365956
20000,1995,True,-0.03927752330647234
20000,1996,True,-0.02648841505619201
20000,1997,True,-0.05760229961849171
20000,1998,True,-0.01115263775021225
20000,1999,True,-0.04043143021043742
inner_selected,0,True,-0.06018484297429989
inner_selected,1,True,-0.045228294654177964
inner_selected,2,True,-0.0656712287897462
inner_selected,3,True,-0.064278439268877
inner_selected,4,True,-0.03891837602237736
inner_selected,5,True,-0.061013119799302816
inner_selected,6,True,-0.04128413333020326
inner_selected,7,True,-0.056218573092204426
inner_selected,8,True,-0.05017314113394823
inner_selected,9,True,-0.07462185207581674
inner_selected,10,True,-0.04156215600267828
inner_selected,11,True,-0.03723645066573789
inner_selected,12,True,-0.043930660626548455
inner_selected,13,True,-0.020192790957447592
inner_selected,14,True,-0.05040587452350096
inner_selected,15,True,-0.03794217679310498
inner_selected,16,True,-0.06314497386934853
inner_selected,17,True,-0.05465704134442514
inner_selected,18,True,-0.05839235224846904
inner_selected,19,True,-0.04433716305754736
inner_selected,20,True,-0.03793822609934937
inner_selected,21,True,-0.02892312127274797
inner_selected,22,True,-0.03423255744062712
inner_selected,23,True,-0.05853803364997721
inner_selected,24,True,-0.06276666203116511
inner_selected,25,True,-0.05461318035085999
inner_selected,26,True,-0.024876730172661628
inner_selected,27,True,-0.013420250186085947
inner_selected,28,True,-0.03562842329102335
inner_selected,29,True,-0.04947592623873158
inner_selected,30,True,-0.04051994642184251
inner_selected,31,True,-0.028024284007575707
inner_selected,32,True,-0.04260523342768995
inner_selected,33,True,-0.04603498717216829
inner_selected,34,True,-0.05715211905806392
inner_selected,35,True,-0.026723174160284746
inner_selected,36,True,-0.04754575622884163
inner_selected,37,True,-0.028977242470500635
inner_selected,38,True,-0.021368853077045967
inner_selected,39,True,-0.05647595031347415
inner_selected,40,True,-0.053876304474103257
inner_selected,41,True,-0.02999661260804473
inner_selected,42,True,-0.04808188508720303
inner_selected,43,True,-0.06759068585407375
inner_selected,44,True,-0.04541594339630797
inner_selected,45,True,-0.04802377603306
inner_selected,46,True,-0.06623353832556104
inner_selected,47,True,-0.05108264749357626
inner_selected,48,True,-0.02365145788711317
inner_selected,49,True,-0.04746920323149343
inner_selected,50,True,-0.049372936512192114
inner_selected,51,True,-0.045089116565651705
inner_selected,52,True,-0.026272900957551942
inner_selected,53,True,-0.04508115962311171
inner_selected,54,True,-0.04794248150080761
inner_selected,55,True,-0.06392396387431423
inner_selected,56,True,-0.06516922801344818
inner_selected,57,True,-0.05483008232063409
inner_selected,58,True,-0.03679010874371181
inner_selected,59,True,-0.05135507859787079
inner_selected,60,True,-0.041505856404650765
inner_selected,61,True,-0.059568730335659584
inner_selected,62,True,-0.04923196111434498
inner_selected,63,True,-0.04837676481863947
inner_selected,64,True,-0.05791398463183543
inner_selected,65,True,-0.051477815174327056
inner_selected,66,True,-0.03391258846198403
inner_selected,67,True,-0.059740346486516126
inner_selected,68,True,-0.04321621053925355
inner_selected,69,True,-0.04012312823962527
inner_selected,70,True,-0.05245637530460188
inner_selected,71,True,-0.04107515522396144
inner_selected,72,True,-0.06150444360966979
inner_selected,73,True,-0.04780705163372032
inner_selected,74,True,-0.030905864294330752
inner_selected,75,True,-0.03408092478829734
inner_selected,76,True,-0.039143533630350814
inner_selected,77,True,-0.0585197471559654
inner_selected,78,True,-0.0592077673088028
inner_selected,79,True,-0.05572965320040577
inner_selected,80,True,-0.06366124718199982
inner_selected,81,True,-0.06632814313883227
inner_selected,82,True,-0.02705143630183144
inner_selected,83,True,-0.04878020830595841
inner_selected,84,True,-0.061254970607539636
inner_selected,85,True,-0.058561949294511896
inner_selected,86,True,-0.040057048320660774
inner_selected,87,True,-0.04646582186948796
inner_selected,88,True,-0.05238693053890629
inner_selected,89,True,-0.04502900588560958
inner_selected,90,True,-0.03930882431032599
inner_selected,91,True,-0.05407721598358454
inner_selected,92,True,-0.04781709071450664
inner_selected,93,True,-0.02703580000978494
inner_selected,94,True,-0.050586999232805276
inner_selected,95,True,-0.039562004996596165
inner_selected,96,True,-0.03900302930864519
inner_selected,97,True,-0.03048218030049759
inner_selected,98,True,-0.04215145169867498
inner_selected,99,True,-0.04757918186520653
inner_selected,100,True,-0.05116000016401574
inner_selected,101,True,-0.06122723641626489
inner_selected,102,True,-0.05819138783752594
inner_selected,103,True,-0.0650531879905323
inner_selected,104,True,-0.03340252918751221
inner_selected,105,True,-0.03535698711576561
inner_selected,106,True,-0.04038349873855195
inner_selected,107,True,-0.050758921462570813
inner_selected,108,True,-0.0686448903699945
inner_selected,109,True,-0.04991289754777253
inner_selected,110,True,-0.046355590161566165
inner_selected,111,True,-0.043386509075827515
inner_selected,112,True,-0.046215088280028196
inner_selected,113,True,-0.03421887935396774
inner_selected,114,True,-0.03747593274574127
inner_selected,115,True,-0.04896298805302353
inner_selected,116,True,-0.03512884692136447
inner_selected,117,True,-0.04164070946809654
inner_selected,118,True,-0.02828438356785796
inner_selected,119,True,-0.034713397602779465
inner_selected,120,True,-0.04513298287536431
inner_selected,121,True,-0.03358662140190203
inner_selected,122,True,-0.03270684977744225
inner_selected,123,True,-0.041489362788067634
inner_selected,124,True,-0.04179070527086514
inner_selected,125,True,-0.059086805681978806
inner_selected,126,True,-0.049590211941710385
inner_selected,127,True,-0.04776954926866162
inner_selected,128,True,-0.023337735926293346
inner_selected,129,True,-0.02757081559822789
inner_selected,130,True,-0.0301064532817125
inner_selected,131,True,-0.050721585455729225
inner_selected,132,True,-0.06575992991155129
inner_selected,133,True,-0.06626913441343837
inner_selected,134,True,-0.034285100204718325
inner_selected,135,True,-0.04653790344662494
inner_selected,136,True,-0.038677579332920826
inner_selected,137,True,-0.04783699948601562
inner_selected,138,True,-0.050737432718436136
inner_selected,139,True,-0.04705032211799162
inner_selected,140,True,-0.04404385859055388
inner_selected,141,True,-0.03311466495688772
inner_selected,142,True,-0.05661125792926432
inner_selected,143,True,-0.035242380923950156
inner_selected,144,True,-0.06078767598996544
inner_selected,145,True,-0.0662517339539787
inner_selected,146,True,-0.017258383290580208
inner_selected,147,True,-0.060824071641147615
inner_selected,148,True,-0.06203603005518997
inner_selected,149,True,-0.03723184865605517
inner_selected,150,True,-0.052305476774723525
inner_selected,151,True,-0.04442957165647292
inner_selected,152,True,-0.06586464569872812
inner_selected,153,True,-0.04287038948454108
inner_selected,154,True,-0.0303366845802521
inner_selected,155,True,-0.04907966583150735
inner_selected,156,True,-0.06864970844606881
inner_selected,157,True,-0.035153078127888246
inner_selected,158,True,-0.05485805041399948
inner_selected,159,True,-0.03283482405127349
inner_selected,160,True,-0.03175482878017285
inner_selected,161,True,-0.029915292765640884
inner_selected,162,True,-0.060492653089232705
inner_selected,163,True,-0.05895364338823698
inner_selected,164,True,-0.047768309187208605
inner_selected,165,True,-0.04766727024118063
inner_selected,166,True,-0.05638837422605288
inner_selected,167,True,-0.05546692557958621
inner_selected,168,True,-0.022926484504976242
inner_selected,169,True,-0.0733786956039284
inner_selected,170,True,-0.024898474124622726
inner_selected,171,True,-0.044354237996014775
inner_selected,172,True,-0.046110963856820356
inner_selected,173,True,-0.044816549796970556
inner_selected,174,True,-0.053055045935008906
inner_selected,175,True,-0.07689370898513773
inner_selected,176,True,-0.04657078215287104
inner_selected,177,True,-0.04620530223844448
inner_selected,178,True,-0.06162813760613765
inner_selected,179,True,-0.042884352563535996
inner_selected,180,True,-0.06700522669325874
inner_selected,181,True,-0.06186890769768601
inner_selected,182,True,-0.04061305762316181
inner_selected,183,True,-0.05390374008335593
inner_selected,184,True,-0.07003578159200148
inner_selected,185,True,-0.06606836334126151
inner_selected,186,True,-0.05856398083281265
inner_selected,187,True,-0.04738138813112228
inner_selected,188,True,-0.03637293506257217
inner_selected,189,True,-0.030225638111676077
inner_selected,190,True,-0.0392086552362109
inner_selected,191,True,-0.04072530244945476
inner_selected,192,True,-0.03656391963279444
inner_selected,193,True,-0.03135629365381165
inner_selected,194,True,-0.07040632756214761
inner_selected,195,True,-0.06438631486155566
inner_selected,196,True,-0.039187811507240676
inner_selected,197,True,-0.0697414236541446
inner_selected,198,True,-0.038160383809921906
inner_selected,199,True,-0.057922976866956064
inner_selected,200,True,-0.05299090404570848
inner_selected,201,True,-0.0542802831937393
inner_selected,202,True,-0.05681441825286848
inner_selected,203,True,-0.05333791268564185
inner_selected,204,True,-0.04804325028031963
inner_selected,205,True,-0.0397691761285041
inner_selected,206,True,-0.051684973911677576
inner_selected,207,True,-0.044676715015724344
inner_selected,208,True,-0.058808951832395484
inner_selected,209,True,-0.030008680297633983
inner_selected,210,True,-0.052085743992956735
inner_selected,211,True,-0.06527620151935208
inner_selected,212,True,-0.041275508293329835
inner_selected,213,True,-0.06383538380631608
inner_selected,214,True,-0.030887639764083753
inner_selected,215,True,-0.06682458498964608
inner_selected,216,True,-0.05642473867394644
inner_selected,217,True,-0.03855737907039841
inner_selected,218,True,-0.02672763995942585
inner_selected,219,True,-0.027652041094841283
inner_selected,220,True,-0.023008430004166133
inner_selected,221,True,-0.042946261887652507
inner_selected,222,True,-0.040489811816432984
inner_selected,223,True,-0.04672237477377887
inner_selected,224,True,-0.057938038108481894
inner_selected,225,True,-0.05837939876878491
inner_selected,226,True,-0.045264332231706096
inner_selected,227,True,-0.017909921836124523
inner_selected,228,True,-0.036871669324696946
inner_selected,229,True,-0.039569210632783985
inner_selected,230,True,-0.05161459101160051
inner_selected,231,True,-0.03506980190154897
inner_selected,232,True,-0.06265231766625393
inner_selected,233,True,-0.061080732740683374
inner_selected,234,True,-0.048027269970635514
inner_selected,235,True,-0.035077499861093465
inner_selected,236,True,-0.03754253462337711
inner_selected,237,True,-0.03614591022028596
inner_selected,238,True,-0.04856451493033033
inner_selected,239,True,-0.02740819918943559
inner_selected,240,True,-0.05228084937959275
inner_selected,241,True,-0.045199985521966766
inner_selected,242,True,-0.03780424842407397
inner_selected,243,True,-0.0664217893816039
inner_selected,244,True,-0.049029923239066624
inner_selected,245,True,-0.06788099505160937
inner_selected,246,True,-0.05461228220014643
inner_selected,247,True,-0.051266736113071996
inner_selected,248,True,-0.05898934781648123
inner_selected,249,True,-0.05025997945331047
inner_selected,250,True,-0.050323280656210743
inner_selected,251,True,-0.05972190706373429
inner_selected,252,True,-0.04080849694810808
inner_selected,253,True,-0.04334924054538016
inner_selected,254,True,-0.04327169254624218
inner_selected,255,True,-0.05232495450869804
inner_selected,256,True,-0.06221144292128572
inner_selected,257,True,-0.060282100777286296
inner_selected,258,True,-0.06520104824978472
inner_selected,259,True,-0.04037520147388758
inner_selected,260,True,-0.0468294369986317
inner_selected,261,True,-0.03763990678552615
inner_selected,262,True,-0.0468251713149607
inner_selected,263,True,-0.055840797165477365
inner_selected,264,True,-0.05034374472172522
inner_selected,265,True,-0.015741244817746605
inner_selected,266,True,-0.05412354399387247
inner_selected,267,True,-0.05276322855945442
inner_selected,268,True,-0.052379489426697366
inner_selected,269,True,-0.05068968915817891
inner_selected,270,True,-0.052737081481494454
inner_selected,271,True,-0.04730754579490849
inner_selected,272,True,-0.059423292123340556
inner_selected,273,True,-0.031223259099801413
inner_selected,274,True,-0.021173950940314726
inner_selected,275,True,-0.06044834868919383
inner_selected,276,True,-0.05402640876331914
inner_selected,277,True,-0.05589645545884766
inner_selected,278,True,-0.05367678133753188
inner_selected,279,True,-0.0392615080901169
inner_selected,280,True,-0.04027327457655348
inner_selected,281,True,-0.04086134679683571
inner_selected,282,True,-0.054279085532246196
inner_selected,283,True,-0.03226577530837525
inner_selected,284,True,-0.0535284355622266
inner_selected,285,True,-0.063144269204723
inner_selected,286,True,-0.028735825557700084
inner_selected,287,True,-0.05193230489870173
inner_selected,288,True,-0.03976486519152238
inner_selected,289,True,-0.05770531192271675
inner_selected,290,True,-0.045210035851390884
inner_selected,291,True,-0.04907553132890572
inner_selected,292,True,-0.04231199117788005
inner_selected,293,True,-0.058646638517802455
inner_selected,294,True,-0.03662630096661439
inner_selected,295,True,-0.054284964548261726
inner_selected,296,True,-0.0075239894036309455
inner_selected,297,True,-0.030777988261973983
inner_selected,298,True,-0.05644334453020272
inner_selected,299,True,-0.022494726541103894
inner_selected,300,True,-0.07572044695350848
inner_selected,301,True,-0.03602618590313787
inner_selected,302,True,-0.054582056285811933
inner_selected,303,True,-0.014054303629790535
inner_selected,304,True,-0.053876956336248304
inner_selected,305,True,-0.04448793657463622
inner_selected,306,True,-0.024360185554937144
inner_selected,307,True,-0.04717902273887524
inner_selected,308,True,-0.057667699098932136
inner_selected,309,True,-0.03805870736860437
inner_selected,310,True,-0.0466417458448465
inner_selected,311,True,-0.03164409689950115
inner_selected,312,True,-0.029310505902820628
inner_selected,313,True,-0.0424187232649705
inner_selected,314,True,-0.03693164723908645
inner_selected,315,True,-0.05099765529200693
inner_selected,316,True,-0.021573306151116627
inner_selected,317,True,-0.05426572452871572
inner_selected,318,True,-0.03614467156403207
inner_selected,319,True,-0.03756429361997217
inner_selected,320,True,-0.04043175746756737
inner_selected,321,True,-0.03660157897008945
inner_selected,322,True,-0.05398150928681452
inner_selected,323,True,-0.030978863755773238
inner_selected,324,True,-0.05115992688918464
inner_selected,325,True,-0.047715118617849155
inner_selected,326,True,-0.043867698039733546
inner_selected,327,True,-0.055218748466622156
inner_selected,328,True,-0.033773655311518366
inner_selected,329,True,-0.02772274596083783
inner_selected,330,True,-0.027623795997067425
inner_selected,331,True,-0.05881294501116132
inner_selected,332,True,-0.03342346730157715
inner_selected,333,True,-0.03872432521752163
inner_selected,334,True,-0.029589359607905756
inner_selected,335,True,-0.04165047703842943
inner_selected,336,True,-0.03095593143514097
inner_selected,337,True,-0.04056172546461939
inner_selected,338,True,-0.05572223789962333
inner_selected,339,True,-0.015046461528743222
inner_selected,340,True,-0.06625238070002984
inner_selected,341,True,-0.053849951166604085
inner_selected,342,True,-0.03285721071726657
inner_selected,343,True,-0.0597422489212104
inner_selected,344,True,-0.04665535559620301
inner_selected,345,True,-0.04109494509037094
inner_selected,346,True,-0.03992712625124933
inner_selected,347,True,-0.045208695688029515
inner_selected,348,True,-0.04728791941061179
inner_selected,349,True,-0.058023600341211866
inner_selected,350,True,-0.04596738474993179
inner_selected,351,True,-0.06060694925235027
inner_selected,352,True,-0.06563395135746504
inner_selected,353,True,-0.03571389477354933
inner_selected,354,True,-0.040457490471903404
inner_selected,355,True,-0.03559052365903031
inner_selected,356,True,-0.05297739132697872
inner_selected,357,True,-0.04143873669529387
inner_selected,358,True,-0.039496135211665805
inner_selected,359,True,-0.06234342378307728
inner_selected,360,True,-0.036655453621042215
inner_selected,361,True,-0.04939860498888447
inner_selected,362,True,-0.04125834076006475
inner_selected,363,True,-0.02115621097937967
inner_selected,364,True,-0.05118349953994676
inner_selected,365,True,-0.026370357385303272
inner_selected,366,True,-0.04225860813367044
inner_selected,367,True,-0.05795339888662752
inner_selected,368,True,-0.042288806807592505
inner_selected,369,True,-0.04352641313238677
inner_selected,370,True,-0.02140438360378863
inner_selected,371,True,-0.03506026190576908
inner_selected,372,True,-0.055644220694753374
inner_selected,373,True,-0.05631526253097496
inner_selected,374,True,-0.0665246993859164
inner_selected,375,True,-0.06918551751717877
inner_selected,376,True,-0.03496154756441695
inner_selected,377,True,-0.04195195590866745
inner_selected,378,True,-0.04045134375171432
inner_selected,379,True,-0.06847582187450355
inner_selected,380,True,-0.036867968365881715
inner_selected,381,True,-0.05718391576395676
inner_selected,382,True,-0.07834530194000924
inner_selected,383,True,-0.01958881377724564
inner_selected,384,True,-0.04751917421694256
inner_selected,385,True,-0.039804045106401474
inner_selected,386,True,-0.04552494528111166
inner_selected,387,True,-0.053748146085270586
inner_selected,388,True,-0.038458796081471174
inner_selected,389,True,-0.06590918083396392
inner_selected,390,True,-0.04607788414671532
inner_selected,391,True,-0.037626991225379776
inner_selected,392,True,-0.04224318568663708
inner_selected,393,True,-0.035813288877391346
inner_selected,394,True,-0.04990944415427724
inner_selected,395,True,-0.0546897737309196
inner_selected,396,True,-0.025360227308089
inner_selected,397,True,-0.054140397842630895
inner_selected,398,True,-0.06182786379585532
inner_selected,399,True,-0.06190828381085273
inner_selected,400,True,-0.042033809329501494
inner_selected,401,True,-0.05136333939829544
inner_selected,402,True,-0.06948878420323464
inner_selected,403,True,-0.051116494559389956
inner_selected,404,True,-0.05848700226882984
inner_selected,405,True,-0.07027148396504743
inner_selected,406,True,-0.04377824463039916
inner_selected,407,True,-0.01563769260168243
inner_selected,408,True,-0.050208349377013836
inner_selected,409,True,-0.041929892871011454
inner_selected,410,True,-0.0333331535076571
inner_selected,411,True,-0.05623859440415748
inner_selected,412,True,-0.04767566463964422
inner_selected,413,True,-0.05815002485292157
inner_selected,414,True,-0.030825294467476894
inner_selected,415,True,-0.054894895951472435
inner_selected,416,True,-0.04213611563571703
inner_selected,417,True,-0.03888399695290927
inner_selected,418,True,-0.0465549766201548
inner_selected,419,True,-0.049210207684677015
inner_selected,420,True,-0.05869664634480502
inner_selected,421,True,-0.04688245065652295
inner_selected,422,True,-0.05632363644128421
inner_selected,423,True,-0.052677204762299576
inner_selected,424,True,-0.027034468851899845
inner_selected,425,True,-0.05143130575535837
inner_selected,426,True,-0.02458140284197703
inner_selected,427,True,-0.03800814319199065
inner_selected,428,True,-0.04807080907682352
inner_selected,429,True,-0.05443945523549461
inner_selected,430,True,-0.04602554151451678
inner_selected,431,True,-0.03147774261714633
inner_selected,432,True,-0.06827848772746481
inner_selected,433,True,-0.03891000581389142
inner_selected,434,True,-0.054043367343277846
inner_selected,435,True,-0.05920802890035626
inner_selected,436,True,-0.029000849217493452
inner_selected,437,True,-0.05751870459366305
inner_selected,438,True,-0.042902811063052854
inner_selected,439,True,-0.02733223108105164
inner_selected,440,True,-0.05112064225269465
inner_selected,441,True,-0.05633762716737649
inner_selected,442,True,-0.05388705694456729
inner_selected,443,True,-0.0382703947133808
inner_selected,444,True,-0.036598233175022706
inner_selected,445,True,-0.043119391432711
inner_selected,446,True,-0.031569605321410704
inner_selected,447,True,-0.07220602328345017
inner_selected,448,True,-0.056100452974950574
inner_selected,449,True,-0.06110917579666142
inner_selected,450,True,-0.04588396380293182
inner_selected,451,True,-0.05211257148630579
inner_selected,452,True,-0.02513585156578001
inner_selected,453,True,-0.022632768185875334
inner_selected,454,True,-0.04715381461607114
inner_selected,455,True,-0.03196892318668616
inner_selected,456,True,-0.05009906248303579
inner_selected,457,True,-0.06092845086226513
inner_selected,458,True,-0.03453731698425141
inner_selected,459,True,-0.05115328163733519
inner_selected,460,True,-0.03922066657708558
inner_selected,461,True,-0.03279503813332639
inner_selected,462,True,-0.03777972545928854
inner_selected,463,True,-0.06386825810278748
inner_selected,464,True,-0.040791143405500094
inner_selected,465,True,-0.05993276401440391
inner_selected,466,True,-0.06046328768017376
inner_selected,467,True,-0.06456477058856636
inner_selected,468,True,-0.05408052183660754
inner_selected,469,True,-0.050704110835407344
inner_selected,470,True,-0.03586016138359814
inner_selected,471,True,-0.04189274600557914
inner_selected,472,True,-0.0370513312298383
inner_selected,473,True,-0.04077445267028489
inner_selected,474,True,-0.033916126573568725
inner_selected,475,True,-0.051665193369753504
inner_selected,476,True,-0.06105343208653806
inner_selected,477,True,-0.05566972848019229
inner_selected,478,True,-0.03221791508712473
inner_selected,479,True,-0.050905380365331064
inner_selected,480,True,-0.04176318330966087
inner_selected,481,True,-0.04403330697779335
inner_selected,482,True,-0.03599200298470416
inner_selected,483,True,-0.04136984526148921
inner_selected,484,True,-0.03231036152618493
inner_selected,485,True,-0.05460901155779452
inner_selected,486,True,-0.043980877727311886
inner_selected,487,True,-0.029754374789988026
inner_selected,488,True,-0.04701841404347657
inner_selected,489,True,-0.04852608612517604
inner_selected,490,True,-0.04844468384816703
inner_selected,491,True,-0.06164100047107558
inner_selected,492,True,-0.02185390988180761
inner_selected,493,True,-0.03864071706665942
inner_selected,494,True,-0.05019790418673246
inner_selected,495,True,-0.05912934710447386
inner_selected,496,True,-0.05655684700853096
inner_selected,497,True,-0.010496355807224286
inner_selected,498,True,-0.027684325022431455
inner_selected,499,True,-0.04649672284020135
inner_selected,500,True,-0.018277914369790593
inner_selected,501,True,-0.013814030697570062
inner_selected,502,True,-0.038829456913434354
inner_selected,503,True,-0.039989926857290484
inner_selected,504,True,-0.07199562082930772
inner_selected,505,True,-0.04864507758077843
inner_selected,506,True,-0.01725070911361339
inner_selected,507,True,-0.03520225053973414
inner_selected,508,True,-0.048691809487176364
inner_selected,509,True,-0.06090432928938964
inner_selected,510,True,-0.03237392390553427
inner_selected,511,True,-0.03849739285595986
inner_selected,512,True,-0.0512399809027521
inner_selected,513,True,-0.03849810875833957
inner_selected,514,True,-0.05908661308633092
inner_selected,515,True,-0.037359716978413525
inner_selected,516,True,-0.04046335557617285
inner_selected,517,True,-0.0619873861959991
inner_selected,518,True,-0.06850375052445701
inner_selected,519,True,-0.05038422646436114
inner_selected,520,True,-0.0364369759236575
inner_selected,521,True,-0.06398913652557167
inner_selected,522,True,-0.04076173677011667
inner_selected,523,True,-0.03791362321988655
inner_selected,524,True,-0.04983077476826159
inner_selected,525,True,-0.03256390373141189
inner_selected,526,True,-0.04040557041933618
inner_selected,527,True,-0.058121464974733264
inner_selected,528,True,-0.04521707398979576
inner_selected,529,True,-0.041904201502434235
inner_selected,530,True,-0.05489436881627404
inner_selected,531,True,-0.049577140240929296
inner_selected,532,True,-0.05363966940909879
inner_selected,533,True,-0.039680622407127164
inner_selected,534,True,-0.05717298087473686
inner_selected,535,True,-0.04882691340625791
inner_selected,536,True,-0.0534945717592884
inner_selected,537,True,-0.03868878550452305
inner_selected,538,True,-0.05507752915865063
inner_selected,539,True,-0.043860868786345174
inner_selected,540,True,-0.05029275112081366
inner_selected,541,True,-0.04483759234617467
inner_selected,542,True,-0.07678751219499969
inner_selected,543,True,-0.03307010000351686
inner_selected,544,True,-0.04809422454385688
inner_selected,545,True,-0.04367304073988302
inner_selected,546,True,-0.04812873306270905
inner_selected,547,True,-0.027573310993085205
inner_selected,548,True,-0.06189492278838369
inner_selected,549,True,-0.040495668943603666
inner_selected,550,True,-0.061445008091164176
inner_selected,551,True,-0.04924483826011269
inner_selected,552,True,-0.05042830640336673
inner_selected,553,True,-0.04412143270889835
inner_selected,554,True,-0.04596108412356217
inner_selected,555,True,-0.064992295059464
inner_selected,556,True,-0.012567146860963201
inner_selected,557,True,-0.04282174618481417
inner_selected,558,True,-0.05258104773227503
inner_selected,559,True,-0.03568856716833756
inner_selected,560,True,-0.03112441440605059
inner_selected,561,True,-0.030627611199239124
inner_selected,562,True,-0.052268956476702974
inner_selected,563,True,-0.08104576717092812
inner_selected,564,True,-0.051490368814664365
inner_selected,565,True,-0.029248386792930247
inner_selected,566,True,-0.04423758276975409
inner_selected,567,True,-0.032989649529249446
inner_selected,568,True,-0.04834867950002109
inner_selected,569,True,-0.028534162650578128
inner_selected,570,True,-0.05271610631592768
inner_selected,571,True,-0.03591326223672828
inner_selected,572,True,-0.059999482326716015
inner_selected,573,True,-0.04617819993016217
inner_selected,574,True,-0.06226647013975166
inner_selected,575,True,-0.05139336132256246
inner_selected,576,True,-0.05081656288349638
inner_selected,577,True,-0.04450566678771807
inner_selected,578,True,-0.0316257258295123
inner_selected,579,True,-0.04113520479188557
inner_selected,580,True,-0.05484031775380367
inner_selected,581,True,-0.05362307765056564
inner_selected,582,True,-0.07508627870873355
inner_selected,583,True,-0.04233038807836362
inner_selected,584,True,-0.04338322344189623
inner_selected,585,True,-0.06367162913454745
inner_selected,586,True,-0.06329319046920415
inner_selected,587,True,-0.03956409062611768
inner_selected,588,True,-0.044246572152869604
inner_selected,589,True,-0.04724230565056169
inner_selected,590,True,-0.05926120928096847
inner_selected,591,True,-0.033451660072498474
inner_selected,592,True,-0.04205297633214706
inner_selected,593,True,-0.0679849595366984
inner_selected,594,True,-0.033820176980857646
inner_selected,595,True,-0.06590821385637863
inner_selected,596,True,-0.028237297500609937
inner_selected,597,True,-0.04526768428619381
inner_selected,598,True,-0.044717845801723874
inner_selected,599,True,-0.03150593624190668
inner_selected,600,True,-0.03202782709851888
inner_selected,601,True,-0.056591664763237515
inner_selected,602,True,-0.046692088134698155
inner_selected,603,True,-0.05436338165075497
inner_selected,604,True,-0.028373480034749293
inner_selected,605,True,-0.06291996009142913
inner_selected,606,True,-0.04004468789411428
inner_selected,607,True,-0.04991444116827334
inner_selected,608,True,-0.03759283860552319
inner_selected,609,True,-0.0651830699874775
inner_selected,610,True,-0.03834198383479039
inner_selected,611,True,-0.05658361221169637
inner_selected,612,True,-0.05000521458622732
inner_selected,613,True,-0.05858877202727534
inner_selected,614,True,-0.05011128588752881
inner_selected,615,True,-0.0471007243008324
inner_selected,616,True,-0.04364135883081151
inner_selected,617,True,-0.04129038113670101
inner_selected,618,True,-0.055338209357248355
inner_selected,619,True,-0.02253154121350174
inner_selected,620,True,-0.05868455549703986
inner_selected,621,True,-0.04525856972081982
inner_selected,622,True,-0.0423101605179805
inner_selected,623,True,-0.04223062886421423
inner_selected,624,True,-0.03675083304458069
inner_selected,625,True,-0.038996804853824965
inner_selected,626,True,-0.025836103348846996
inner_selected,627,True,-0.03861529395254845
inner_selected,628,True,-0.060929449550208
inner_selected,629,True,-0.027859188900847133
inner_selected,630,True,-0.04257689244107466
inner_selected,631,True,-0.04443793745663627
inner_selected,632,True,-0.05005793477490271
inner_selected,633,True,-0.04573146810263669
inner_selected,634,True,-0.026093251298431448
inner_selected,635,True,-0.04284903002659058
inner_selected,636,True,-0.030783696677463408
inner_selected,637,True,-0.06052668475786297
inner_selected,638,True,-0.06326567726460836
inner_selected,639,True,-0.05609821342670045
inner_selected,640,True,-0.0327767782858707
inner_selected,641,True,-0.05510147908336038
inner_selected,642,True,-0.03550480640235494
inner_selected,643,True,-0.04694491872153856
inner_selected,644,True,-0.032406010606614195
inner_selected,645,True,-0.0457520014992806
inner_selected,646,True,-0.06102461769896369
inner_selected,647,True,-0.044223981533583714
inner_selected,648,True,-0.06006762857754302
inner_selected,649,True,-0.037410304544816655
inner_selected,650,True,-0.04656775936221556
inner_selected,651,True,-0.053791659485635024
inner_selected,652,True,-0.04221867801233248
inner_selected,653,True,-0.05095276287932522
inner_selected,654,True,-0.043525859963951405
inner_selected,655,True,-0.05631071129758578
inner_selected,656,True,-0.03135581768354793
inner_selected,657,True,-0.04806135191154174
inner_selected,658,True,-0.04446574336984864
inner_selected,659,True,-0.05133195357893312
inner_selected,660,True,-0.04980765811402884
inner_selected,661,True,-0.056332681228169854
inner_selected,662,True,-0.05389046771044281
inner_selected,663,True,-0.05453592579502235
inner_selected,664,True,-0.07567404838190317
inner_selected,665,True,-0.07181715546437438
inner_selected,666,True,-0.048118013224589515
inner_selected,667,True,-0.05954025251306712
inner_selected,668,True,-0.04377540654062192
inner_selected,669,True,-0.050141778386986594
inner_selected,670,True,-0.0511586819285458
inner_selected,671,True,-0.047399470631022934
inner_selected,672,True,-0.05298903099745876
inner_selected,673,True,-0.03066708912437277
inner_selected,674,True,-0.04470345675210908
inner_selected,675,True,-0.04652739366245762
inner_selected,676,True,-0.02808955872667419
inner_selected,677,True,-0.04417346515256824
inner_selected,678,True,-0.03240937070411974
inner_selected,679,True,-0.0609810133133585
inner_selected,680,True,-0.05727669273431516
inner_selected,681,True,-0.0452467293106696
inner_selected,682,True,-0.05179071044311713
inner_selected,683,True,-0.029804165419486515
inner_selected,684,True,-0.05840998522628447
inner_selected,685,True,-0.02328168342723844
inner_selected,686,True,-0.049658299956603
inner_selected,687,True,-0.053706432134089876
inner_selected,688,True,-0.0458464021775059
inner_selected,689,True,-0.050398886557381395
inner_selected,690,True,-0.03219120943042448
inner_selected,691,True,-0.06668504668983322
inner_selected,692,True,-0.03585048191323545
inner_selected,693,True,-0.043184125315752
inner_selected,694,True,-0.05400255921173637
inner_selected,695,True,-0.03580497109241849
inner_selected,696,True,-0.030299088487462898
inner_selected,697,True,-0.04556016350879046
inner_selected,698,True,-0.0664408575970488
inner_selected,699,True,-0.04639173602932004
inner_selected,700,True,-0.036301335408279005
inner_selected,701,True,-0.05156251252533791
inner_selected,702,True,-0.018450233272456616
inner_selected,703,True,-0.0451438980881563
inner_selected,704,True,-0.02538219841767292
inner_selected,705,True,-0.03670110681874806
inner_selected,706,True,-0.05881458499187361
inner_selected,707,True,-0.04373629058853785
inner_selected,708,True,-0.04953324436678358
inner_selected,709,True,-0.050049123037351415
inner_selected,710,True,-0.043499977788050884
inner_selected,711,True,-0.03777024198518007
inner_selected,712,True,-0.0438126211671324
inner_selected,713,True,-0.034644450302072374
inner_selected,714,True,-0.010904704916819165
inner_selected,715,True,-0.029411935557870205
inner_selected,716,True,-0.05610749304302963
inner_selected,717,True,-0.04235812654924864
inner_selected,718,True,-0.05286674411346319
inner_selected,719,True,-0.04083653144126862
inner_selected,720,True,-0.03873538433264018
inner_selected,721,True,-0.030827024701324524
inner_selected,722,True,-0.04395468598630938
inner_selected,723,True,-0.06799771216493236
inner_selected,724,True,-0.061999017398326625
inner_selected,725,True,-0.0651032925341016
inner_selected,726,True,-0.053965474075946006
inner_selected,727,True,-0.05983366389155752
inner_selected,728,True,-0.057117557235909854
inner_selected,729,True,-0.05288200814761089
inner_selected,730,True,-0.031495416108452495
inner_selected,731,True,-0.05383182569124566
inner_selected,732,True,-0.05009883690066774
inner_selected,733,True,-0.05926134630413804
inner_selected,734,True,-0.06287296455115206
inner_selected,735,True,-0.0066016886067907735
inner_selected,736,True,-0.06721343943497231
inner_selected,737,True,-0.0716928763094962
inner_selected,738,True,-0.03567462763324471
inner_selected,739,True,-0.0464260864364419
inner_selected,740,True,-0.05338684466217443
inner_selected,741,True,-0.042587242134973835
inner_selected,742,True,-0.019402443499184706
inner_selected,743,True,-0.022778891152643692
inner_selected,744,True,-0.012711021418332677
inner_selected,745,True,-0.03894253957901565
inner_selected,746,True,-0.05417410260290397
inner_selected,747,True,-0.028449935607266157
inner_selected,748,True,-0.08086644905797857
inner_selected,749,True,-0.024041118228700652
inner_selected,750,True,-0.028352152204031277
inner_selected,751,True,-0.03637477819720243
inner_selected,752,True,-0.02061238118437341
inner_selected,753,True,-0.05647637806626278
inner_selected,754,True,-0.03351552434346559
inner_selected,755,True,-0.03699211321288573
inner_selected,756,True,-0.040792104560694036
inner_selected,757,True,-0.035423102097994416
inner_selected,758,True,-0.05438859153708642
inner_selected,759,True,-0.02917321235147673
inner_selected,760,True,-0.0466515307135175
inner_selected,761,True,-0.03654211121243623
inner_selected,762,True,-0.054282402597701715
inner_selected,763,True,-0.04800462293352669
inner_selected,764,True,-0.05732094973159585
inner_selected,765,True,-0.05062797495861519
inner_selected,766,True,-0.02153318958988274
inner_selected,767,True,-0.036030733867897416
inner_selected,768,True,-0.028498682837529134
inner_selected,769,True,-0.05697773550113017
inner_selected,770,True,-0.041505791173977784
inner_selected,771,True,-0.07036650777931434
inner_selected,772,True,-0.053493167646084236
inner_selected,773,True,-0.03641599944017535
inner_selected,774,True,-0.05155339030532796
inner_selected,775,True,-0.05182883887537502
inner_selected,776,True,-0.049159725037134144
inner_selected,777,True,-0.03809003061627102
inner_selected,778,True,-0.059051479794352935
inner_selected,779,True,-0.05230757222926487
inner_selected,780,True,-0.06323070657059379
inner_selected,781,True,-0.05458433327829927
inner_selected,782,True,-0.0315690248791607
inner_selected,783,True,-0.05670210420633927
inner_selected,784,True,-0.045508841119421294
inner_selected,785,True,-0.04116172689798194
inner_selected,786,True,-0.04492113212590685
inner_selected,787,True,-0.08887744277339124
inner_selected,788,True,-0.020490458013561655
inner_selected,789,True,-0.05485808606770337
inner_selected,790,True,-0.07145726699689024
inner_selected,791,True,-0.03891667401721379
inner_selected,792,True,-0.07600851889598541
inner_selected,793,True,-0.051840544219530195
inner_selected,794,True,-0.06201496747375411
inner_selected,795,True,-0.024546063726863444
inner_selected,796,True,-0.05707436476010948
inner_selected,797,True,-0.048564615093473026
inner_selected,798,True,-0.04765476772478029
inner_selected,799,True,-0.0424579479008642
inner_selected,800,True,-0.06790548791998471
inner_selected,801,True,-0.051178265891859955
inner_selected,802,True,-0.021146668566973587
inner_selected,803,True,-0.05647967132187977
inner_selected,804,True,-0.0349725215059127
inner_selected,805,True,-0.03533087179350717
inner_selected,806,True,-0.04655082458665609
inner_selected,807,True,-0.052487181495549616
inner_selected,808,True,-0.0443105396948267
inner_selected,809,True,-0.0241949155476187
inner_selected,810,True,-0.049247804723801455
inner_selected,811,True,-0.04054756045383008
inner_selected,812,True,-0.04980320576690257
inner_selected,813,True,-0.042527168916962746
inner_selected,814,True,-0.05613708985495462
inner_selected,815,True,-0.04633780137341308
inner_selected,816,True,-0.04309678010465142
inner_selected,817,True,-0.036186271921865756
inner_selected,818,True,-0.052036562235716975
inner_selected,819,True,-0.04203408885920694
inner_selected,820,True,-0.048121815037188966
inner_selected,821,True,-0.03531697890921639
inner_selected,822,True,-0.04644653015504683
inner_selected,823,True,-0.03028646636550625
inner_selected,824,True,-0.025987989710781124
inner_selected,825,True,-0.040564175494777394
inner_selected,826,True,-0.051587390156475024
inner_selected,827,True,-0.030341145252211765
inner_selected,828,True,-0.048196114757375896
inner_selected,829,True,-0.041484545486517255
inner_selected,830,True,-0.0453171638734088
inner_selected,831,True,-0.05230544854847641
inner_selected,832,True,-0.052754027273256385
inner_selected,833,True,-0.05623800922099775
inner_selected,834,True,-0.054062314443770965
inner_selected,835,True,-0.03769935063726469
inner_selected,836,True,-0.03814120317266366
inner_selected,837,True,-0.06418605647551764
inner_selected,838,True,-0.05523194204632137
inner_selected,839,True,-0.02410571681665255
inner_selected,840,True,-0.04697258224565386
inner_selected,841,True,-0.05335362561952487
inner_selected,842,True,-0.038392857220353085
inner_selected,843,True,-0.04819502034453191
inner_selected,844,True,-0.02678248630314701
inner_selected,845,True,-0.04435523362603514
inner_selected,846,True,-0.04470036132646092
inner_selected,847,True,-0.055498881281113424
inner_selected,848,True,-0.05850794406638073
inner_selected,849,True,-0.038946385414710814
inner_selected,850,True,-0.04016914910338521
inner_selected,851,True,-0.051748568325938174
inner_selected,852,True,-0.06243445193268045
inner_selected,853,True,-0.042508887861678016
inner_selected,854,True,-0.06800458115657383
inner_selected,855,True,-0.0626106945143402
inner_selected,856,True,-0.02054849248417327
inner_selected,857,True,-0.0653066034797031
inner_selected,858,True,-0.041055364865827906
inner_selected,859,True,-0.0512011279114236
inner_selected,860,True,-0.06082742366810372
inner_selected,861,True,-0.047529118166921056
inner_selected,862,True,-0.06521868173877324
inner_selected,863,True,-0.045146852874054934
inner_selected,864,True,-0.05195297390584225
inner_selected,865,True,-0.023354694519905905
inner_selected,866,True,-0.042176862691165204
inner_selected,867,True,-0.028470336029040633
inner_selected,868,True,-0.054545980367967414
inner_selected,869,True,-0.060676284413926015
inner_selected,870,True,-0.03901754459996801
inner_selected,871,True,-0.06136171810698683
inner_selected,872,True,-0.06072270719596655
inner_selected,873,True,-0.060194468274288246
inner_selected,874,True,-0.049881521708510436
inner_selected,875,True,-0.054501162541781056
inner_selected,876,True,-0.03880716831759633
inner_selected,877,True,-0.04171451022575889
inner_selected,878,True,-0.04003493484044004
inner_selected,879,True,-0.05837654514953391
inner_selected,880,True,-0.01854603430456221
inner_selected,881,True,-0.04117598562090091
inner_selected,882,True,-0.05853192340613721
inner_selected,883,True,-0.04277313173280185
inner_selected,884,True,-0.06646711546229479
inner_selected,885,True,-0.031073856469279605
inner_selected,886,True,-0.061401018016290665
inner_selected,887,True,-0.052215780159045086
inner_selected,888,True,-0.030970786759278696
inner_selected,889,True,-0.018382506123732247
inner_selected,890,True,-0.017217229095157445
inner_selected,891,True,-0.04419825831830143
inner_selected,892,True,-0.04609004569359469
inner_selected,893,True,-0.05306736109719663
inner_selected,894,True,-0.05294302718533715
inner_selected,895,True,-0.053829332688541655
inner_selected,896,True,-0.0408510329514319
inner_selected,897,True,-0.06023869493418212
inner_selected,898,True,-0.05186337983791196
inner_selected,899,True,-0.05436401161337662
inner_selected,900,True,-0.0513668066510521
inner_selected,901,True,-0.04253178160841163
inner_selected,902,True,-0.048924580290884555
inner_selected,903,True,-0.03264144273803578
inner_selected,904,True,-0.05098420083291425
inner_selected,905,True,-0.041472043762131705
inner_selected,906,True,-0.049453048558489074
inner_selected,907,True,-0.06179276136930123
inner_selected,908,True,-0.0350059175763429
inner_selected,909,True,-0.07873581810742225
inner_selected,910,True,-0.054641664705441004
inner_selected,911,True,-0.05700723621211249
inner_selected,912,True,-0.04256103493537248
inner_selected,913,True,-0.03680257601504191
inner_selected,914,True,-0.04871258854846647
inner_selected,915,True,-0.04555223867085699
inner_selected,916,True,-0.03329979992333151
inner_selected,917,True,-0.054661766616868834
inner_selected,918,True,-0.03415442599147529
inner_selected,919,True,-0.024939814241062574
inner_selected,920,True,-0.05360379473038225
inner_selected,921,True,-0.05571011592183084
inner_selected,922,True,-0.04492355211910973
inner_selected,923,True,-0.04248802602572255
inner_selected,924,True,-0.04972577934023809
inner_selected,925,True,-0.06551909249598573
inner_selected,926,True,-0.047890821723349686
inner_selected,927,True,-0.03036555225741469
inner_selected,928,True,-0.05730373827927295
inner_selected,929,True,-0.03405501254160757
inner_selected,930,True,-0.06394020442455313
inner_selected,931,True,-0.04541916552540653
inner_selected,932,True,-0.060424435018898305
inner_selected,933,True,-0.03899123780502074
inner_selected,934,True,-0.03570497411875735
inner_selected,935,True,-0.04585691385328454
inner_selected,936,True,-0.04201190771693687
inner_selected,937,True,-0.04598379633588945
inner_selected,938,True,-0.037764896374650955
inner_selected,939,True,-0.03731905135246716
inner_selected,940,True,-0.05555110379708387
inner_selected,941,True,-0.04165737750236216
inner_selected,942,True,-0.05697021217491377
inner_selected,943,True,-0.04318572043073328
inner_selected,944,True,-0.03917465897547811
inner_selected,945,True,-0.042986469505098934
inner_selected,946,True,-0.0400166273029109
inner_selected,947,True,-0.03538175470070284
inner_selected,948,True,-0.04337654994566424
inner_selected,949,True,-0.05491157776453289
inner_selected,950,True,-0.05184215411745644
inner_selected,951,True,-0.04585868792072795
inner_selected,952,True,-0.05279194318630938
inner_selected,953,True,-0.03316986817914738
inner_selected,954,True,-0.03717595340074087
inner_selected,955,True,-0.0733542455930242
inner_selected,956,True,-0.05214936878237626
inner_selected,957,True,-0.038318809496222885
inner_selected,958,True,-0.03871218052107324
inner_selected,959,True,-0.027069008727296083
inner_selected,960,True,-0.03977502174291243
inner_selected,961,True,-0.051378357582928226
inner_selected,962,True,-0.040280885228979504
inner_selected,963,True,-0.053961501012876265
inner_selected,964,True,-0.04965059568324008
inner_selected,965,True,-0.05122338909735952
inner_selected,966,True,-0.03052747541075887
inner_selected,967,True,-0.058480177942737285
inner_selected,968,True,-0.04514098166445892
inner_selected,969,True,-0.02804201499273203
inner_selected,970,True,-0.057203480378657225
inner_selected,971,True,-0.048431515905774256
inner_selected,972,True,-0.041607126012851055
inner_selected,973,True,-0.04288762119650551
inner_selected,974,True,-0.06685536702724038
inner_selected,975,True,-0.04928000799982414
inner_selected,976,True,-0.025683051218163545
inner_selected,977,True,-0.042857485545944575
inner_selected,978,True,-0.040683196353620284
inner_selected,979,True,-0.029375635320124726
inner_selected,980,True,-0.032518187215603275
inner_selected,981,True,-0.05027246776327576
inner_selected,982,True,-0.047818362534487804
inner_selected,983,True,-0.04942522611228135
inner_selected,984,True,-0.02569054041461057
inner_selected,985,True,-0.054558444884349064
inner_selected,986,True,-0.07376765792343856
inner_selected,987,True,-0.032354485044776636
inner_selected,988,True,-0.02544646966983073
inner_selected,989,True,-0.030521132548753327
inner_selected,990,True,-0.0380471941643506
inner_selected,991,True,-0.059500503906460854
inner_selected,992,True,-0.05318845002271518
inner_selected,993,True,-0.06145661518771661
inner_selected,994,True,-0.050566771278407474
inner_selected,995,True,-0.05625781284112612
inner_selected,996,True,-0.03685790390640057
inner_selected,997,True,-0.05140138578633028
inner_selected,998,True,-0.04069030817282683
inner_selected,999,True,-0.041100361041892734
inner_selected,1000,True,-0.04901117375687549
inner_selected,1001,True,-0.04677017860937375
inner_selected,1002,True,-0.044313928361270294
inner_selected,1003,True,-0.04383514022989143
inner_selected,1004,True,-0.05434576248081728
inner_selected,1005,True,-0.034452510229771485
inner_selected,1006,True,-0.04609352386610698
inner_selected,1007,True,-0.06059530617739041
inner_selected,1008,True,-0.04542605327799622
inner_selected,1009,True,-0.034487893865816396
inner_selected,1010,True,-0.047034652701269525
inner_selected,1011,True,-0.05364093445170489
inner_selected,1012,True,-0.040182703547514104
inner_selected,1013,True,-0.061279517186160024
inner_selected,1014,True,-0.05037112710098587
inner_selected,1015,True,-0.05610204637383085
inner_selected,1016,True,-0.04342330499583284
inner_selected,1017,True,-0.04762562074128954
inner_selected,1018,True,-0.044675194831652824
inner_selected,1019,True,-0.03307322340463939
inner_selected,1020,True,-0.0536344172511312
inner_selected,1021,True,-0.0329704567677461
inner_selected,1022,True,-0.03420357345068997
inner_selected,1023,True,-0.04384918716493502
inner_selected,1024,True,-0.06859591864360393
inner_selected,1025,True,-0.05772803208073527
inner_selected,1026,True,-0.021566582064671613
inner_selected,1027,True,-0.01122945710550303
inner_selected,1028,True,-0.03041639272662173
inner_selected,1029,True,-0.052433231044378005
inner_selected,1030,True,-0.0418283273003058
inner_selected,1031,True,-0.05183769311766602
inner_selected,1032,True,-0.056476102087363145
inner_selected,1033,True,-0.051962855330302024
inner_selected,1034,True,-0.05912982981881325
inner_selected,1035,True,-0.05554019107360042
inner_selected,1036,True,-0.056477239026961966
inner_selected,1037,True,-0.0395491121888001
inner_selected,1038,True,-0.04732716409028824
inner_selected,1039,True,-0.06002427928623268
inner_selected,1040,True,-0.06722926667230819
inner_selected,1041,True,-0.028830045363369167
inner_selected,1042,True,-0.06251339795779648
inner_selected,1043,True,-0.037437645693240026
inner_selected,1044,True,-0.04581995790080083
inner_selected,1045,True,-0.07136061076424442
inner_selected,1046,True,-0.05369080581231593
inner_selected,1047,True,-0.03520402192454837
inner_selected,1048,True,-0.05856880174191581
inner_selected,1049,True,-0.04139142119040391
inner_selected,1050,True,-0.04689456835012412
inner_selected,1051,True,-0.038109287338067836
inner_selected,1052,True,-0.04185273595049964
inner_selected,1053,True,-0.03558600629260707
inner_selected,1054,True,-0.03440568278672734
inner_selected,1055,True,-0.052212613828344044
inner_selected,1056,True,-0.07094014066522791
inner_selected,1057,True,-0.04079098873635635
inner_selected,1058,True,-0.035837927181177995
inner_selected,1059,True,-0.052303885713288735
inner_selected,1060,True,-0.047560956051573164
inner_selected,1061,True,-0.019007031795801883
inner_selected,1062,True,-0.048346990591059284
inner_selected,1063,True,-0.048012361297057
inner_selected,1064,True,-0.043212358656467366
inner_selected,1065,True,-0.025215778835097298
inner_selected,1066,True,-0.0424180011907089
inner_selected,1067,True,-0.052349620768590274
inner_selected,1068,True,-0.04426523545077342
inner_selected,1069,True,-0.06058403710218825
inner_selected,1070,True,-0.06464489122294102
inner_selected,1071,True,-0.05736997614301962
inner_selected,1072,True,-0.03920089737292655
inner_selected,1073,True,-0.043815844495061804
inner_selected,1074,True,-0.07565206016589807
inner_selected,1075,True,-0.023651538125441424
inner_selected,1076,True,-0.04395537961248198
inner_selected,1077,True,-0.03720208348238914
inner_selected,1078,True,-0.07504183692709739
inner_selected,1079,True,-0.04948283767053322
inner_selected,1080,True,-0.048466834061084554
inner_selected,1081,True,-0.048751396522533
inner_selected,1082,True,-0.06025344419375021
inner_selected,1083,True,-0.037889069621650964
inner_selected,1084,True,-0.04256667236682658
inner_selected,1085,True,-0.04486382709318973
inner_selected,1086,True,-0.052951036100242176
inner_selected,1087,True,-0.04234660989013102
inner_selected,1088,True,-0.05114379407019476
inner_selected,1089,True,-0.061015538618869394
inner_selected,1090,True,-0.043545011784310875
inner_selected,1091,True,-0.05184180517365259
inner_selected,1092,True,-0.05349508642348279
inner_selected,1093,True,-0.05865586778669617
inner_selected,1094,True,-0.059818685623788136
inner_selected,1095,True,-0.03937431793809234
inner_selected,1096,True,-0.05307276787139333
inner_selected,1097,True,-0.06512904232809928
inner_selected,1098,True,-0.05465949117896265
inner_selected,1099,True,-0.022497293089543714
inner_selected,1100,True,-0.04420599949804553
inner_selected,1101,True,-0.04483496270583012
inner_selected,1102,True,-0.04074787063126264
inner_selected,1103,True,-0.0511235998791076
inner_selected,1104,True,-0.03263938683912532
inner_selected,1105,True,-0.062133743599259925
inner_selected,1106,True,-0.0357525397125537
inner_selected,1107,True,-0.05918300176329969
inner_selected,1108,True,-0.06741217955927101
inner_selected,1109,True,-0.06490257585765799
inner_selected,1110,True,-0.04161432255710486
inner_selected,1111,True,-0.041977109561600404
inner_selected,1112,True,-0.039038331389850835
inner_selected,1113,True,-0.050381493293697885
inner_selected,1114,True,-0.044141398097409176
inner_selected,1115,True,-0.034686847730765726
inner_selected,1116,True,-0.04516361574587796
inner_selected,1117,True,-0.04317743455421801
inner_selected,1118,True,-0.03461619352687995
inner_selected,1119,True,-0.057254362632159286
inner_selected,1120,True,-0.038592546005614826
inner_selected,1121,True,-0.03545930377128258
inner_selected,1122,True,-0.03149185759418852
inner_selected,1123,True,-0.030447795330058498
inner_selected,1124,True,-0.07514339050822091
inner_selected,1125,True,-0.057230728238332064
inner_selected,1126,True,-0.06288689905434097
inner_selected,1127,True,-0.04412532707039647
inner_selected,1128,True,-0.03732158058963446
inner_selected,1129,True,-0.06339158984744847
inner_selected,1130,True,-0.04974464117042547
inner_selected,1131,True,-0.04609285166475111
inner_selected,1132,True,-0.028807099468159764
inner_selected,1133,True,-0.0546918987168454
inner_selected,1134,True,-0.05808148032268616
inner_selected,1135,True,-0.04793549583260892
inner_selected,1136,True,-0.03612045733944694
inner_selected,1137,True,-0.028222616811007628
inner_selected,1138,True,-0.03691882541744977
inner_selected,1139,True,-0.06656955372482563
inner_selected,1140,True,-0.049758195513203526
inner_selected,1141,True,-0.05304386840575862
inner_selected,1142,True,-0.03916280917793669
inner_selected,1143,True,-0.05040340266635498
inner_selected,1144,True,-0.051210756792237855
inner_selected,1145,True,-0.04105239089908831
inner_selected,1146,True,-0.015370649127687786
inner_selected,1147,True,-0.040587136991618915
inner_selected,1148,True,-0.034676070676533874
inner_selected,1149,True,-0.04221130038492049
inner_selected,1150,True,-0.06026285889924833
inner_selected,1151,True,-0.06475468586293104
inner_selected,1152,True,-0.06186479947212975
inner_selected,1153,True,-0.0659988732649325
inner_selected,1154,True,-0.02495251942327319
inner_selected,1155,True,-0.04323585124630796
inner_selected,1156,True,-0.04881730037492677
inner_selected,1157,True,-0.0432032970509563
inner_selected,1158,True,-0.042708643668837476
inner_selected,1159,True,-0.030270360356277875
inner_selected,1160,True,-0.04912349845021813
inner_selected,1161,True,-0.03725584020893391
inner_selected,1162,True,-0.033649323314978455
inner_selected,1163,True,-0.05162650389167034
inner_selected,1164,True,-0.05828863544776974
inner_selected,1165,True,-0.053149968481405206
inner_selected,1166,True,-0.05273628336571769
inner_selected,1167,True,-0.05429317966696297
inner_selected,1168,True,-0.04053198415629563
inner_selected,1169,True,-0.04983279971539613
inner_selected,1170,True,-0.03256496245083185
inner_selected,1171,True,-0.04938324153897635
inner_selected,1172,True,-0.04425741138751359
inner_selected,1173,True,-0.0693511990881619
inner_selected,1174,True,-0.04690819441620274
inner_selected,1175,True,-0.041898293256351075
inner_selected,1176,True,-0.0531592232146341
inner_selected,1177,True,-0.02803618369272662
inner_selected,1178,True,-0.05398735438844956
inner_selected,1179,True,-0.0455934463746982
inner_selected,1180,True,-0.05177460066130233
inner_selected,1181,True,-0.04115655345311648
inner_selected,1182,True,-0.03675100953436897
inner_selected,1183,True,-0.03767651695876057
inner_selected,1184,True,-0.04183848783285299
inner_selected,1185,True,-0.0353347180869041
inner_selected,1186,True,-0.020545564986928173
inner_selected,1187,True,-0.04065059305377118
inner_selected,1188,True,-0.047257421547780606
inner_selected,1189,True,-0.03450045650870323
inner_selected,1190,True,-0.01955426213334995
inner_selected,1191,True,-0.07124558796802559
inner_selected,1192,True,-0.0394758969648268
inner_selected,1193,True,-0.04036095386674084
inner_selected,1194,True,-0.06930221081066223
inner_selected,1195,True,-0.03753002733569934
inner_selected,1196,True,-0.0640609484001023
inner_selected,1197,True,-0.038871730696660785
inner_selected,1198,True,-0.03616809559498471
inner_selected,1199,True,-0.0339594638881868
inner_selected,1200,True,-0.04134018180021991
inner_selected,1201,True,-0.04274985803430411
inner_selected,1202,True,-0.042173948799585616
inner_selected,1203,True,-0.03558284950209116
inner_selected,1204,True,-0.03776805480975906
inner_selected,1205,True,-0.033604731871062866
inner_selected,1206,True,-0.07261136443961577
inner_selected,1207,True,-0.017971617744373426
inner_selected,1208,True,-0.05053575208906423
inner_selected,1209,True,-0.04369621852126318
inner_selected,1210,True,-0.0445570803402849
inner_selected,1211,True,-0.059714153167105447
inner_selected,1212,True,-0.0416182522834205
inner_selected,1213,True,-0.053486066989270886
inner_selected,1214,True,-0.030693204128671485
inner_selected,1215,True,-0.058565562083282965
inner_selected,1216,True,-0.029037870199039712
inner_selected,1217,True,-0.045525678075918584
inner_selected,1218,True,-0.04183519210117702
inner_selected,1219,True,-0.02576389791629463
inner_selected,1220,True,-0.04772267430346276
inner_selected,1221,True,-0.0536499786194112
inner_selected,1222,True,-0.0381422467687008
inner_selected,1223,True,-0.07800805202785961
inner_selected,1224,True,-0.05312360979603342
inner_selected,1225,True,-0.061990044129825186
inner_selected,1226,True,-0.034396422094225484
inner_selected,1227,True,-0.038134231453254536
inner_selected,1228,True,-0.03049364101664383
inner_selected,1229,True,-0.0395991475204779
inner_selected,1230,True,-0.060094084305928996
inner_selected,1231,True,-0.04782822946824495
inner_selected,1232,True,-0.038339391369117654
inner_selected,1233,True,-0.04013592410059838
inner_selected,1234,True,-0.02772957011430487
inner_selected,1235,True,-0.03321987884611873
inner_selected,1236,True,-0.02765035740815943
inner_selected,1237,True,-0.04930833393021491
inner_selected,1238,True,-0.04886780569774866
inner_selected,1239,True,-0.049694120995571966
inner_selected,1240,True,-0.04531401148621173
inner_selected,1241,True,-0.04733888110502547
inner_selected,1242,True,-0.043268656779030294
inner_selected,1243,True,-0.04255684585288218
inner_selected,1244,True,-0.04171832495035496
inner_selected,1245,True,-0.041374393066175755
inner_selected,1246,True,-0.04469917783806129
inner_selected,1247,True,-0.05406837317983645
inner_selected,1248,True,-0.056585296082944506
inner_selected,1249,True,-0.05445354205921525
inner_selected,1250,True,-0.05777708843573659
inner_selected,1251,True,-0.05219061489782406
inner_selected,1252,True,-0.04651960504649761
inner_selected,1253,True,-0.040466410149000945
inner_selected,1254,True,-0.03587444809070788
inner_selected,1255,True,-0.04723485628784639
inner_selected,1256,True,-0.0676857394703859
inner_selected,1257,True,-0.03574719028465249
inner_selected,1258,True,-0.054324874254865485
inner_selected,1259,True,-0.01157218539095815
inner_selected,1260,True,-0.03224355863277854
inner_selected,1261,True,-0.053809120432238323
inner_selected,1262,True,-0.04487450311192985
inner_selected,1263,True,-0.03557101131811595
inner_selected,1264,True,-0.04792576255499898
inner_selected,1265,True,-0.04925264305723011
inner_selected,1266,True,-0.055310305016063974
inner_selected,1267,True,-0.040176539569721434
inner_selected,1268,True,-0.05112985277631911
inner_selected,1269,True,-0.03705824039444444
inner_selected,1270,True,-0.04712264938674347
inner_selected,1271,True,-0.023218339071154826
inner_selected,1272,True,-0.060213507564159406
inner_selected,1273,True,-0.045553698915684435
inner_selected,1274,True,-0.04711642470588876
inner_selected,1275,True,-0.02593771204753399
inner_selected,1276,True,-0.0477039705028995
inner_selected,1277,True,-0.05683546105962693
inner_selected,1278,True,-0.05575693408821092
inner_selected,1279,True,-0.0286737808490612
inner_selected,1280,True,-0.046694592014977346
inner_selected,1281,True,-0.03266695149680175
inner_selected,1282,True,-0.03573349010344213
inner_selected,1283,True,-0.022120998218055056
inner_selected,1284,True,-0.04452024547282999
inner_selected,1285,True,-0.02940420178805262
inner_selected,1286,True,-0.052996217514223606
inner_selected,1287,True,-0.03975104218098432
inner_selected,1288,True,-0.022854555436478057
inner_selected,1289,True,-0.055611580970208366
inner_selected,1290,True,-0.05806631638562173
inner_selected,1291,True,-0.03308912610789846
inner_selected,1292,True,-0.0639401762481156
inner_selected,1293,True,-0.06867703688365608
inner_selected,1294,True,-0.058271247415258
inner_selected,1295,True,-0.0415481845246118
inner_selected,1296,True,-0.062036375775241445
inner_selected,1297,True,-0.04451153967015311
inner_selected,1298,True,-0.04737121654220668
inner_selected,1299,True,-0.06013504809906578
inner_selected,1300,True,-0.04541921437683402
inner_selected,1301,True,-0.050905776383927404
inner_selected,1302,True,-0.039698558443173174
inner_selected,1303,True,-0.02773004659827168
inner_selected,1304,True,-0.055871998275264644
inner_selected,1305,True,-0.04767632284906157
inner_selected,1306,True,-0.04452601026151708
inner_selected,1307,True,-0.052499062030028035
inner_selected,1308,True,-0.04546696471800042
inner_selected,1309,True,-0.035294363022383826
inner_selected,1310,True,-0.01618181723873378
inner_selected,1311,True,-0.04614978872361887
inner_selected,1312,True,-0.05409734039009904
inner_selected,1313,True,-0.030448329320347134
inner_selected,1314,True,-0.042657829983855665
inner_selected,1315,True,-0.04698166902014077
inner_selected,1316,True,-0.054960138964733105
inner_selected,1317,True,-0.06498891493604683
inner_selected,1318,True,-0.07320204221022024
inner_selected,1319,True,-0.04706805984801225
inner_selected,1320,True,-0.05770862023348851
inner_selected,1321,True,-0.036002827547171094
inner_selected,1322,True,-0.049002634079142175
inner_selected,1323,True,-0.02826848292692239
inner_selected,1324,True,-0.05442452940990483
inner_selected,1325,True,-0.06872682924513612
inner_selected,1326,True,-0.03892201159376028
inner_selected,1327,True,-0.03365660261063756
inner_selected,1328,True,-0.024503001880688702
inner_selected,1329,True,-0.04135473821332454
inner_selected,1330,True,-0.044519531148367174
inner_selected,1331,True,-0.0595562189039517
inner_selected,1332,True,-0.05017229879137487
inner_selected,1333,True,-0.06669093711554053
inner_selected,1334,True,-0.03666191449916062
inner_selected,1335,True,-0.05603167433402244
inner_selected,1336,True,-0.040981359889409694
inner_selected,1337,True,-0.04983235866014578
inner_selected,1338,True,-0.05798719915382901
inner_selected,1339,True,-0.03775032507649978
inner_selected,1340,True,-0.03718753646746305
inner_selected,1341,True,-0.047558595241085785
inner_selected,1342,True,-0.052454657552323355
inner_selected,1343,True,-0.038755475967342204
inner_selected,1344,True,-0.05385962548770375
inner_selected,1345,True,-0.06965819843024834
inner_selected,1346,True,-0.031466637751495344
inner_selected,1347,True,-0.045572625027233485
inner_selected,1348,True,-0.02737139045107486
inner_selected,1349,True,-0.0563595651464045
inner_selected,1350,True,-0.04969324818220589
inner_selected,1351,True,-0.06035818287114616
inner_selected,1352,True,-0.042630475600963065
inner_selected,1353,True,-0.04562993847775747
inner_selected,1354,True,-0.05296697145674861
inner_selected,1355,True,-0.04782148938199305
inner_selected,1356,True,-0.05180007222624189
inner_selected,1357,True,-0.06360807187493864
inner_selected,1358,True,-0.05273404642371958
inner_selected,1359,True,-0.03680521044082016
inner_selected,1360,True,-0.054156086271619164
inner_selected,1361,True,-0.0370642639075594
inner_selected,1362,True,-0.02887522365944591
inner_selected,1363,True,-0.02859977667519157
inner_selected,1364,True,-0.04305580163576923
inner_selected,1365,True,-0.0267427926319161
inner_selected,1366,True,-0.05041412019231748
inner_selected,1367,True,-0.03735158283708093
inner_selected,1368,True,-0.046788620560210895
inner_selected,1369,True,-0.03102749780775916
inner_selected,1370,True,-0.056146076458119545
inner_selected,1371,True,-0.051330290076889926
inner_selected,1372,True,-0.06293973593888802
inner_selected,1373,True,-0.04288466056520533
inner_selected,1374,True,-0.017582147185087795
inner_selected,1375,True,-0.04858593553969839
inner_selected,1376,True,-0.03235323976310114
inner_selected,1377,True,-0.05315429238577894
inner_selected,1378,True,-0.04143420563273094
inner_selected,1379,True,-0.03333422818098065
inner_selected,1380,True,-0.04591484354615112
inner_selected,1381,True,-0.0313963697672839
inner_selected,1382,True,-0.028826916551505034
inner_selected,1383,True,-0.05522668636423946
inner_selected,1384,True,-0.06297603742778515
inner_selected,1385,True,-0.06655362880086535
inner_selected,1386,True,-0.03478661064206292
inner_selected,1387,True,-0.04626408653835228
inner_selected,1388,True,-0.03763649922729854
inner_selected,1389,True,-0.053101476228507694
inner_selected,1390,True,-0.059256041558879924
inner_selected,1391,True,-0.03615874578619087
inner_selected,1392,True,-0.0625052824806842
inner_selected,1393,True,-0.047049205435396924
inner_selected,1394,True,-0.0535016447361837
inner_selected,1395,True,-0.05771284362100802
inner_selected,1396,True,-0.05958829070575491
inner_selected,1397,True,-0.05559455407793264
inner_selected,1398,True,-0.04762340296745678
inner_selected,1399,True,-0.024287074011063052
inner_selected,1400,True,-0.0065511710757279375
inner_selected,1401,True,-0.05106948003871076
inner_selected,1402,True,-0.04667908798387871
inner_selected,1403,True,-0.012358754796836107
inner_selected,1404,True,-0.03994069549497297
inner_selected,1405,True,-0.031814794801862646
inner_selected,1406,True,-0.05692887955197752
inner_selected,1407,True,-0.05075712171080247
inner_selected,1408,True,-0.04511417772155947
inner_selected,1409,True,-0.024304518690337645
inner_selected,1410,True,-0.03633551109724709
inner_selected,1411,True,-0.05935876928135016
inner_selected,1412,True,-0.046993568953723905
inner_selected,1413,True,-0.04172475849980179
inner_selected,1414,True,-0.04271914847391225
inner_selected,1415,True,-0.03613370265509929
inner_selected,1416,True,-0.0598014404623818
inner_selected,1417,True,-0.057658533557758775
inner_selected,1418,True,-0.04713624696259047
inner_selected,1419,True,-0.05261182621282452
inner_selected,1420,True,-0.05076865635973991
inner_selected,1421,True,-0.04159959250390041
inner_selected,1422,True,-0.06707797421363759
inner_selected,1423,True,-0.05282413891903255
inner_selected,1424,True,-0.06011265346264281
inner_selected,1425,True,-0.04122446581090773
inner_selected,1426,True,-0.07017570243479943
inner_selected,1427,True,-0.03452481459334672
inner_selected,1428,True,-0.040773762584101196
inner_selected,1429,True,-0.051801220345963364
inner_selected,1430,True,-0.016080496340153877
inner_selected,1431,True,-0.05953855705776656
inner_selected,1432,True,-0.034499896301890196
inner_selected,1433,True,-0.049550546661619774
inner_selected,1434,True,-0.029370140936380455
inner_selected,1435,True,-0.050873821442186294
inner_selected,1436,True,-0.04575582944769285
inner_selected,1437,True,-0.06697360705645068
inner_selected,1438,True,-0.04348888443063948
inner_selected,1439,True,-0.04664436455299685
inner_selected,1440,True,-0.050293159707993064
inner_selected,1441,True,-0.0535816760226812
inner_selected,1442,True,-0.04254504230466916
inner_selected,1443,True,-0.07200456842701078
inner_selected,1444,True,-0.015387123844106764
inner_selected,1445,True,-0.018345467123147875
inner_selected,1446,True,-0.018574386482819526
inner_selected,1447,True,-0.054473252238073554
inner_selected,1448,True,-0.032131133622828836
inner_selected,1449,True,-0.04042525846563742
inner_selected,1450,True,-0.04364235392854506
inner_selected,1451,True,-0.03968817415189056
inner_selected,1452,True,-0.01821521158835032
inner_selected,1453,True,-0.0508856504423153
inner_selected,1454,True,-0.037654629784000165
inner_selected,1455,True,-0.03746799158224703
inner_selected,1456,True,-0.05618024602380397
inner_selected,1457,True,-0.042932527500294144
inner_selected,1458,True,-0.05822344882484819
inner_selected,1459,True,-0.05631340879986816
inner_selected,1460,True,-0.01681719642694421
inner_selected,1461,True,-0.05550075954033382
inner_selected,1462,True,-0.0441091184265104
inner_selected,1463,True,-0.062162624615287196
inner_selected,1464,True,-0.051790072413722923
inner_selected,1465,True,-0.054681149222901605
inner_selected,1466,True,-0.053595028155865046
inner_selected,1467,True,-0.031157757744525373
inner_selected,1468,True,-0.05250352112008464
inner_selected,1469,True,-0.021055873408360404
inner_selected,1470,True,-0.033058181924854844
inner_selected,1471,True,-0.05241692649763695
inner_selected,1472,True,-0.04938184812724043
inner_selected,1473,True,-0.04221869206717551
inner_selected,1474,True,-0.055066461672149306
inner_selected,1475,True,-0.04469260381562999
inner_selected,1476,True,-0.05443164324961893
inner_selected,1477,True,-0.042509677477118986
inner_selected,1478,True,-0.017994238940739114
inner_selected,1479,True,-0.05166474915592826
inner_selected,1480,True,-0.03521253084409018
inner_selected,1481,True,-0.029976037513026698
inner_selected,1482,True,-0.05073065669125239
inner_selected,1483,True,-0.04219653918669406
inner_selected,1484,True,-0.050029213555265614
inner_selected,1485,True,-0.057086029822962105
inner_selected,1486,True,-0.062496442609345434
inner_selected,1487,True,-0.05960542177433107
inner_selected,1488,True,-0.059468254898728534
inner_selected,1489,True,-0.04148112622912216
inner_selected,1490,True,-0.05145226393063419
inner_selected,1491,True,-0.05605255231607964
inner_selected,1492,True,-0.017010197198707094
inner_selected,1493,True,-0.05363687494158838
inner_selected,1494,True,-0.059749264861546046
inner_selected,1495,True,-0.040230238067596326
inner_selected,1496,True,-0.06040991588195403
inner_selected,1497,True,-0.0573580363403662
inner_selected,1498,True,-0.04766301176329964
inner_selected,1499,True,-0.04623902951184899
inner_selected,1500,True,-0.04400462180268077
inner_selected,1501,True,-0.03058795735114652
inner_selected,1502,True,-0.02597987065948657
inner_selected,1503,True,-0.03761036573898317
inner_selected,1504,True,-0.03740673236036346
inner_selected,1505,True,-0.057522173835306736
inner_selected,1506,True,-0.06030240515588407
inner_selected,1507,True,-0.05783423763324086
inner_selected,1508,True,-0.05761518492686555
inner_selected,1509,True,-0.05186082678680898
inner_selected,1510,True,-0.027914255315697745
inner_selected,1511,True,-0.04554902971530057
inner_selected,1512,True,-0.04629379542702442
inner_selected,1513,True,-0.04690373529493082
inner_selected,1514,True,-0.049523824886713155
inner_selected,1515,True,-0.05124818809322144
inner_selected,1516,True,-0.03983397040138356
inner_selected,1517,True,-0.042896974529423114
inner_selected,1518,True,-0.047152177912487186
inner_selected,1519,True,-0.05774645938036153
inner_selected,1520,True,-0.032221946488819354
inner_selected,1521,True,-0.058054550449671574
inner_selected,1522,True,-0.03550172088411448
inner_selected,1523,True,-0.04956060293423719
inner_selected,1524,True,-0.03288409329476601
inner_selected,1525,True,-0.06516372502506304
inner_selected,1526,True,-0.03490094418306514
inner_selected,1527,True,-0.015985435485357403
inner_selected,1528,True,-0.04293425115600311
inner_selected,1529,True,-0.06152140301483866
inner_selected,1530,True,-0.05618837047225117
inner_selected,1531,True,-0.04765352648567997
inner_selected,1532,True,-0.06734286507771167
inner_selected,1533,True,-0.03437289725902023
inner_selected,1534,True,-0.010940970093287405
inner_selected,1535,True,-0.026662665017715033
inner_selected,1536,True,-0.053875671736497946
inner_selected,1537,True,-0.06427199388964447
inner_selected,1538,True,-0.055605358907835425
inner_selected,1539,True,-0.046778374828332935
inner_selected,1540,True,-0.044578526788146014
inner_selected,1541,True,-0.06038772465840507
inner_selected,1542,True,-0.05846010319003971
inner_selected,1543,True,-0.05865694453463447
inner_selected,1544,True,-0.05265863575332545
inner_selected,1545,True,-0.042463198654081206
inner_selected,1546,True,-0.04744216497677384
inner_selected,1547,True,-0.0601592264514426
inner_selected,1548,True,-0.05599268846675082
inner_selected,1549,True,-0.0398144306362256
inner_selected,1550,True,-0.06715457167128772
inner_selected,1551,True,-0.040807029287975194
inner_selected,1552,True,-0.061637975424119786
inner_selected,1553,True,-0.0605534895906774
inner_selected,1554,True,-0.051385564209391534
inner_selected,1555,True,-0.060489767683092485
inner_selected,1556,True,-0.03349583496685066
inner_selected,1557,True,-0.02408938826705395
inner_selected,1558,True,-0.050781265994359705
inner_selected,1559,True,-0.05300656470582732
inner_selected,1560,True,-0.03852710141450097
inner_selected,1561,True,-0.053079575593912055
inner_selected,1562,True,-0.034603094860378006
inner_selected,1563,True,-0.04103681916471556
inner_selected,1564,True,-0.06542229378484497
inner_selected,1565,True,-0.06014414856050743
inner_selected,1566,True,-0.03824882603678638
inner_selected,1567,True,-0.05617547815338212
inner_selected,1568,True,-0.05737820163327641
inner_selected,1569,True,-0.05714031101652728
inner_selected,1570,True,-0.05150591157896679
inner_selected,1571,True,-0.03345112815306976
inner_selected,1572,True,-0.045927656171210016
inner_selected,1573,True,-0.04755271444055452
inner_selected,1574,True,-0.022659590441411685
inner_selected,1575,True,-0.07394690284639574
inner_selected,1576,True,-0.05952979110055068
inner_selected,1577,True,-0.07001672029792436
inner_selected,1578,True,-0.05999993266895426
inner_selected,1579,True,-0.04512241155115411
inner_selected,1580,True,-0.03652175561361465
inner_selected,1581,True,-0.047395248825835394
inner_selected,1582,True,-0.036251670518509804
inner_selected,1583,True,-0.034441480392351634
inner_selected,1584,True,-0.03751384101043262
inner_selected,1585,True,-0.036238245838445975
inner_selected,1586,True,-0.04729573659369856
inner_selected,1587,True,-0.03075659370707685
inner_selected,1588,True,-0.047569590095356
inner_selected,1589,True,-0.039659439550413275
inner_selected,1590,True,-0.05209126396169302
inner_selected,1591,True,-0.040050799334791505
inner_selected,1592,True,-0.05969358867010137
inner_selected,1593,True,-0.056533005707062725
inner_selected,1594,True,-0.055748405602730665
inner_selected,1595,True,-0.05666318722855076
inner_selected,1596,True,-0.0395598865811866
inner_selected,1597,True,-0.04861404779821302
inner_selected,1598,True,-0.04401582474597396
inner_selected,1599,True,-0.037352723908287436
inner_selected,1600,True,-0.04097149699059136
inner_selected,1601,True,-0.06286139169671132
inner_selected,1602,True,-0.04144128330016179
inner_selected,1603,True,-0.04437187475866915
inner_selected,1604,True,-0.04686989829779377
inner_selected,1605,True,-0.04904924012373768
inner_selected,1606,True,-0.02788802158678418
inner_selected,1607,True,-0.05428743399450916
inner_selected,1608,True,-0.06714016993248871
inner_selected,1609,True,-0.06744611204223352
inner_selected,1610,True,-0.012234595825512947
inner_selected,1611,True,-0.05118530580407883
inner_selected,1612,True,-0.053190195408483645
inner_selected,1613,True,-0.03974112100621859
inner_selected,1614,True,-0.03888791023829328
inner_selected,1615,True,-0.03051865503963429
inner_selected,1616,True,-0.05425552777448954
inner_selected,1617,True,-0.04881280647736709
inner_selected,1618,True,-0.04930205535437243
inner_selected,1619,True,-0.05149479864697448
inner_selected,1620,True,-0.06502639264150831
inner_selected,1621,True,-0.061225384240044575
inner_selected,1622,True,-0.05237542304360354
inner_selected,1623,True,-0.04099855394408529
inner_selected,1624,True,-0.04615936343451905
inner_selected,1625,True,-0.046713943708373326
inner_selected,1626,True,-0.07658193178045054
inner_selected,1627,True,-0.06842217523775765
inner_selected,1628,True,-0.07095629983109294
inner_selected,1629,True,-0.06090660310578796
inner_selected,1630,True,-0.03872093631191915
inner_selected,1631,True,-0.018771569330813295
inner_selected,1632,True,-0.05272769219662017
inner_selected,1633,True,-0.049009843291439634
inner_selected,1634,True,-0.050297466983955055
inner_selected,1635,True,-0.058078901007053284
inner_selected,1636,True,-0.04485678407343145
inner_selected,1637,True,-0.05053454570736261
inner_selected,1638,True,-0.04959556642118783
inner_selected,1639,True,-0.052341871065464896
inner_selected,1640,True,-0.07190023516134496
inner_selected,1641,True,-0.05142055105708586
inner_selected,1642,True,-0.029250125642292468
inner_selected,1643,True,-0.0662779296810323
inner_selected,1644,True,-0.04900702557769601
inner_selected,1645,True,-0.046564082015839406
inner_selected,1646,True,-0.05711858278150957
inner_selected,1647,True,-0.0488008157222317
inner_selected,1648,True,-0.03559726246598665
inner_selected,1649,True,-0.04886059040444359
inner_selected,1650,True,-0.05495505118683506
inner_selected,1651,True,-0.02873990227623498
inner_selected,1652,True,-0.056363688671927
inner_selected,1653,True,-0.03940643031607326
inner_selected,1654,True,-0.03757833753077525
inner_selected,1655,True,-0.05769838316298961
inner_selected,1656,True,-0.059323139477791796
inner_selected,1657,True,-0.047748395479088115
inner_selected,1658,True,-0.05413660512602504
inner_selected,1659,True,-0.038348066079327114
inner_selected,1660,True,-0.031240075039299375
inner_selected,1661,True,-0.0610932887851966
inner_selected,1662,True,-0.07101068162644267
inner_selected,1663,True,-0.03733907591551813
inner_selected,1664,True,-0.0645781820672495
inner_selected,1665,True,-0.03916118881324014
inner_selected,1666,True,-0.07275011525301113
inner_selected,1667,True,-0.03431709603270807
inner_selected,1668,True,-0.036378429170750175
inner_selected,1669,True,-0.06668641981733847
inner_selected,1670,True,-0.03723426595222599
inner_selected,1671,True,-0.035819091399637897
inner_selected,1672,True,-0.0437321464695915
inner_selected,1673,True,-0.0522521476478798
inner_selected,1674,True,-0.060450084514667254
inner_selected,1675,True,-0.034460802122305435
inner_selected,1676,True,-0.027171799857246846
inner_selected,1677,True,-0.044417216993667144
inner_selected,1678,True,-0.04982076854187105
inner_selected,1679,True,-0.05687032899861608
inner_selected,1680,True,-0.06649544818964627
inner_selected,1681,True,-0.057233954037993626
inner_selected,1682,True,-0.05848802757600994
inner_selected,1683,True,-0.0619286066690117
inner_selected,1684,True,-0.056311202012904536
inner_selected,1685,True,-0.05394006472027324
inner_selected,1686,True,-0.048861465646002286
inner_selected,1687,True,-0.03364056261414652
inner_selected,1688,True,-0.05792949179807433
inner_selected,1689,True,-0.040494057378061735
inner_selected,1690,True,-0.050718011910374686
inner_selected,1691,True,-0.053404404827219684
inner_selected,1692,True,-0.05662164893254916
inner_selected,1693,True,-0.02409015839898756
inner_selected,1694,True,-0.055213152088358176
inner_selected,1695,True,-0.029384790894639835
inner_selected,1696,True,-0.03745299816950603
inner_selected,1697,True,-0.06083270986150172
inner_selected,1698,True,-0.05094143902176547
inner_selected,1699,True,-0.03543389946210122
inner_selected,1700,True,-0.0552895182915887
inner_selected,1701,True,-0.030371230255915354
inner_selected,1702,True,-0.04193367360879004
inner_selected,1703,True,-0.04685964424286191
inner_selected,1704,True,-0.05975946006279746
inner_selected,1705,True,-0.05425846168737306
inner_selected,1706,True,-0.05299649214715265
inner_selected,1707,True,-0.04513039518540926
inner_selected,1708,True,-0.04478050277250986
inner_selected,1709,True,-0.05317343843280372
inner_selected,1710,True,-0.04921613484888068
inner_selected,1711,True,-0.05798129954354864
inner_selected,1712,True,-0.05633500249269128
inner_selected,1713,True,-0.06532738953370737
inner_selected,1714,True,-0.051924215299473754
inner_selected,1715,True,-0.05182772924387069
inner_selected,1716,True,-0.03997936714493182
inner_selected,1717,True,-0.05522833751897083
inner_selected,1718,True,-0.0676882601195589
inner_selected,1719,True,-0.040750365214817036
inner_selected,1720,True,-0.04874100264925814
inner_selected,1721,True,-0.05872808914326085
inner_selected,1722,True,-0.07001907897673329
inner_selected,1723,True,-0.0406223917380441
inner_selected,1724,True,-0.05105850588910986
inner_selected,1725,True,-0.046350862712201395
inner_selected,1726,True,-0.033182663438216985
inner_selected,1727,True,-0.04335756957867516
inner_selected,1728,True,-0.066595248533356
inner_selected,1729,True,-0.04717437014398004
inner_selected,1730,True,-0.04256143009230296
inner_selected,1731,True,-0.06408580363834462
inner_selected,1732,True,-0.03591294911014385
inner_selected,1733,True,-0.06377362923669706
inner_selected,1734,True,-0.047435394320037
inner_selected,1735,True,-0.05508094780737516
inner_selected,1736,True,-0.048330747742654626
inner_selected,1737,True,-0.0535553067480923
inner_selected,1738,True,-0.06492938010343441
inner_selected,1739,True,-0.04083853525134668
inner_selected,1740,True,-0.06833357644064669
inner_selected,1741,True,-0.05316115723547674
inner_selected,1742,True,-0.03288694985697161
inner_selected,1743,True,-0.041525413463237563
inner_selected,1744,True,-0.058289391878092546
inner_selected,1745,True,-0.07160881920654683
inner_selected,1746,True,-0.05218142377854808
inner_selected,1747,True,-0.051674113874464765
inner_selected,1748,True,-0.03904655149833232
inner_selected,1749,True,-0.04870661436603028
inner_selected,1750,True,-0.03675325698363382
inner_selected,1751,True,-0.04524217801698851
inner_selected,1752,True,-0.06351449082759289
inner_selected,1753,True,-0.05539232650690153
inner_selected,1754,True,-0.022607654647305665
inner_selected,1755,True,-0.06029676032493401
inner_selected,1756,True,-0.042447359091637424
inner_selected,1757,True,-0.03357184622172993
inner_selected,1758,True,-0.06816140806085419
inner_selected,1759,True,-0.043818328352139585
inner_selected,1760,True,-0.03399534098319331
inner_selected,1761,True,-0.06002559502286425
inner_selected,1762,True,-0.07851130556759027
inner_selected,1763,True,-0.05759605223996478
inner_selected,1764,True,-0.034019482893642976
inner_selected,1765,True,-0.05142939124290885
inner_selected,1766,True,-0.0514857739176293
inner_selected,1767,True,-0.045901300406301644
inner_selected,1768,True,-0.03855664252973169
inner_selected,1769,True,-0.0785879741035587
inner_selected,1770,True,-0.045744965723695005
inner_selected,1771,True,-0.03452974797710068
inner_selected,1772,True,-0.07093390601641583
inner_selected,1773,True,-0.038996382977468894
inner_selected,1774,True,-0.0628638056002816
inner_selected,1775,True,-0.03476135376158777
inner_selected,1776,True,-0.057128355318931845
inner_selected,1777,True,-0.04513163652824039
inner_selected,1778,True,-0.05006529503241645
inner_selected,1779,True,-0.02739144058901381
inner_selected,1780,True,-0.05431441245542588
inner_selected,1781,True,-0.06784719321722135
inner_selected,1782,True,-0.037845722659608574
inner_selected,1783,True,-0.028705805439483208
inner_selected,1784,True,-0.052903153331333816
inner_selected,1785,True,-0.06948233291547343
inner_selected,1786,True,-0.049378938084672634
inner_selected,1787,True,-0.03785408904337071
inner_selected,1788,True,-0.03126524674686158
inner_selected,1789,True,-0.037747693370371746
inner_selected,1790,True,-0.046807808806086586
inner_selected,1791,True,-0.020449871328557124
inner_selected,1792,True,-0.036379883910154995
inner_selected,1793,True,-0.05941365116619107
inner_selected,1794,True,-0.03833630860373529
inner_selected,1795,True,-0.04926402709447713
inner_selected,1796,True,-0.05858642284699955
inner_selected,1797,True,-0.028236755903028703
inner_selected,1798,True,-0.04669257771217152
inner_selected,1799,True,-0.046063987683684096
inner_selected,1800,True,-0.061748204394687756
inner_selected,1801,True,-0.05034481968266472
inner_selected,1802,True,-0.04880314685839585
inner_selected,1803,True,-0.01883921952463257
inner_selected,1804,True,-0.05512479001790527
inner_selected,1805,True,-0.03896135905498274
inner_selected,1806,True,-0.04690587100461003
inner_selected,1807,True,-0.06036300519482961
inner_selected,1808,True,-0.029139508556737893
inner_selected,1809,True,-0.055623188207852725
inner_selected,1810,True,-0.03993424836932926
inner_selected,1811,True,-0.05808598985591307
inner_selected,1812,True,-0.05030685100646807
inner_selected,1813,True,-0.05188378108143919
inner_selected,1814,True,-0.059549372912617006
inner_selected,1815,True,-0.049066086643390905
inner_selected,1816,True,-0.06946872465411204
inner_selected,1817,True,-0.05275692382981688
inner_selected,1818,True,-0.0664162827042177
inner_selected,1819,True,-0.04704104466383695
inner_selected,1820,True,-0.057307370664788346
inner_selected,1821,True,-0.035058204675543304
inner_selected,1822,True,-0.043450163948131296
inner_selected,1823,True,-0.045993846778172295
inner_selected,1824,True,-0.05420485493596644
inner_selected,1825,True,-0.034442704032429744
inner_selected,1826,True,-0.044750086858911325
inner_selected,1827,True,-0.05471638485137886
inner_selected,1828,True,-0.056078677362711195
inner_selected,1829,True,-0.05547236588010037
inner_selected,1830,True,-0.06276262927434591
inner_selected,1831,True,-0.03470980206197385
inner_selected,1832,True,-0.07029045561313481
inner_selected,1833,True,-0.049169044938103076
inner_selected,1834,True,-0.043307638201506383
inner_selected,1835,True,-0.03539909067204936
inner_selected,1836,True,-0.04551574409774896
inner_selected,1837,True,-0.040812625905288405
inner_selected,1838,True,-0.05094456449338991
inner_selected,1839,True,-0.04792499483204934
inner_selected,1840,True,-0.040636049425005635
inner_selected,1841,True,-0.042986492198473385
inner_selected,1842,True,-0.04087563739538111
inner_selected,1843,True,-0.06345716821875153
inner_selected,1844,True,-0.06483637132784345
inner_selected,1845,True,-0.036064915044067274
inner_selected,1846,True,-0.06797961694737223
inner_selected,1847,True,-0.04958634473589356
inner_selected,1848,True,-0.03137743376308506
inner_selected,1849,True,-0.05083493979056799
inner_selected,1850,True,-0.03597650233141403
inner_selected,1851,True,-0.06396079952034996
inner_selected,1852,True,-0.07527233409355064
inner_selected,1853,True,-0.06933669492276426
inner_selected,1854,True,-0.034317096128949294
inner_selected,1855,True,-0.03092436128709996
inner_selected,1856,True,-0.0489826020867176
inner_selected,1857,True,-0.06410318019033925
inner_selected,1858,True,-0.05695363532917499
inner_selected,1859,True,-0.05788601451823568
inner_selected,1860,True,-0.051893721980425855
inner_selected,1861,True,-0.051170236453779536
inner_selected,1862,True,-0.045366287610759934
inner_selected,1863,True,-0.050594038077378355
inner_selected,1864,True,-0.031264345226168
inner_selected,1865,True,-0.05571035268989098
inner_selected,1866,True,-0.0563652587376378
inner_selected,1867,True,-0.05503334039425852
inner_selected,1868,True,-0.04818561905963992
inner_selected,1869,True,-0.022597678855561854
inner_selected,1870,True,-0.06573877027341155
inner_selected,1871,True,-0.043994552434938355
inner_selected,1872,True,-0.04052622698372175
inner_selected,1873,True,-0.032850829461368844
inner_selected,1874,True,-0.05057574144342656
inner_selected,1875,True,-0.03855586841179599
inner_selected,1876,True,-0.041510859017783966
inner_selected,1877,True,-0.037041534278028324
inner_selected,1878,True,-0.06769878176170283
inner_selected,1879,True,-0.04338615669002538
inner_selected,1880,True,-0.04675565470019456
inner_selected,1881,True,-0.05051054302837652
inner_selected,1882,True,-0.034407879776004874
inner_selected,1883,True,-0.03981446526322735
inner_selected,1884,True,-0.06511593539377608
inner_selected,1885,True,-0.04331582506916477
inner_selected,1886,True,-0.05217039725407875
inner_selected,1887,True,-0.03421855292293062
inner_selected,1888,True,-0.05014276652013412
inner_selected,1889,True,-0.05735745795366296
inner_selected,1890,True,-0.05710332298517704
inner_selected,1891,True,-0.0585328759221496
inner_selected,1892,True,-0.05343453885912326
inner_selected,1893,True,-0.029342205718059833
inner_selected,1894,True,-0.0578029273151359
inner_selected,1895,True,-0.05223818949895498
inner_selected,1896,True,-0.0344933771031162
inner_selected,1897,True,-0.05227241942373956
inner_selected,1898,True,-0.06029999271954127
inner_selected,1899,True,-0.030201909825087535
inner_selected,1900,True,-0.020863197511613633
inner_selected,1901,True,-0.05242906610704866
inner_selected,1902,True,-0.04061349290156102
inner_selected,1903,True,-0.03417908990786224
inner_selected,1904,True,-0.04545486087174415
inner_selected,1905,True,-0.06633747604215588
inner_selected,1906,True,-0.0322975968859425
inner_selected,1907,True,-0.06295853072857462
inner_selected,1908,True,-0.06670562261438598
inner_selected,1909,True,-0.05995245787119482
inner_selected,1910,True,-0.027490980414968592
inner_selected,1911,True,-0.04308578909459014
inner_selected,1912,True,-0.06547458924104492
inner_selected,1913,True,-0.05623060192529088
inner_selected,1914,True,-0.04649639635110378
inner_selected,1915,True,-0.051820530457858296
inner_selected,1916,True,-0.03979165261144946
inner_selected,1917,True,-0.029254430361125877
inner_selected,1918,True,-0.048822446265489886
inner_selected,1919,True,-0.05321306996344306
inner_selected,1920,True,-0.03197047785670679
inner_selected,1921,True,-0.0472525187179695
inner_selected,1922,True,-0.05019598284318775
inner_selected,1923,True,-0.05562718185823756
inner_selected,1924,True,-0.05559600242418067
inner_selected,1925,True,-0.06594518733510865
inner_selected,1926,True,-0.05706835437909805
inner_selected,1927,True,-0.045358302408880974
inner_selected,1928,True,-0.028033003546533937
inner_selected,1929,True,-0.062010314116733675
inner_selected,1930,True,-0.030973083693574783
inner_selected,1931,True,-0.039159783422553475
inner_selected,1932,True,-0.05769397104787871
inner_selected,1933,True,-0.046427870245371344
inner_selected,1934,True,-0.056300765248550454
inner_selected,1935,True,-0.05672766068561773
inner_selected,1936,True,-0.05691707507728698
inner_selected,1937,True,-0.025367155292027925
inner_selected,1938,True,-0.0541531205048709
inner_selected,1939,True,-0.04823739881912904
inner_selected,1940,True,-0.05982955305639479
inner_selected,1941,True,-0.025900699537099236
inner_selected,1942,True,-0.08783875461710364
inner_selected,1943,True,-0.040340449062657144
inner_selected,1944,True,-0.06368042246724273
inner_selected,1945,True,-0.046984191222524375
inner_selected,1946,True,-0.037357883480296755
inner_selected,1947,True,-0.042742316149050205
inner_selected,1948,True,-0.05987425199704073
inner_selected,1949,True,-0.04492371019033779
inner_selected,1950,True,-0.04350311207517399
inner_selected,1951,True,-0.013347854305719099
inner_selected,1952,True,-0.03610613283981498
inner_selected,1953,True,-0.052388519926396857
inner_selected,1954,True,-0.03771225009947006
inner_selected,1955,True,-0.06846742925751374
inner_selected,1956,True,-0.0531534606738028
inner_selected,1957,True,-0.04753011489669569
inner_selected,1958,True,-0.04604175825429602
inner_selected,1959,True,-0.052045139251472264
inner_selected,1960,True,-0.04482000189892347
inner_selected,1961,True,-0.03716333894447588
inner_selected,1962,True,-0.05929878065186067
inner_selected,1963,True,-0.048349778295654254
inner_selected,1964,True,-0.037509823315602646
inner_selected,1965,True,-0.05762283009632998
inner_selected,1966,True,-0.05061385516621779
inner_selected,1967,True,-0.0621343751876262
inner_selected,1968,True,-0.04609633983508873
inner_selected,1969,True,-0.0484689484524844
inner_selected,1970,True,-0.040766098869680155
inner_selected,1971,True,-0.03952289028090246
inner_selected,1972,True,-0.06724632508044734
inner_selected,1973,True,-0.053508987791460516
inner_selected,1974,True,-0.03409160760959934
inner_selected,1975,True,-0.027859459923417783
inner_selected,1976,True,-0.07093249149088306
inner_selected,1977,True,-0.06963920790622091
inner_selected,1978,True,-0.03381006515860608
inner_selected,1979,True,-0.02994886652444186
inner_selected,1980,True,-0.04849140895322683
inner_selected,1981,True,-0.048700611572747764
inner_selected,1982,True,-0.06372048991230392
inner_selected,1983,True,-0.05616854536608936
inner_selected,1984,True,-0.03531340647526947
inner_selected,1985,True,-0.043375198346128505
inner_selected,1986,True,-0.04461912736205006
inner_selected,1987,True,-0.031014936307727985
inner_selected,1988,True,-0.061000438916266844
inner_selected,1989,True,-0.04841917769572418
inner_selected,1990,True,-0.05674776483755488
inner_selected,1991,True,-0.02851235031015543
inner_selected,1992,True,-0.04356957692667663
inner_selected,1993,True,-0.04530926941833005
inner_selected,1994,True,-0.027491877432135936
inner_selected,1995,True,-0.04325162015925432
inner_selected,1996,True,-0.03600145968423357
inner_selected,1997,True,-0.07532300923331067
inner_selected,1998,True,-0.01870049291162959
inner_selected,1999,True,-0.05487849097590771
