replicate,joint_valid,G_R0,G_R1,delta_G,G_source_selected
0,True,-0.04559682540974592,-0.07602572546922225,-0.03042890005947633,-0.06079919881061957
1,True,-0.027849941773713742,-0.055161266981977555,-0.027311325208263813,-0.04483740205772095
2,True,-0.052612029849895145,-0.077958530191224,-0.025346500341328848,-0.07024853489746269
3,True,-0.05618624000792958,-0.07532220802573993,-0.019135968017810347,-0.06743861864150945
4,True,-0.03064356107371746,-0.05811746778480035,-0.02747390671108289,-0.04363448918501655
5,True,-0.0486708765145217,-0.06825934695032547,-0.01958847043580377,-0.0609523188915772
6,True,-0.030354655442988602,-0.06753450479574977,-0.03717984935276117,-0.0527511968849518
7,True,-0.04551107316240425,-0.07170539708728647,-0.026194323924882225,-0.057484492648963485
8,True,-0.041646339371677596,-0.06850057128333821,-0.026854231911660614,-0.04841741892889382
9,True,-0.05574624776672679,-0.07088655956041388,-0.015140311793687092,-0.06783276224162925
10,True,-0.02334168061070812,-0.06759000349499647,-0.04424832288428835,-0.04178293405779541
11,True,-0.02796426008548344,-0.07370750327254963,-0.045743243187066185,-0.04701351940100451
12,True,-0.024485720940821694,-0.0664787594907801,-0.0419930385499584,-0.04783938742162349
13,True,-0.006562920491279546,-0.058193136914741934,-0.05163021642346239,-0.029186327514961277
14,True,-0.038351063506980296,-0.06834157602571009,-0.029990512518729792,-0.05530357780230574
15,True,-0.022321482964240035,-0.05357735296541567,-0.031255870001175634,-0.04512118383978591
16,True,-0.04414056317886399,-0.06685088900998286,-0.02271032583111887,-0.059630797726372614
17,True,-0.04632152416048429,-0.06278917789067871,-0.016467653730194425,-0.06625268406303834
18,True,-0.04053770973810722,-0.060964419179695716,-0.020426709441588496,-0.04935718371064752
19,True,-0.03306737119161347,-0.07715978386799345,-0.04409241267637998,-0.047696166026126315
20,True,-0.026109471690310727,-0.06307917760396906,-0.03696970591365833,-0.04433918413738899
21,True,-0.01896342736212316,-0.05625895679755984,-0.03729552943543668,-0.04086765396195291
22,True,-0.03225308778198901,-0.05784267372349205,-0.02558958594150304,-0.058147235848589676
23,True,-0.045198775393181984,-0.07498278638976938,-0.029784010996587396,-0.06609075186137897
24,True,-0.054180529598986206,-0.0732542575994282,-0.019073728000442,-0.06943828805000493
25,True,-0.04557152453936652,-0.05836228271993096,-0.012790758180564438,-0.06658839294880428
26,True,-0.02019198769076446,-0.05515517562070969,-0.03496318792994523,-0.040272067735672455
27,True,-0.009811146471637534,-0.04522210697594948,-0.035410960504311945,-0.03001120946492051
28,True,-0.018511146381979985,-0.05913263725812911,-0.04062149087614912,-0.04139513202513576
29,True,-0.04769256135705753,-0.07918595236734571,-0.03149339101028818,-0.07388894008278844
30,True,-0.02925010264059174,-0.05972859448900998,-0.030478491848418242,-0.04231664090683213
31,True,-0.02495036268299687,-0.05999066586611695,-0.035040303183120076,-0.04752109352742058
32,True,-0.029839951764534054,-0.05185834267579927,-0.02201839091126522,-0.04684640290997209
33,True,-0.03833281915923056,-0.05826697597543974,-0.019934156816209178,-0.06008377942091873
34,True,-0.04551878706559588,-0.06676884608763636,-0.021250059022040482,-0.06393082226629365
35,True,-0.015965684605806434,-0.047266078534519654,-0.03130039392871322,-0.04335896630094648
36,True,-0.05131635840379115,-0.07129878023380708,-0.019982421830015924,-0.07077874856835596
37,True,-0.02016249783051914,-0.04838954070219625,-0.028227042871677106,-0.041260119101620835
38,True,-0.01897531507247702,-0.0453614453676396,-0.02638613029516258,-0.03420094516494735
39,True,-0.04355288914059192,-0.07595566854344588,-0.03240277940285396,-0.060187303443853826
40,True,-0.04341121894482451,-0.06514589529356074,-0.02173467634873623,-0.05446043685037583
41,True,-0.01964460308713044,-0.055717399681554446,-0.03607279659442401,-0.03475749829386633
42,True,-0.043701410792823706,-0.07920242182494333,-0.035501011032119625,-0.061892644954215974
43,True,-0.046987679915685046,-0.08015936346236541,-0.03317168354668036,-0.06821533817775363
44,True,-0.04303180923300383,-0.0699685307393131,-0.02693672150630927,-0.06481029225953587
45,True,-0.03550067602987716,-0.0644137990788175,-0.028913123048940344,-0.06231492949462815
46,True,-0.05348762236065628,-0.071256590559042,-0.01776896819838572,-0.07715218378647413
47,True,-0.0435136869006256,-0.0722346124611257,-0.0287209255605001,-0.05923786107078522
48,True,-0.018536486195321947,-0.05494020783010178,-0.036403721634779826,-0.04329467757656806
49,True,-0.026651057373196736,-0.04808580859707277,-0.02143475122387603,-0.03494002911828457
50,True,-0.04146009416021853,-0.05863008185986576,-0.017169987699647234,-0.06419958717582724
51,True,-0.03835805881526744,-0.06725549870741429,-0.028897439892146853,-0.056475947525181626
52,True,-0.016353867002215434,-0.059148027904693645,-0.042794160902478215,-0.03804858760358383
53,True,-0.03661591174705555,-0.06836889251285548,-0.03175298076579993,-0.05194850605210847
54,True,-0.038912220914725536,-0.06683810116393886,-0.027925880249213324,-0.05571815840394765
55,True,-0.04561399177367279,-0.0679319308160892,-0.022317939042416406,-0.06115022689380343
56,True,-0.05455626133180802,-0.06792342612032343,-0.013367164788515407,-0.07203684520390435
57,True,-0.055025595873064805,-0.06659736522845709,-0.011571769355392288,-0.08661676828165746
58,True,-0.02918178331379621,-0.056589509710727105,-0.027407726396930895,-0.04587640134708977
59,True,-0.036560653233855954,-0.06027361541999403,-0.023712962186138074,-0.04929335897836839
60,True,-0.04111536274019223,-0.0720733890903021,-0.03095802635010987,-0.06601804191419529
61,True,-0.04290697620111556,-0.07288654463757659,-0.029979568436461025,-0.055085930118449575
62,True,-0.032304682995976525,-0.05970544142856144,-0.027400758432584917,-0.045068217266988106
63,True,-0.039832724471485205,-0.06801627350207508,-0.028183549030589873,-0.05593733148842014
64,True,-0.047466433343838335,-0.06824422320106467,-0.020777789857226336,-0.05858377459045654
65,True,-0.04867811765663622,-0.06449489202625126,-0.015816774369615046,-0.054869160435881505
66,True,-0.029718660747444853,-0.06048082804387767,-0.03076216729643282,-0.046548948708804404
67,True,-0.0530028641634618,-0.07573379153862428,-0.022730927375162475,-0.07284597907961804
68,True,-0.03699140749655646,-0.050498772118280036,-0.013507364621723576,-0.04962426904671304
69,True,-0.03674324728233962,-0.06512539359574925,-0.02838214631340963,-0.0574200793794624
70,True,-0.04574670201772498,-0.07134296641744396,-0.02559626439971898,-0.07377173897321815
71,True,-0.027284713408651202,-0.05716841425198327,-0.029883700843332067,-0.04711600227037164
72,True,-0.042015427323729725,-0.07626695957319454,-0.03425153224946482,-0.06096708327801654
73,True,-0.0376007340252976,-0.0565398144916911,-0.018939080466393497,-0.05502219795669225
74,True,-0.024276437564006638,-0.05560089673400438,-0.031324459169997744,-0.04441231269327321
75,True,-0.024594134148287507,-0.06380305531700142,-0.03920892116871391,-0.04222946165501387
76,True,-0.0326600330759149,-0.06009744203374269,-0.027437408957827793,-0.04411448441351049
77,True,-0.043644346847020586,-0.07415245414927521,-0.030508107302254624,-0.0579508817062299
78,True,-0.04479916811791433,-0.059850743187853675,-0.015051575069939344,-0.06362176140007737
79,True,-0.03447941151520089,-0.0677845313472236,-0.033305119832022716,-0.0544846072813626
80,True,-0.05236302591202049,-0.07893349695832017,-0.026570471046299678,-0.06678245630856179
81,True,-0.044132358332836234,-0.06951542865313945,-0.025383070320303215,-0.056776881904939354
82,True,-0.015540466078869707,-0.049782474445992,-0.034242008367122295,-0.03001641771677492
83,True,-0.04050012168053517,-0.07454939254497646,-0.03404927086444129,-0.06427214717306605
84,True,-0.04385783359642225,-0.056698318787203446,-0.012840485190781195,-0.04549270837808552
85,True,-0.052031617692021616,-0.07295681926855249,-0.020925201576530876,-0.0725554648601015
86,True,-0.021450754183577305,-0.06517698222722637,-0.04372622804364906,-0.044765223140721545
87,True,-0.03553259367041733,-0.05728299607844245,-0.021750402408025123,-0.04646947874452059
88,True,-0.030172341403500034,-0.0625831021645137,-0.032410760761013666,-0.05034918057702963
89,True,-0.031966287182702564,-0.05679987785786929,-0.024833590675166724,-0.0485593732913695
90,True,-0.03231906906679161,-0.06691941846365537,-0.03460034939686376,-0.04995971634939925
91,True,-0.04613091453059718,-0.06406377759372306,-0.01793286306312588,-0.06353217154289965
92,True,-0.04196773212581489,-0.06379021305928205,-0.021822480933467163,-0.059848774810768716
93,True,-0.029825704200563012,-0.0643637868665612,-0.03453808266599819,-0.051646503816421455
94,True,-0.03876880286869666,-0.06535203562853653,-0.02658323275983987,-0.057150346002100595
95,True,-0.030131187634931562,-0.05529763296133799,-0.025166445326406425,-0.041167218785298526
96,True,-0.035789960120653115,-0.06299823361430813,-0.027208273493655018,-0.057368441533578445
97,True,-0.020951652180921643,-0.04838310285963233,-0.027431450678710684,-0.04272812861657179
98,True,-0.03476543338581305,-0.06285567445032178,-0.028090241064508734,-0.046516956518379046
99,True,-0.029609995059050806,-0.06191122102277189,-0.032301225963721085,-0.04532056987942252
100,True,-0.04420726276327282,-0.0701154931174946,-0.02590823035422178,-0.05116244483363306
101,True,-0.046931103349807005,-0.07329888194028701,-0.026367778590480007,-0.058689096561733975
102,True,-0.046825176783486605,-0.08744106598062522,-0.04061588919713861,-0.06316964770714603
103,True,-0.059060056619707174,-0.08365639181197014,-0.024596335192262966,-0.08046922771156642
104,True,-0.01428555423544361,-0.0534728521174228,-0.039187297881979194,-0.02979216482769135
105,True,-0.02104727644240337,-0.04957723008192952,-0.028529953639526148,-0.02904794089822144
106,True,-0.036612764106730054,-0.062554604045514,-0.02594183993878394,-0.057695520876595754
107,True,-0.05061677837249987,-0.06970140344796073,-0.01908462507546086,-0.06937506367527763
108,True,-0.06372973315627571,-0.07910722993818033,-0.015377496781904615,-0.08365208279036448
109,True,-0.032218867337034135,-0.06738734516175149,-0.035168477824717354,-0.04512345971045276
110,True,-0.034753650604569065,-0.053112518238574095,-0.01835886763400503,-0.049224712636986016
111,True,-0.03101249177676768,-0.04982964505563337,-0.01881715327886569,-0.040920888935570846
112,True,-0.03746965880984454,-0.05423886651559049,-0.01676920770574595,-0.05794550333510274
113,True,-0.04120945207085701,-0.05911835917419929,-0.01790890710334228,-0.060084198788448
114,True,-0.024428205097944914,-0.05919540025860462,-0.03476719516065971,-0.041845824250109194
115,True,-0.04465530018105355,-0.06376375574359987,-0.01910845556254632,-0.06851412623560837
116,True,-0.024740917116238773,-0.052905564420807065,-0.02816464730456829,-0.045392822479752314
117,True,-0.030357355564827247,-0.05371254435029395,-0.0233551887854667,-0.04046672622305216
118,True,-0.023333752256999622,-0.06181507680566787,-0.03848132454866825,-0.0451898373318248
119,True,-0.02451818344168734,-0.05430936295744418,-0.02979117951575684,-0.03943322034167837
120,True,-0.028960765527732243,-0.0668496537253795,-0.037888888197647255,-0.04591700844479859
121,True,-0.01892190464303313,-0.0550141346327609,-0.03609222998972777,-0.03640285491363682
122,True,-0.031073774178084285,-0.06083051540963207,-0.029756741231547788,-0.05748378533806497
123,True,-0.0254287502813762,-0.051543162814316916,-0.026114412532940716,-0.04555419431631883
124,True,-0.037739009706114775,-0.05256551949887584,-0.014826509792761067,-0.05509451655218489
125,True,-0.035273556634932396,-0.06274761848472687,-0.02747406184979448,-0.048740813245149256
126,True,-0.03946343205068104,-0.061051677440556076,-0.021588245389875034,-0.056212456019932695
127,True,-0.03130528802381836,-0.0629239285780074,-0.03161864055418904,-0.047508698750951796
128,True,-0.02124055668169181,-0.05324530089896175,-0.03200474421726994,-0.041700797625456976
129,True,-0.026470473683420894,-0.06273814191339801,-0.03626766822997711,-0.05297662919312318
130,True,-0.01998337207559139,-0.04661767572040021,-0.02663430364480882,-0.046154454358722036
131,True,-0.03630417366608847,-0.06796496381008642,-0.03166079014399795,-0.05448584955785183
132,True,-0.05292011317280191,-0.07172556409317797,-0.01880545092037606,-0.0654631804561795
133,True,-0.055573888306312665,-0.07558330848081925,-0.020009420174506583,-0.07136133661004111
134,True,-0.027158889553178547,-0.04695770076578095,-0.019798811212602404,-0.04637025591881629
135,True,-0.036413157829652175,-0.06527592342807695,-0.028862765598424774,-0.06134508701132117
136,True,-0.026513906235215236,-0.07658422566276674,-0.050070319427551496,-0.053473148083356896
137,True,-0.029389826001262775,-0.0626295201376711,-0.03323969413640833,-0.05272885566388014
138,True,-0.05673457504589182,-0.07504345697996444,-0.018308881934072617,-0.07269884071027123
139,True,-0.04844187446262062,-0.06744202285321083,-0.019000148390590207,-0.07985767637531654
140,True,-0.02679447136014048,-0.05331912144053478,-0.0265246500803943,-0.03926669049022602
141,True,-0.02300161260754053,-0.056870832936201834,-0.033869220328661305,-0.04954434768111308
142,True,-0.05482597360465183,-0.07577426058455788,-0.020948286979906056,-0.07622822182288891
143,True,-0.019717574310328886,-0.03292833664574885,-0.013210762335419967,-0.03621519825532353
144,True,-0.05884708946787479,-0.08360603242816239,-0.0247589429602876,-0.07748382893721945
145,True,-0.05406738343395658,-0.0764806917401388,-0.02241330830618222,-0.07306491921537663
146,True,-0.005529914414796122,-0.039304207120219536,-0.03377429270542341,-0.024573635873401993
147,True,-0.0525929500783694,-0.07245755909997523,-0.019864609021605827,-0.07486846979078926
148,True,-0.05515642685255289,-0.0786860914519935,-0.023529664599440607,-0.06483830706627362
149,True,-0.034237817799203395,-0.06299369121592607,-0.02875587341672268,-0.051814517415361104
150,True,-0.04228338858184487,-0.06996245083301654,-0.02767906225117167,-0.06385877190463098
151,True,-0.04216893953275262,-0.06259971570651227,-0.020430776173759643,-0.06874187648845227
152,True,-0.05300755027773728,-0.06495901634471125,-0.011951466066973976,-0.06735829449475098
153,True,-0.03293638772691307,-0.07187954292793566,-0.038943155201022595,-0.054257552196141055
154,True,-0.017164792172015435,-0.050438817297210274,-0.03327402512519484,-0.03076958815721873
155,True,-0.03843207885631363,-0.06350141249646778,-0.025069333640154144,-0.053005103969428875
156,True,-0.06144764092445686,-0.0766449184503833,-0.015197277525926443,-0.08042718576465663
157,True,-0.02889508208822714,-0.05653791079585771,-0.02764282870763057,-0.04105765985639533
158,True,-0.045491619788963565,-0.06591622816971415,-0.020424608380750588,-0.06627154730495702
159,True,-0.022625001416521774,-0.0614780879155306,-0.03885308649900883,-0.0412954042964871
160,True,-0.021361695601850045,-0.04634019451362857,-0.024978498911778526,-0.03742310445110555
161,True,-0.02571105772389249,-0.05381393187839505,-0.028102874154502556,-0.04482223863066833
162,True,-0.05279150415307728,-0.07359058587909557,-0.02079908172601829,-0.07808157461315464
163,True,-0.04812108633596602,-0.0763368540008383,-0.028215767664872278,-0.0701188076868955
164,True,-0.02971239832541458,-0.06439067061423694,-0.03467827228882235,-0.047330241043694085
165,True,-0.03446196268210784,-0.06835582778561552,-0.033893865103507684,-0.05062610715301695
166,True,-0.04865067956813487,-0.06603669213121077,-0.017386012563075905,-0.0649096998211972
167,True,-0.038565364710809756,-0.05245163705178561,-0.013886272340975857,-0.059966486712921936
168,True,-0.009808110552138443,-0.046826862750028134,-0.03701875219788969,-0.02501701593150803
169,True,-0.07283174558271438,-0.08294760493142207,-0.010115859348707693,-0.0816153573111902
170,True,-0.011554135269051496,-0.04448193395195463,-0.03292779868290313,-0.026160109457412584
171,True,-0.046282056459307684,-0.05982818479130148,-0.013546128331993798,-0.06849322780735072
172,True,-0.04026847902551545,-0.05666422090494105,-0.0163957418794256,-0.059370293114035966
173,True,-0.03687075432082134,-0.06298810716178065,-0.026117352840959306,-0.04860073353834196
174,True,-0.04784555431482042,-0.07009431823207177,-0.02224876391725135,-0.06366981189003079
175,True,-0.07117584749121045,-0.0763079291352496,-0.005132081644039152,-0.08561723109739947
176,True,-0.040339390048316805,-0.05736236001559245,-0.017022969967275647,-0.053166731565360795
177,True,-0.040385772296148335,-0.05359418486026827,-0.013208412564119934,-0.04252759695147143
178,True,-0.051919002706764875,-0.06561697857335355,-0.013697975866588677,-0.0775533648102955
179,True,-0.0325450157201025,-0.06201016173672244,-0.02946514601661994,-0.05270372775874861
180,True,-0.05146102975727337,-0.08085005379267539,-0.02938902403540202,-0.0697686731556266
181,True,-0.05078639129222104,-0.07193780403517784,-0.0211514127429568,-0.0748669907369738
182,True,-0.04062492640213638,-0.049269961828004735,-0.008645035425868357,-0.05756533330685199
183,True,-0.04909740444589081,-0.06963644083641808,-0.020539036390527274,-0.06799478418437353
184,True,-0.05903871818396383,-0.0710445368942263,-0.012005818710262468,-0.08635157176738976
185,True,-0.05053284973218049,-0.06658551241068351,-0.016052662678503027,-0.06978791736380542
186,True,-0.04536149605478593,-0.070208184757832,-0.02484668870304607,-0.05783119971453123
187,True,-0.03453940897295096,-0.06566630639314296,-0.031126897420191993,-0.0532401943756549
188,True,-0.03336011623086007,-0.05949815922527447,-0.0261380429944144,-0.05205825245256738
189,True,-0.0175115833988963,-0.05622586903622027,-0.03871428563732397,-0.03915618305344934
190,True,-0.032168489624999026,-0.05923743590418644,-0.027068946279187413,-0.061047772283541905
191,True,-0.04021175969592905,-0.05917254633664963,-0.01896078664072058,-0.0555319329716442
192,True,-0.03121333855331617,-0.059642465010039954,-0.028429126456723783,-0.05045022469772021
193,True,-0.012839598431007505,-0.05805285599999479,-0.04521325756898728,-0.027252994488732953
194,True,-0.055442233012320256,-0.07590472956927087,-0.020462496556950614,-0.07055898909522398
195,True,-0.046575520818459025,-0.07136957185172045,-0.024794051033261426,-0.05874491701985918
196,True,-0.039224452457827824,-0.054885341601941674,-0.01566088914411385,-0.0590726985939864
197,True,-0.055326573573939025,-0.0773545576507478,-0.022027984076808768,-0.05933982636541848
198,True,-0.027972064775876902,-0.05989962775223982,-0.03192756297636292,-0.0437170874153908
199,True,-0.05202314605831155,-0.06967404481393719,-0.017650898755625637,-0.06073881140980876
200,True,-0.04059005692746441,-0.058106930639942024,-0.017516873712477614,-0.0532571866323211
201,True,-0.041469267614939534,-0.07188529440381076,-0.03041602678887123,-0.058283029749906776
202,True,-0.039809440761306,-0.059637927546364385,-0.019828486785058386,-0.055466020245873084
203,True,-0.049851014793818066,-0.06686794808618317,-0.017016933292365102,-0.07001854885530548
204,True,-0.04205181535186176,-0.0649657706344305,-0.02291395528256874,-0.05750596231990747
205,True,-0.0327317939092512,-0.07879962348094917,-0.04606782957169797,-0.051259897895264604
206,True,-0.03775324867417482,-0.05759328878381035,-0.019840040109635526,-0.05466182121966135
207,True,-0.030758142905923533,-0.06985231173894876,-0.03909416883302523,-0.0482413178160389
208,True,-0.04037600003932572,-0.057443865027167834,-0.017067864987842116,-0.056456783747492974
209,True,-0.020420514675020738,-0.048964546645054584,-0.028544031970033846,-0.04029319015486674
210,True,-0.047541103954978695,-0.0699878110089742,-0.0224467070539955,-0.061692995996
211,True,-0.061093629579195265,-0.06705411418126497,-0.005960484602069709,-0.07336456899303863
212,True,-0.02738298251135085,-0.05491643722930328,-0.027533454717952432,-0.04792977981793818
213,True,-0.04571888853566381,-0.06323836900763657,-0.017519480471972763,-0.055840783031089865
214,True,-0.025316402412510777,-0.070357551855529,-0.04504114944301822,-0.0500837217527131
215,True,-0.0562383548535446,-0.06581419466965781,-0.009575839816113207,-0.07982774260150655
216,True,-0.04375726120525769,-0.06795617866139202,-0.024198917456134325,-0.0575660662717761
217,True,-0.023841401710119094,-0.04997800403095065,-0.026136602320831558,-0.04085873164937985
218,True,-0.011714056048724653,-0.04948795985507826,-0.037773903806353606,-0.029805454690780785
219,True,-0.023897665586018798,-0.055465568157318006,-0.03156790257129921,-0.04609555723916259
220,True,-0.011472233960392745,-0.043551840877411714,-0.03207960691701897,-0.027798177867123294
221,True,-0.039018134912835435,-0.06587316867163907,-0.02685503375880364,-0.06595969971057601
222,True,-0.030263079664949524,-0.057508697696735764,-0.02724561803178624,-0.05158682701535898
223,True,-0.042881830814637,-0.0742648838549887,-0.031383053040351695,-0.06419413449174542
224,True,-0.04731498390915444,-0.07698975371985979,-0.029674769810705354,-0.07966120695684743
225,True,-0.04359125973640083,-0.061664090717106414,-0.018072830980705584,-0.054083592706923554
226,True,-0.03316057830846713,-0.06512314197452554,-0.03196256366605841,-0.04800044575122132
227,True,-0.018873299595016272,-0.046492681743885586,-0.027619382148869314,-0.03910999094773469
228,True,-0.03935930088239995,-0.0650636185287755,-0.025704317646375548,-0.06981516078033603
229,True,-0.028121319927406414,-0.0647828420031618,-0.03666152207575538,-0.05279945422801757
230,True,-0.04639162640191365,-0.08194464143854975,-0.0355530150366361,-0.06421824773973658
231,True,-0.030625530720580798,-0.05888424951092919,-0.02825871879034839,-0.055631662296205205
232,True,-0.050358297564837576,-0.07237429648887118,-0.02201599892403361,-0.06435959001630995
233,True,-0.04634303305026097,-0.06607989590373027,-0.019736862853469303,-0.05412400246152626
234,True,-0.034845226458915204,-0.06503234136439169,-0.030187114905476486,-0.04968661322097659
235,True,-0.029172039975415887,-0.06084198576864807,-0.03166994579323218,-0.050321009131154636
236,True,-0.029226773270924666,-0.056710670388971075,-0.02748389711804641,-0.050198870183918914
237,True,-0.029977342119094648,-0.06763829871815648,-0.03766095659906183,-0.0528915967538679
238,True,-0.03563569043530273,-0.05989480913154934,-0.024259118696246612,-0.05141310867117534
239,True,-0.02034614581703708,-0.05816769894686302,-0.03782155312982594,-0.03865785372707869
240,True,-0.04079252357627373,-0.06267200969627297,-0.021879486119999243,-0.060465951769126655
241,True,-0.05112290294545067,-0.060393538101105586,-0.009270635155654919,-0.06289524397283174
242,True,-0.03752208320521343,-0.061342000550921094,-0.023819917345707667,-0.053950152542579115
243,True,-0.04654667563584049,-0.07761638935287886,-0.031069713717038372,-0.05818406863372576
244,True,-0.03868333383841324,-0.053581790956564936,-0.014898457118151694,-0.054527437656111934
245,True,-0.05130281421475534,-0.07894869928414919,-0.027645885069393847,-0.06059733884697233
246,True,-0.03838698570137839,-0.06007945352954662,-0.02169246782816823,-0.04993919179404361
247,True,-0.03149462564117444,-0.05233675950048507,-0.02084213385931063,-0.04953590894052827
248,True,-0.049156134462276894,-0.0842503159644182,-0.03509418150214131,-0.07355979505428144
249,True,-0.038700566122960675,-0.07264458988673823,-0.03394402376377756,-0.06007734629402941
250,True,-0.03774487834977511,-0.056248986924883115,-0.018504108575108008,-0.050082943933522875
251,True,-0.05276972988633403,-0.07418583044599875,-0.021416100559664718,-0.05768916917691807
252,True,-0.03706927984895243,-0.06907267874478082,-0.032003398895828386,-0.05100791482199489
253,True,-0.031458244898906744,-0.06257077930075274,-0.03111253440184599,-0.044984755414489666
254,True,-0.03830783783018753,-0.06211258066974602,-0.023804742839558496,-0.05860807712992044
255,True,-0.03160699385676507,-0.0610390947932988,-0.02943210093653373,-0.05038691292161153
256,True,-0.060049685671792356,-0.07836550581205118,-0.018315820140258822,-0.07537148176566458
257,True,-0.04819536268062847,-0.06994479487536238,-0.021749432194733916,-0.07081538809137741
258,True,-0.055327136016566025,-0.0718658813105003,-0.016538745293934273,-0.07018500861719287
259,True,-0.023296587191699993,-0.05190262608566185,-0.02860603889396186,-0.031696796186256065
260,True,-0.03651169727326475,-0.07414581987075544,-0.037634122597490695,-0.049636346508234376
261,True,-0.0258147070375581,-0.04329644717615859,-0.017481740138600488,-0.04268706331249168
262,True,-0.03753979083724492,-0.05932281913867701,-0.02178302830143209,-0.05495089656153026
263,True,-0.04694848430770101,-0.06441363917564473,-0.01746515486794372,-0.06963074777148616
264,True,-0.043409302413697344,-0.07723480690748621,-0.03382550449378887,-0.05980946855499866
265,True,-0.009639030034890564,-0.041929543505076564,-0.032290513470186,-0.03525808883595603
266,True,-0.03388173178888616,-0.04540412028539838,-0.011522388496512215,-0.04142880181603636
267,True,-0.040207627892406936,-0.05906013670899387,-0.018852508816586934,-0.05771832352715666
268,True,-0.03979550092566122,-0.06531116330731201,-0.025515662381650796,-0.05596926634110302
269,True,-0.04433597679700164,-0.07747256570840699,-0.033136588911405356,-0.06826359175940269
270,True,-0.041374450928018176,-0.0732057481299979,-0.031831297201979726,-0.06761759149359946
271,True,-0.03535510292944328,-0.05333089404179999,-0.017975791112356712,-0.04914068972494287
272,True,-0.04636255614517839,-0.0543616088961224,-0.007999052750944008,-0.06613526565347705
273,True,-0.02419841881310252,-0.05118663124126174,-0.026988212428159224,-0.039572397148363116
274,True,-0.014718421604803704,-0.05446303635367901,-0.03974461474887531,-0.04136075910119334
275,True,-0.04701442219088001,-0.08035444902572457,-0.033340026834844556,-0.06355471059425041
276,True,-0.03395324363354939,-0.05985418411645557,-0.025900940482906185,-0.05233188193542504
277,True,-0.04561632097167569,-0.07152817306788663,-0.025911852096210934,-0.06359526289976898
278,True,-0.04788254889448555,-0.0700972940338725,-0.022214745139386954,-0.058512787606508944
279,True,-0.03263895626512325,-0.05918312822568255,-0.026544171960559297,-0.05773705008418276
280,True,-0.028853322573299343,-0.05641116786554031,-0.02755784529224097,-0.05035357104680181
281,True,-0.030055685431718333,-0.06981553751433586,-0.03975985208261753,-0.04530815703175753
282,True,-0.043952837522231766,-0.0665855360852813,-0.02263269856304953,-0.059437068987286325
283,True,-0.02360471723532674,-0.04649239551806869,-0.02288767828274195,-0.03765667195535824
284,True,-0.05447235271500746,-0.06331685173551717,-0.00884449902050971,-0.07309652418554441
285,True,-0.048918891035211486,-0.06979528874881848,-0.02087639771360699,-0.07162497397096382
286,True,-0.02063104240924767,-0.06259430231713842,-0.04196325990789075,-0.04120572345750077
287,True,-0.041859094299129825,-0.0601043243058301,-0.018245230006700273,-0.05139113190643776
288,True,-0.035700514153836016,-0.06696607628498907,-0.03126556213115306,-0.05190190748729047
289,True,-0.03677384879474118,-0.07202755528920063,-0.03525370649445945,-0.047934111598645614
290,True,-0.03371671040065409,-0.07153745947906677,-0.03782074907841268,-0.051378483863500995
291,True,-0.0347651504294596,-0.06487019308243294,-0.03010504265297334,-0.050982076496617075
292,True,-0.03716304549712158,-0.07606121264354761,-0.03889816714642603,-0.05298197443616958
293,True,-0.04784533346793307,-0.06699669922342828,-0.01915136575549521,-0.05140931961402953
294,True,-0.019462798143267738,-0.06536097232727033,-0.04589817418400259,-0.04434258477436665
295,True,-0.05117651748659047,-0.0637040790870481,-0.012527561600457635,-0.06859316462617222
296,True,-0.012414037332153736,-0.033652109050631346,-0.021238071718477608,-0.026458715850268526
297,True,-0.027308379638540443,-0.05618324322737146,-0.02887486358883102,-0.04148539326098855
298,True,-0.03708966035888695,-0.05921584271803816,-0.02212618235915121,-0.056878688164863
299,True,-0.014432683773010678,-0.047762399365786204,-0.033329715592775526,-0.025670099531571514
300,True,-0.056970465557913366,-0.07474543606446052,-0.017774970506547152,-0.05979266466332881
301,True,-0.03462742794136717,-0.06775312156357136,-0.03312569362220419,-0.04985309105757563
302,True,-0.0495713965269979,-0.0798787349317345,-0.0303073384047366,-0.07330506952716238
303,True,-0.010869768712030669,-0.04270463855463602,-0.03183486984260535,-0.02731694112047218
304,True,-0.03606353414045504,-0.06312707258429533,-0.02706353844384029,-0.05831757864534691
305,True,-0.04192905192890395,-0.06865574113342192,-0.02672668920451797,-0.06410439144987326
306,True,-0.02040552695653459,-0.06097533880148962,-0.040569811844955034,-0.05415057117060304
307,True,-0.03642573465261712,-0.06755481777104812,-0.031129083118430996,-0.061052640564634476
308,True,-0.05016282203439538,-0.06773568620867448,-0.017572864174279106,-0.07368980182698721
309,True,-0.033856065554623296,-0.06173570773575212,-0.027879642181128823,-0.056563382751300746
310,True,-0.04241592596039702,-0.062152854330391825,-0.019736928369994806,-0.06343885942466267
311,True,-0.022160058003720638,-0.058566366765808446,-0.03640630876208781,-0.0344701553534262
312,True,-0.026369750425245867,-0.05455112046892506,-0.028181370043679193,-0.0467467480161854
313,True,-0.04098692610125013,-0.06972538796194917,-0.02873846186069904,-0.05999354588675686
314,True,-0.035999836333824795,-0.05707977497235592,-0.021079938638531123,-0.05399290782906771
315,True,-0.03587262545236159,-0.06430357528516058,-0.028430949832798987,-0.05145012434503191
316,True,-0.011417343332410972,-0.03836213862940081,-0.026944795296989843,-0.026557400577168547
317,True,-0.04324975021685588,-0.06794723450272522,-0.02469748428586934,-0.06542724686824336
318,True,-0.027054375495547806,-0.0520305146953513,-0.02497613919980349,-0.049634620653220406
319,True,-0.021418130394818748,-0.05045853833192262,-0.02904040793710387,-0.038759527453362766
320,True,-0.03540167934606902,-0.07232252030372556,-0.03692084095765654,-0.05540965660439594
321,True,-0.020357903269503642,-0.06227320889755435,-0.04191530562805071,-0.04636230280673694
322,True,-0.04264287777315952,-0.054977749411980525,-0.012334871638821007,-0.051307203173279546
323,True,-0.021780362675710947,-0.0549552937460318,-0.03317493107032085,-0.034564804375980855
324,True,-0.045005053457422214,-0.06954131982045095,-0.024536266363028733,-0.05651146515819527
325,True,-0.03820363597394257,-0.0676641844790113,-0.029460548505068733,-0.06160584928936771
326,True,-0.031335217790138,-0.06686141119167127,-0.03552619340153327,-0.043790526648545734
327,True,-0.04854349587407258,-0.06509684194347919,-0.01655334606940661,-0.0639287144518205
328,True,-0.03350870507403629,-0.057746698236896425,-0.024237993162860134,-0.0530499087976527
329,True,-0.01302637852555859,-0.050271028994458296,-0.03724465046889971,-0.03122744284401165
330,True,-0.025537361508356993,-0.05762279483810986,-0.03208543332975286,-0.053640294626066565
331,True,-0.04960232363763327,-0.06435222619285041,-0.014749902555217145,-0.06426366871333306
332,True,-0.036442392113785166,-0.07207775644480055,-0.035635364331015384,-0.05737493170175379
333,True,-0.02722268177999565,-0.048110621590731574,-0.020887939810735924,-0.037087083338085094
334,True,-0.027156745533869472,-0.05346926844637713,-0.026312522912507658,-0.04687525720880936
335,True,-0.034578085434315446,-0.06743551236990468,-0.03285742693558923,-0.06313279762896239
336,True,-0.024378360762504554,-0.05141172155350994,-0.027033360791005386,-0.038294269190896166
337,True,-0.03189914503087974,-0.06215332296070903,-0.03025417792982929,-0.05563373110403908
338,True,-0.03912857221026212,-0.06805062582241973,-0.028922053612157612,-0.050738531386740206
339,True,-0.008819270932706298,-0.050737105364694196,-0.0419178344319879,-0.02752196336607511
340,True,-0.05200072042002554,-0.07057617641632641,-0.018575455996300866,-0.07506138650859744
341,True,-0.050677590695988324,-0.06669146681803999,-0.016013876122051664,-0.0703024332336522
342,True,-0.028787728853960186,-0.06634357993389815,-0.03755585107993797,-0.058069929275213664
343,True,-0.04080009873860509,-0.07269039452815926,-0.03189029578955417,-0.05741593202399062
344,True,-0.03706370037391407,-0.06386818726132251,-0.02680448688740844,-0.06393281872409282
345,True,-0.03232039549020249,-0.05340628922514644,-0.021085893734943947,-0.047442356875945495
346,True,-0.02117635219269848,-0.054796195805153394,-0.03361984361245492,-0.03701203849051539
347,True,-0.03985728758496001,-0.05226212262425621,-0.012404835039296201,-0.05572715036985797
348,True,-0.04028905528305292,-0.046778546813344014,-0.006489491530291096,-0.0578834835486779
349,True,-0.040531814291994185,-0.07083149370302122,-0.030299679411027035,-0.052637702117240566
350,True,-0.043393030230229696,-0.06253671100879513,-0.01914368077856543,-0.058155714699947965
351,True,-0.05491216446783306,-0.07206663651673409,-0.017154472048901026,-0.07898565013494079
352,True,-0.054638643401240694,-0.07539922119534631,-0.020760577794105617,-0.06832473264484301
353,True,-0.02704763712485226,-0.053090326385926284,-0.026042689261074024,-0.044250705544260485
354,True,-0.03019704710916243,-0.05180601382197863,-0.0216089667128162,-0.04974193358036082
355,True,-0.03772405066212559,-0.0626843039823887,-0.024960253320263102,-0.04903268279416435
356,True,-0.04028696113860482,-0.057003436445502736,-0.01671647530689792,-0.057250982831809454
357,True,-0.02470412848642932,-0.04987135397610208,-0.025167225489672762,-0.03619179801258291
358,True,-0.03190067151067114,-0.056474508589998855,-0.024573837079327712,-0.05174539934712867
359,True,-0.05842927605085393,-0.07483905431130759,-0.016409778260453665,-0.07136716013641395
360,True,-0.033663678406455795,-0.05693734113911267,-0.023273662732656873,-0.054448141102574725
361,True,-0.04230454991148551,-0.060228377092717895,-0.017923827181232387,-0.06415038870231597
362,True,-0.026379556434183115,-0.05645747934257914,-0.03007792290839602,-0.03756917570702962
363,True,-0.016448749736861813,-0.045851302877325716,-0.029402553140463902,-0.04400790585399662
364,True,-0.04424479743249157,-0.06790493179949682,-0.023660134367005245,-0.06879805934478431
365,True,-0.03175459199634307,-0.06228667526342253,-0.030532083267079464,-0.05522756596790256
366,True,-0.026211945109328345,-0.06876495353484673,-0.04255300842551838,-0.05147004277841642
367,True,-0.04407494334103031,-0.07411361108611454,-0.030038667745084235,-0.05595737931986807
368,True,-0.02518093330032267,-0.05506242001825875,-0.02988148671793608,-0.030380915538747992
369,True,-0.031568815332645814,-0.056695041527781535,-0.02512622619513572,-0.045922477490396844
370,True,-0.015014270921143704,-0.03614695094806068,-0.021132680026916977,-0.03371007360237267
371,True,-0.024526276928045244,-0.0599087996799524,-0.035382522751907154,-0.0396824544456024
372,True,-0.04097662491395323,-0.052847217484986046,-0.011870592571032818,-0.053616532007444234
373,True,-0.04355203119551005,-0.07690185451503716,-0.03334982331952711,-0.05520662500973231
374,True,-0.04785393299610884,-0.061698447722072065,-0.013844514725963222,-0.06282777639061954
375,True,-0.05869824445596335,-0.07105915752586024,-0.012360913069896895,-0.07718626493815507
376,True,-0.02913324228560231,-0.06512951091847353,-0.035996268632871226,-0.04630025545929063
377,True,-0.04331867554619069,-0.07184410820032351,-0.02852543265413282,-0.06684094952336121
378,True,-0.028628080999290175,-0.06574287912143013,-0.037114798122139955,-0.05263233727405219
379,True,-0.05744980825874464,-0.0661622729065241,-0.008712464647779458,-0.06425614572614194
380,True,-0.02582928445220458,-0.06421086546776243,-0.03838158101555785,-0.043056825650069346
381,True,-0.03956272216007657,-0.054937662178271784,-0.015374940018195213,-0.04862693108081776
382,True,-0.06281109567429526,-0.08169371951685138,-0.018882623842556123,-0.073260399816659
383,True,-0.007612638152688724,-0.04013532089484141,-0.032522682742152684,-0.025484932673762697
384,True,-0.032912652300440826,-0.06253000201897188,-0.029617349718531055,-0.0472785733436817
385,True,-0.03824930439376529,-0.06570774425381774,-0.027458439860052454,-0.05867022080571956
386,True,-0.03193183628362446,-0.06363276000684169,-0.03170092372321723,-0.04144065473951679
387,True,-0.04840545566788322,-0.062276755315200605,-0.013871299647317384,-0.061159595086161235
388,True,-0.032366267840703254,-0.05911767223183048,-0.026751404391127227,-0.05671760340470744
389,True,-0.05132502903103912,-0.07720299121972546,-0.025877962188686342,-0.07057768010765123
390,True,-0.03323450959223152,-0.06962694976230822,-0.0363924401700767,-0.054069778125513154
391,True,-0.025266101458437093,-0.0699552917417967,-0.0446891902833596,-0.050814858350797104
392,True,-0.024510987643584593,-0.06135514002870338,-0.03684415238511879,-0.04332927217619298
393,True,-0.0312798482181567,-0.052727807023978134,-0.021447958805821433,-0.03943782096750229
394,True,-0.03597178373131735,-0.06325515659151605,-0.027283372860198704,-0.05523242381252194
395,True,-0.04751693202282477,-0.05746561160826354,-0.009948679585438769,-0.05325967052418594
396,True,-0.00904682226962587,-0.05028943061725524,-0.04124260834762937,-0.028422140400854366
397,True,-0.05216941917796113,-0.07004876713414937,-0.017879347956188243,-0.07900482257716387
398,True,-0.05571416255389221,-0.06956462719307442,-0.013850464639182214,-0.07416827413584202
399,True,-0.047598017394607,-0.061194414943810234,-0.013596397549203235,-0.06637620750342735
400,True,-0.0405769085747918,-0.06605525826285966,-0.025478349688067857,-0.06132601488408881
401,True,-0.04480786955868285,-0.06803762619627853,-0.023229756637595675,-0.06694539341196847
402,True,-0.05730473746150867,-0.07587974127502739,-0.018575003813518717,-0.06757645326021627
403,True,-0.04429007271006969,-0.06605820777494195,-0.02176813506487226,-0.058000406966494465
404,True,-0.046089527637811135,-0.07575328908965182,-0.02966376145184068,-0.06290071571315131
405,True,-0.05680125732838273,-0.06844963689485045,-0.01164837956646772,-0.06252307158929472
406,True,-0.030199194005084844,-0.05997670042443219,-0.029777506419347347,-0.04783574110659508
407,True,0.0011700065123032974,-0.04405622442373538,-0.045226230936038676,-0.02339994539119387
408,True,-0.04652838264990026,-0.06779016355065501,-0.02126178090075475,-0.07022648067380896
409,True,-0.03559963821781963,-0.05639927180141804,-0.020799633583598404,-0.052246568527010234
410,True,-0.027764505026611732,-0.055848380834120206,-0.028083875807508474,-0.041914368196175965
411,True,-0.04179897488084241,-0.06570465944810878,-0.023905684567266376,-0.0621012373262457
412,True,-0.04430240955537447,-0.06899928349719481,-0.024696873941820338,-0.06857860600769335
413,True,-0.04616710904137377,-0.06961358142768104,-0.023446472386307267,-0.06290924252065576
414,True,-0.027172972429635723,-0.05711774844408143,-0.029944776014445704,-0.04793225846637215
415,True,-0.04861076133645598,-0.07083582077930088,-0.022225059442844898,-0.06603518987424209
416,True,-0.03178470958934011,-0.05723524206498716,-0.025450532475647047,-0.05366493549694297
417,True,-0.03234635052055179,-0.06590762054034761,-0.03356127001979582,-0.04886360168082057
418,True,-0.035399273306876575,-0.06603142497436346,-0.03063215166748688,-0.05736982260402676
419,True,-0.04275068506636023,-0.06791457257099873,-0.025163887504638494,-0.05656721754016318
420,True,-0.0481160644115372,-0.07588399191010146,-0.027767927498564264,-0.0716499427770307
421,True,-0.039771199807212596,-0.06594746613903786,-0.026176266331825265,-0.053765274371107535
422,True,-0.03873621862874785,-0.0703044518873644,-0.031568233258616546,-0.053551213211294836
423,True,-0.04781611463993428,-0.07923948227116952,-0.03142336763123524,-0.0732633715854908
424,True,-0.02640139620644375,-0.0625571235461324,-0.036155727339688644,-0.051662434495941545
425,True,-0.04180516951936481,-0.05434686782375018,-0.012541698304385368,-0.06297522698715094
426,True,-0.03185804839001282,-0.05763291319257737,-0.02577486480256455,-0.05261081208972173
427,True,-0.021816642220243977,-0.06237130192791943,-0.04055465970767545,-0.03861414265753009
428,True,-0.05058060850762098,-0.0708819952913162,-0.020301386783695217,-0.07333733329179196
429,True,-0.037381827325416075,-0.06305756048232664,-0.02567573315691056,-0.052962018449778644
430,True,-0.03545273954046933,-0.06272732168692675,-0.02727458214645742,-0.050108525590738986
431,True,-0.02905074682998873,-0.06003431068582241,-0.030983563855833684,-0.044989932469506895
432,True,-0.05192130911769172,-0.07545859197669029,-0.023537282858998566,-0.06009424160436417
433,True,-0.029733581794719195,-0.06652920596648305,-0.03679562417176386,-0.04343740375940246
434,True,-0.05054249306599342,-0.07433653879103425,-0.023794045725040826,-0.08447433438922178
435,True,-0.051134869774835306,-0.06814889129513582,-0.017014021520300515,-0.0675329927755275
436,True,-0.030978722915117808,-0.06290982070247501,-0.031931097787357206,-0.05721483065204056
437,True,-0.04897085855711267,-0.0645192773943707,-0.015548418837258035,-0.06456299354904621
438,True,-0.032110216517043766,-0.05808479931758479,-0.025974582800541025,-0.05007821633790095
439,True,-0.021791452464645,-0.05426399883624375,-0.03247254637159875,-0.04003312530448613
440,True,-0.03979398149107436,-0.07166750390700537,-0.031873522415931006,-0.050785424101910226
441,True,-0.039124332666548474,-0.0646971267471818,-0.025572794080633322,-0.05682788922006733
442,True,-0.03937138305152769,-0.05732737422295036,-0.017955991171422672,-0.05295397764717315
443,True,-0.02811401136421956,-0.060740008599215314,-0.032625997234995756,-0.0474688851093147
444,True,-0.026676229675431172,-0.052673286224384136,-0.025997056548952964,-0.04656695454900329
445,True,-0.03976329533278216,-0.059114856974675015,-0.019351561641892855,-0.05980252717843979
446,True,-0.01759161643371517,-0.06034962066577878,-0.04275800423206361,-0.042228278062172844
447,True,-0.05923684041679521,-0.07607332221804068,-0.016836481801245473,-0.07095708145722611
448,True,-0.04172242309311128,-0.06386372875779679,-0.022141305664685515,-0.05329078461824091
449,True,-0.053313577995442826,-0.058349684465604894,-0.0050361064701620675,-0.06304933395083918
450,True,-0.034125561741778346,-0.06080089621655494,-0.026675334474776595,-0.05435468706017776
451,True,-0.048101920967356264,-0.06653864481260786,-0.0184367238452516,-0.06283952589165327
452,True,-0.02192571919147861,-0.06771087975415727,-0.04578516056267866,-0.04466583568175208
453,True,-0.014917045771017016,-0.053130228516936134,-0.038213182745919116,-0.0371138002972564
454,True,-0.037802286344907815,-0.06458657951766791,-0.0267842931727601,-0.055697481114669926
455,True,-0.016898540172173505,-0.0552642924725266,-0.03836575230035309,-0.02992793509865388
456,True,-0.039448507852890675,-0.06297314159124374,-0.02352463373835307,-0.057675703738886225
457,True,-0.040274640459901694,-0.057166585994687144,-0.01689194553478545,-0.044981764867125136
458,True,-0.02892269955038649,-0.0568668469082942,-0.027944147357907713,-0.04784529023180251
459,True,-0.04293631136289089,-0.06940308475144723,-0.02646677338855634,-0.0532710380892837
460,True,-0.020465484456021425,-0.057899800270051385,-0.037434315814029964,-0.03957122089699546
461,True,-0.032117531420974,-0.053554506463222025,-0.02143697504224802,-0.04522149341611045
462,True,-0.027905342235895674,-0.06330829383017082,-0.035402951594275145,-0.0462974780365227
463,True,-0.05032866728601745,-0.07484709550824116,-0.024518428222223707,-0.06163553516654627
464,True,-0.03656608509090436,-0.06824108602217897,-0.031675000931274615,-0.058306920962223445
465,True,-0.050888113526825804,-0.06237745011890835,-0.011489336592082545,-0.07334387545626267
466,True,-0.04961044759223488,-0.08143429875834678,-0.031823851166111895,-0.06553096012581065
467,True,-0.05564514364978378,-0.0784865792578937,-0.02284143560810991,-0.06528740682243689
468,True,-0.046467683739556495,-0.06450187865667872,-0.01803419491712223,-0.059827968649289825
469,True,-0.04212315362454621,-0.06476055836201626,-0.02263740473747005,-0.0645405671385966
470,True,-0.028509336112832514,-0.04850109722834401,-0.019991761115511496,-0.04505540981374364
471,True,-0.0386714138447445,-0.06289528351538314,-0.024223869670638637,-0.05603670391659309
472,True,-0.035242477670274455,-0.05083060124663492,-0.015588123576360462,-0.05919641515549388
473,True,-0.024121503961632054,-0.052460453534513195,-0.02833894957288114,-0.05890123906393136
474,True,-0.02471548349175757,-0.06600313847225998,-0.041287654980502415,-0.0446848760947872
475,True,-0.047267065601224414,-0.06499129981318967,-0.017724234211965256,-0.06986793481608371
476,True,-0.05509435476004844,-0.07483973988008392,-0.019745385120035486,-0.08013510339185097
477,True,-0.04135484395917108,-0.06532377747643481,-0.02396893351726373,-0.05576552464120395
478,True,-0.014541148086604332,-0.06134391480127007,-0.04680276671466574,-0.04138975588700518
479,True,-0.04383189237543823,-0.055974631172200424,-0.012142738796762191,-0.057227492879374564
480,True,-0.034482207892176174,-0.062349441654538595,-0.02786723376236242,-0.0547881263552535
481,True,-0.03804681326242642,-0.0629628135996161,-0.02491600033718968,-0.05239516109625889
482,True,-0.017574487103019665,-0.05317687756049101,-0.03560239045747135,-0.032468577907308435
483,True,-0.04116898536379338,-0.0585538446512393,-0.017384859287445917,-0.05413154166108877
484,True,-0.02226527212931484,-0.054051637195596865,-0.031786365066282025,-0.041212168906859706
485,True,-0.03791843466718882,-0.07476496569332454,-0.03684653102613572,-0.06007482489078039
486,True,-0.032216930804442566,-0.05656904214000136,-0.024352111335558792,-0.04330921841044873
487,True,-0.02232870354078682,-0.051689977758249954,-0.029361274217463134,-0.03907761145409722
488,True,-0.04182221394921954,-0.06638779218986425,-0.02456557824064471,-0.054473792020428076
489,True,-0.035487986044499494,-0.06276521360859963,-0.027277227564100136,-0.05094655729370167
490,True,-0.03901988436008712,-0.06920427389348911,-0.030184389533401995,-0.06724214448669176
491,True,-0.05133229037037479,-0.07029494891669867,-0.018962658546323882,-0.06141297685885418
492,True,-0.016367673022873272,-0.053079352589560425,-0.03671167956668715,-0.04022456057796609
493,True,-0.031593712229334596,-0.052196596826558424,-0.020602884597223828,-0.04210944307281452
494,True,-0.026952780948611043,-0.06429913388967227,-0.03734635294106123,-0.039334753685059086
495,True,-0.04556316346699115,-0.07083635859893803,-0.025273195131946875,-0.06213215383639576
496,True,-0.03507086372643586,-0.06966449626720651,-0.03459363254077066,-0.05954971861483923
497,True,-0.002637292015556932,-0.051697341336641355,-0.049060049321084424,-0.0295937871904003
498,True,-0.004323618517792836,-0.048688689084285613,-0.044365070566492776,-0.02306139079196465
499,True,-0.03907939317416121,-0.05965415737025029,-0.020574764196089078,-0.0523455011310328
500,True,-0.011870694202947025,-0.053500309971369134,-0.04162961576842211,-0.03375141305789216
501,True,-0.015155453426590698,-0.05240898729986101,-0.03725353387327031,-0.027651932324493575
502,True,-0.025488168258322976,-0.05759794555447616,-0.03210977729615318,-0.05318873106352022
503,True,-0.03957697697253858,-0.06556996723371762,-0.025992990261179044,-0.05943231046335878
504,True,-0.05293705019094119,-0.07869905778507194,-0.025762007594130748,-0.06007513341730784
505,True,-0.046718768944306606,-0.06915336951625171,-0.02243460057194511,-0.07084730190339232
506,True,-0.01336520761392458,-0.05319782497952071,-0.03983261736559613,-0.03194207073236378
507,True,-0.024738447807027955,-0.050902618199242175,-0.02616417039221422,-0.03889523846320122
508,True,-0.03735661347960385,-0.06381659656031705,-0.0264599830807132,-0.046074718570940885
509,True,-0.04489554100808315,-0.08310257435895331,-0.03820703335087016,-0.05379547858858124
510,True,-0.025734194064658312,-0.055285060096973454,-0.029550866032315142,-0.044114888989235976
511,True,-0.02663184954704451,-0.051454975010991104,-0.024823125463946594,-0.04489860770176281
512,True,-0.04414441472149113,-0.06355750944362751,-0.019413094722136377,-0.06205967462150687
513,True,-0.028913923066039054,-0.06487201381178205,-0.03595809074574299,-0.04955073543873224
514,True,-0.05206281963041412,-0.06919712235012586,-0.01713430271971174,-0.06492080837932011
515,True,-0.02528820449263985,-0.0555195477612782,-0.030231343268638352,-0.039207244365948794
516,True,-0.03830707965275434,-0.060039992560259416,-0.021732912907505078,-0.053694241824388346
517,True,-0.061227927024865667,-0.07499742528124438,-0.013769498256378715,-0.08767181836212376
518,True,-0.04936725090083561,-0.0653941269485924,-0.016026876047756787,-0.06874785302600565
519,True,-0.04185016679201695,-0.06198448185829759,-0.020134315066280634,-0.05776635092723725
520,True,-0.026995918666270755,-0.06937550033515691,-0.042379581668886154,-0.06067025504220564
521,True,-0.05575159207846767,-0.08092207936401383,-0.025170487285546154,-0.07146910582893584
522,True,-0.030674567537476726,-0.06492151519537898,-0.034246947657902246,-0.04901396357314673
523,True,-0.021809518820319295,-0.05286367571217464,-0.031054156891855342,-0.036980081557408354
524,True,-0.043687395298874596,-0.06089622814101637,-0.017208832842141773,-0.05869410822769357
525,True,-0.024170953810739564,-0.0540300241755361,-0.029859070364796538,-0.04958749147096286
526,True,-0.034789319729898384,-0.06616222962314658,-0.031372909893248195,-0.06331068514647122
527,True,-0.050612506342388355,-0.0760775556726753,-0.02546504933028694,-0.07461558835892786
528,True,-0.037185602515454524,-0.06469466431241012,-0.0275090617969556,-0.05130700126765138
529,True,-0.02986386959106532,-0.07085872407782719,-0.040994854486761864,-0.0486578218589262
530,True,-0.03658671851507524,-0.06764681761687973,-0.03106009910180449,-0.05384330152814843
531,True,-0.030994881365297197,-0.06397591416238911,-0.032981032797091914,-0.043379322238020546
532,True,-0.053443718574957014,-0.06120464174338516,-0.007760923168428149,-0.0706107043382359
533,True,-0.02238191128525326,-0.05558254436325279,-0.03320063307799953,-0.03432237027038714
534,True,-0.05556680169304092,-0.06828084219243054,-0.012714040499389616,-0.0644705758290807
535,True,-0.02943992540484971,-0.05449797419644422,-0.025058048791594508,-0.05155278269537893
536,True,-0.04577407706101928,-0.07142832510033856,-0.025654248039319275,-0.06687893931227547
537,True,-0.027958343060276867,-0.04077349535205755,-0.012815152291780683,-0.04785922628505663
538,True,-0.0370031870600672,-0.06203537740049548,-0.02503219034042828,-0.040109823006349986
539,True,-0.0322845494081162,-0.05784579060920212,-0.025561241201085917,-0.04425053196722251
540,True,-0.03511784244019977,-0.06571174091517587,-0.0305938984749761,-0.04691072654506082
541,True,-0.03909117990921897,-0.06686687874619462,-0.027775698836975657,-0.06624588401167918
542,True,-0.0648430569701402,-0.06795136677907299,-0.0031083098089327854,-0.07284968187283934
543,True,-0.014862097637818985,-0.05098643524999423,-0.03612433761217525,-0.035703868588513904
544,True,-0.04610631268565903,-0.07245798063046499,-0.026351667944805958,-0.06250097529304004
545,True,-0.02779509227343896,-0.06399643860468494,-0.036201346331245984,-0.051335409412993374
546,True,-0.04336755328952598,-0.07890122288644127,-0.03553366959691529,-0.0630803553020479
547,True,-0.018933610042050873,-0.05904825102795564,-0.04011464098590477,-0.038227743807333105
548,True,-0.053691565331532486,-0.0736308709058147,-0.019939305574282216,-0.07376838024821804
549,True,-0.033394941680552494,-0.06088258810068488,-0.027487646420132385,-0.04973662163843553
550,True,-0.04566939778637122,-0.06670688668769152,-0.021037488901320303,-0.0535062904077659
551,True,-0.04266067164553826,-0.057599648523251015,-0.014938976877712756,-0.05591309989271314
552,True,-0.03894619696354509,-0.06698247942715393,-0.02803628246360884,-0.05742634705313275
553,True,-0.03430228339170864,-0.05891121378705832,-0.024608930395349678,-0.058508102060383815
554,True,-0.036644765695780714,-0.05209607536504123,-0.015451309669260518,-0.056876498185740365
555,True,-0.059591690897984405,-0.07906582988614322,-0.019474138988158814,-0.07723753535533344
556,True,-0.006459004443001095,-0.04958340381280024,-0.04312439936979914,-0.023982168763881626
557,True,-0.032970924023042074,-0.06754290767423066,-0.03457198365118858,-0.05027184880198747
558,True,-0.042326198113859785,-0.06130687548809389,-0.018980677374234103,-0.059498846160860715
559,True,-0.03163190056692248,-0.06131426153358534,-0.02968236096666286,-0.04946012344646584
560,True,-0.02912404973135453,-0.05445415320111254,-0.02533010346975801,-0.0471713113649146
561,True,-0.02666364914713208,-0.06753139379131673,-0.04086774464418465,-0.05268905989584849
562,True,-0.03835945897517923,-0.05948875030129852,-0.021129291326119293,-0.0594243262653764
563,True,-0.07487210807267183,-0.0827105812379464,-0.00783847316527457,-0.09731590731730241
564,True,-0.039742199058415556,-0.07139792628232372,-0.031655727223908164,-0.05326206607741067
565,True,-0.0277548214969508,-0.05578432526676936,-0.02802950376981856,-0.03804564536247635
566,True,-0.032198885228542855,-0.05899846829317481,-0.026799583064631954,-0.04936933715095737
567,True,-0.02322944430503359,-0.05442945980484971,-0.031200015499816117,-0.0472025406288884
568,True,-0.03226495120463428,-0.05630086864483972,-0.02403591744020544,-0.0438313414446926
569,True,-0.02715038680735889,-0.052938747574590266,-0.025788360767231375,-0.050655053903616444
570,True,-0.03425219766100112,-0.07064517112663633,-0.03639297346563521,-0.05025850949992481
571,True,-0.02971795748537276,-0.0613222476791721,-0.03160429019379934,-0.0529102315832063
572,True,-0.05239538863832228,-0.07827171569198378,-0.025876327053661503,-0.06619879106126943
573,True,-0.05126868327764173,-0.06887569870555535,-0.017607015427913618,-0.06370050773972011
574,True,-0.0503400350689621,-0.05738549089691217,-0.007045455827950069,-0.06917666802632899
575,True,-0.04365886047721137,-0.07422483532950296,-0.030565974852291587,-0.062161983960421795
576,True,-0.04080109202585574,-0.057695670688940694,-0.016894578663084955,-0.06479011226003821
577,True,-0.04647695144958055,-0.07195337306792755,-0.025476421618347005,-0.0710965955494787
578,True,-0.009086126263325089,-0.04323471097319899,-0.0341485847098739,-0.019057980627587182
579,True,-0.032625615382889134,-0.06361199911771344,-0.030986383734824305,-0.047162820180346184
580,True,-0.05267512243009556,-0.0671663107087191,-0.014491188278623543,-0.06441822397707668
581,True,-0.045186126823450606,-0.06649890731364214,-0.02131278049019153,-0.06364430033431762
582,True,-0.05329287452910966,-0.07117580494666134,-0.01788293041755168,-0.058959824839793
583,True,-0.029113095846499053,-0.05947851968342522,-0.030365423836926166,-0.05338627863250488
584,True,-0.028905092571048934,-0.05783166171588199,-0.028926569144833058,-0.04132828985837431
585,True,-0.053866334163158634,-0.07594617807131485,-0.02207984390815621,-0.06747687170056432
586,True,-0.055291826577095214,-0.07865411095049404,-0.02336228437339883,-0.06664867985032695
587,True,-0.03296884243912776,-0.06414323166002753,-0.031174389220899767,-0.05331272189475897
588,True,-0.04724526620979936,-0.06452869896276257,-0.017283432752963214,-0.06389659712154178
589,True,-0.03465687179640545,-0.05771869280058617,-0.02306182100418072,-0.04841799643361386
590,True,-0.04350480333486213,-0.06232011774043109,-0.01881531440556896,-0.046308634379879435
591,True,-0.027832723631838065,-0.061318691169477926,-0.03348596753763986,-0.0505441016543514
592,True,-0.02422515248177981,-0.0705591948481354,-0.04633404236635559,-0.03919738282806028
593,True,-0.052268348128354146,-0.07841157772061462,-0.026143229592260474,-0.07672169214002
594,True,-0.02195898791098026,-0.05175713652956879,-0.029798148618588528,-0.040126728956472464
595,True,-0.06158984908382326,-0.07676106964239,-0.01517122055856674,-0.08603728617649553
596,True,-0.015106408244372094,-0.05510646577711931,-0.04000005753274721,-0.031823744306319256
597,True,-0.047507679453363316,-0.07095418635471626,-0.023446506901352943,-0.0672917045855866
598,True,-0.03210121585767841,-0.06448172587850505,-0.03238051002082664,-0.05529354011408432
599,True,-0.02259053673642597,-0.05187458735209649,-0.02928405061567052,-0.04495517371431353
600,True,-0.023651110526099098,-0.06214455250699264,-0.03849344198089354,-0.050936117585330155
601,True,-0.05155696389329612,-0.07413976233339765,-0.022582798440101533,-0.0735633230873321
602,True,-0.044126818660388915,-0.0675008192490275,-0.02337400058863858,-0.05929039404286965
603,True,-0.050949162972630815,-0.0602575997731559,-0.009308436800525087,-0.07088078846829143
604,True,-0.016833499105413253,-0.05246830365604295,-0.0356348045506297,-0.028695683284983495
605,True,-0.05747763687734991,-0.06752261551996203,-0.01004497864261212,-0.07203030007852206
606,True,-0.034180993941552024,-0.056780355584167684,-0.02259936164261566,-0.04959481256047906
607,True,-0.036328402649346815,-0.06662619217950626,-0.030297789530159443,-0.0456463450295284
608,True,-0.02582185629843054,-0.06605642376108917,-0.040234567462658626,-0.04821726348963861
609,True,-0.05866980505937258,-0.07413330783232235,-0.015463502772949764,-0.07756634406035245
610,True,-0.03048456348082027,-0.06321761081505321,-0.03273304733423294,-0.05987222723653353
611,True,-0.04552773978840928,-0.06343805889274962,-0.017910319104340336,-0.05308400887833812
612,True,-0.03675750750236082,-0.06364085080732568,-0.026883343304964856,-0.06553101042609374
613,True,-0.047935717905282366,-0.06646790409208361,-0.018532186186801247,-0.06314320233707481
614,True,-0.04086208381370693,-0.06456550632087005,-0.02370342250716312,-0.062347331005277534
615,True,-0.03046568832833819,-0.06236267949356087,-0.03189699116522268,-0.049407139563757564
616,True,-0.031494820782585524,-0.05243016754971317,-0.020935346767127647,-0.03800728910171545
617,True,-0.03223743616768734,-0.0669203008867275,-0.03468286471904016,-0.04885230847676276
618,True,-0.04398027007470343,-0.057150539003860086,-0.013170268929156653,-0.056418868033410244
619,True,-0.0069286551184797205,-0.050979945920567274,-0.044051290802087556,-0.02486301944628867
620,True,-0.04915281412483897,-0.07765273348446916,-0.028499919359630192,-0.05880028313296973
621,True,-0.04009764939623337,-0.06462453042043607,-0.024526881024202703,-0.06665012396485671
622,True,-0.03385073655394068,-0.05485914866651765,-0.021008412112576973,-0.047938868543181794
623,True,-0.04235706214376975,-0.06681073409765181,-0.024453671953882067,-0.06899526199572589
624,True,-0.025725862373130244,-0.055032181103611966,-0.02930631873048172,-0.05074362271149678
625,True,-0.02536630507402151,-0.061076068434007126,-0.035709763359985616,-0.04196822214488311
626,True,-0.02336634893056969,-0.06233253135742064,-0.038966182426850945,-0.051078988840871795
627,True,-0.03623277829685519,-0.07139068066199007,-0.03515790236513488,-0.06571610173142169
628,True,-0.05124353541400781,-0.06351248764865706,-0.012268952234649258,-0.06919923831262009
629,True,-0.0267010342232471,-0.06258957085721452,-0.03588853663396742,-0.04501689339078563
630,True,-0.034461818856589804,-0.06071281680380305,-0.026250997947213243,-0.058458992742006055
631,True,-0.03367946303605189,-0.07086836112384008,-0.03718889808778819,-0.055277991704844785
632,True,-0.03861671470420305,-0.060263742469724296,-0.021647027765521243,-0.051720882178192935
633,True,-0.042924802449094863,-0.06298520657052496,-0.0200604041214301,-0.05686090303274026
634,True,-0.019537878357473393,-0.053654058734383295,-0.0341161803769099,-0.03326196627438755
635,True,-0.03861106113349793,-0.06542422055193069,-0.026813159418432757,-0.05214793936939048
636,True,-0.025535106110587884,-0.056471991922667726,-0.03093688581207984,-0.03986274862590601
637,True,-0.0567178820670891,-0.07613998507231916,-0.019422103005230056,-0.06860036561243812
638,True,-0.05892311226953643,-0.07396177662820444,-0.015038664358668012,-0.07645253519976773
639,True,-0.052154645798062844,-0.06341355755381488,-0.011258911755752034,-0.07312301695346776
640,True,-0.016497420961278337,-0.061500364536318484,-0.045002943575040144,-0.0368308372267107
641,True,-0.04868888385063216,-0.07179539047585314,-0.023106506625220978,-0.06869875465312263
642,True,-0.0187924926423168,-0.050440935046058274,-0.03164844240374147,-0.0399990148924948
643,True,-0.042666762882500424,-0.06634524423372946,-0.02367848135122904,-0.061158295872639774
644,True,-0.018070520848783148,-0.05398798414830229,-0.03591746329951914,-0.03593389002821453
645,True,-0.030835996467560117,-0.06799975013017397,-0.037163753662613846,-0.05461214415424973
646,True,-0.050677089975782894,-0.07386037688228123,-0.023183286906498332,-0.07682278716280964
647,True,-0.03737860366396171,-0.06424461946621021,-0.026866015802248504,-0.05750823135825248
648,True,-0.038937967460525705,-0.05311598546059582,-0.014178018000070118,-0.0500885614704348
649,True,-0.025923497929737128,-0.05357364731995671,-0.02765014939021958,-0.038322506270938174
650,True,-0.04269774547330612,-0.07046326948252443,-0.027765524009218313,-0.05588949912095915
651,True,-0.04527703470365146,-0.06924382119425312,-0.023966786490601667,-0.06204380575470614
652,True,-0.029996392968268216,-0.04614502715408272,-0.0161486341858145,-0.0427307643070124
653,True,-0.04224055428582057,-0.0645278485918184,-0.02228729430599783,-0.0563359148311643
654,True,-0.031477397573669075,-0.0630900053357244,-0.03161260776205532,-0.049053686138027
655,True,-0.04287109459166931,-0.06777486631540779,-0.024903771723738477,-0.05131799249105183
656,True,-0.015105607064997105,-0.056214312973914424,-0.04110870590891732,-0.03534160381484502
657,True,-0.036743730255661404,-0.05831584064915713,-0.021572110393495728,-0.056788852142743144
658,True,-0.03633469771217525,-0.056897150728408175,-0.020562453016232926,-0.054705314506795936
659,True,-0.038680508875011135,-0.06281741155764323,-0.02413690268263209,-0.058714702447891995
660,True,-0.039666947823994485,-0.06237644318269255,-0.022709495358698067,-0.05778884165596134
661,True,-0.051141972653816876,-0.07573948829390709,-0.02459751564009021,-0.07360693575268874
662,True,-0.04231837416263152,-0.07474559868490904,-0.032427224522277524,-0.0642674608150829
663,True,-0.04716111817054248,-0.06343031982556459,-0.01626920165502211,-0.04980405101556763
664,True,-0.06679404029216836,-0.07712265246822318,-0.010328612176054824,-0.07510438713827644
665,True,-0.05967360899342022,-0.0770701561675655,-0.017396547174145287,-0.0731375457477303
666,True,-0.04115271161210748,-0.07645833100371173,-0.03530561939160425,-0.07336360599428673
667,True,-0.04842617470783927,-0.06269442825948938,-0.014268253551650116,-0.066643631074411
668,True,-0.03472215804146948,-0.06822838909450275,-0.03350623105303328,-0.05927674304323268
669,True,-0.046619838067714525,-0.06002894239348775,-0.013409104325773226,-0.0646344919722361
670,True,-0.030445026660966122,-0.055256020115080816,-0.024810993454114694,-0.04562161179587206
671,True,-0.041256000142829305,-0.07342036833486472,-0.032164368192035414,-0.06668844904020622
672,True,-0.04647510059410858,-0.0694446766407995,-0.022969576046690914,-0.06430948636142376
673,True,-0.027999600398167766,-0.049431249695260575,-0.02143164929709281,-0.03993250779567351
674,True,-0.0388219244627707,-0.07987427955143975,-0.04105235508866905,-0.06002742072593463
675,True,-0.03856163613021122,-0.05694767328949393,-0.018386037159282713,-0.0477221840769961
676,True,-0.016767509736306245,-0.06071079839054218,-0.04394328865423593,-0.03759602766543866
677,True,-0.039812979292432944,-0.06975310855785007,-0.02994012926541712,-0.06619375178258523
678,True,-0.017185881879718166,-0.06067672075214817,-0.04349083887243,-0.0421888421354036
679,True,-0.046820582621620276,-0.07145648398271928,-0.024635901361099007,-0.06686977566540114
680,True,-0.054577716700976296,-0.07256753744886796,-0.017989820747891662,-0.07536793732588694
681,True,-0.03652425627972849,-0.06297941751363467,-0.026455161233906184,-0.051190187999982886
682,True,-0.04426739436330914,-0.07358781660031938,-0.029320422237010237,-0.06425176385723672
683,True,-0.01942884952002492,-0.05748892867072357,-0.038060079150698645,-0.04542169335813751
684,True,-0.05068835935868745,-0.06245285320454492,-0.011764493845857468,-0.06894113489938439
685,True,-0.01826872109906276,-0.056653521812888456,-0.0383848007138257,-0.04325934538542331
686,True,-0.039543461525939114,-0.0632616249837549,-0.023718163457815786,-0.06473567584575761
687,True,-0.047070551498033915,-0.05765070069658115,-0.010580149198547238,-0.06565700202336758
688,True,-0.038715055360759296,-0.06663708904536553,-0.02792203368460623,-0.05778069536499756
689,True,-0.04107896066016288,-0.05483851375093472,-0.013759553090771842,-0.05792104799809275
690,True,-0.015675895203641425,-0.037888184506293714,-0.02221228930265229,-0.026166472587201915
691,True,-0.05936720939537884,-0.075171756715796,-0.01580454732041716,-0.0842126663004768
692,True,-0.030028006225694206,-0.05892531277286146,-0.028897306547167257,-0.040191242070101656
693,True,-0.029729453099278918,-0.05879342190114613,-0.02906396880186721,-0.047976905051699145
694,True,-0.045286435569575206,-0.06433108712386189,-0.019044651554286682,-0.06049859060245006
695,True,-0.025368400413096796,-0.06212766964425502,-0.03675926923115823,-0.051820618189876315
696,True,-0.024548340281113124,-0.06755338224872154,-0.04300504196760842,-0.04454528770513347
697,True,-0.029261953433584936,-0.06679657687700075,-0.03753462344341581,-0.038557391700604064
698,True,-0.055843870831658884,-0.07031425207765421,-0.014470381245995326,-0.07123646488537981
699,True,-0.03198443957129477,-0.05678567285900542,-0.024801233287710646,-0.04568212632545996
700,True,-0.023764504918329588,-0.06276970712911085,-0.03900520221078127,-0.04095882037382214
701,True,-0.03717250546168725,-0.05597867736005868,-0.01880617189837143,-0.0633143318753687
702,True,-0.014507037539465582,-0.05168857197883633,-0.03718153443937074,-0.035684115877145504
703,True,-0.03568521522699217,-0.05176351995559672,-0.016078304728604553,-0.04497242629564404
704,True,-0.021759163540626753,-0.05598814978241129,-0.03422898624178454,-0.039115425155120204
705,True,-0.022361046903078274,-0.0539624570634202,-0.031601410160341924,-0.03570101076265193
706,True,-0.05386495867584769,-0.07761920327561424,-0.02375424459976655,-0.07426243634454394
707,True,-0.03380428936166381,-0.06032010701872207,-0.02651581765705826,-0.05194014102061021
708,True,-0.0361898969135243,-0.06500604175520583,-0.028816144841681532,-0.05046892002199243
709,True,-0.04339117279449856,-0.06191521579515212,-0.018524043000653558,-0.0601628334085137
710,True,-0.028463776746968865,-0.05835263935703345,-0.029888862610064584,-0.04607585725314168
711,True,-0.028435851684485355,-0.054078363380640274,-0.025642511696154918,-0.04780725843877683
712,True,-0.03793348071760986,-0.06512454202941412,-0.02719106131180426,-0.050405051584557076
713,True,-0.02853669817915074,-0.06354976529511597,-0.03501306711596523,-0.05311243618790205
714,True,-0.0016056709634757528,-0.03646118072296698,-0.03485550975949123,-0.008155231400863477
715,True,-0.02351223420331588,-0.05550571253160365,-0.031993478328287764,-0.03649883171410933
716,True,-0.03677124377438676,-0.06954733760104057,-0.03277609382665381,-0.0537649042560562
717,True,-0.04096176808368913,-0.07298711588617599,-0.03202534780248686,-0.062205189558667946
718,True,-0.03967877905978857,-0.06018651502026364,-0.020507735960475074,-0.046344983058673704
719,True,-0.03126190456874845,-0.0700648218943601,-0.03880291732561165,-0.05516094517648943
720,True,-0.02691340128852913,-0.052587093404211686,-0.025673692115682555,-0.04837512422414735
721,True,-0.025485447839915073,-0.05804282787831989,-0.03255738003840482,-0.045716847949987025
722,True,-0.039383151841783495,-0.05865684407128387,-0.019273692229500372,-0.06304504403760185
723,True,-0.056637692460134614,-0.06893282968434229,-0.012295137224207678,-0.07564420868023111
724,True,-0.04937100433225144,-0.07394145696559501,-0.02457045263334357,-0.05948553464710692
725,True,-0.058778447349318336,-0.08128960955877737,-0.022511162209459035,-0.06737420960104659
726,True,-0.04515689900635227,-0.0693406435442602,-0.024183744537907927,-0.0581286266155583
727,True,-0.053422252671519316,-0.06454589321798336,-0.011123640546464045,-0.059147257731422855
728,True,-0.04371081374584211,-0.07497441924700203,-0.03126360550115992,-0.06200712696096364
729,True,-0.043581052622104564,-0.06816831699698918,-0.024587264374884614,-0.053816860784788936
730,True,-0.02893197750905905,-0.05676532911839829,-0.027833351609339238,-0.052231748027817125
731,True,-0.04472385021309156,-0.07534828251202592,-0.030624432298934363,-0.05736750465441999
732,True,-0.02932962708492936,-0.0602055449470134,-0.03087591786208404,-0.04526996227525299
733,True,-0.04168364456378339,-0.06905014159694903,-0.02736649703316564,-0.061335216352913266
734,True,-0.05102217125584184,-0.06760177049125628,-0.01657959923541444,-0.0639606288096929
735,True,-0.006605804401924661,-0.04887924715242387,-0.04227344275049921,-0.026185237957529695
736,True,-0.05704137256572587,-0.07850773302190728,-0.02146636045618141,-0.06847955016007463
737,True,-0.059813797771658815,-0.07444492767650743,-0.014631129904848612,-0.06787877090561757
738,True,-0.033593062192608596,-0.05551964385126814,-0.021926581658659544,-0.05968417095529111
739,True,-0.04621904767631265,-0.06339621063086477,-0.01717716295455212,-0.07014502811418707
740,True,-0.04280379034372083,-0.07083474353272952,-0.028030953189008688,-0.05730129427571775
741,True,-0.034452567206552674,-0.07078913499823052,-0.03633656779167784,-0.05460335674031715
742,True,-0.008017230468005138,-0.05147501699203991,-0.04345778652403477,-0.027103157114623848
743,True,-0.010712138196269257,-0.04416182014706814,-0.03344968195079888,-0.0217279041293366
744,True,-0.0023228947311120266,-0.043237330867536936,-0.04091443613642491,-0.023315673027271413
745,True,-0.030862928865470502,-0.0696021484196668,-0.038739219554196305,-0.05270343893993711
746,True,-0.04711090719734061,-0.06318823381557165,-0.01607732661823104,-0.059309169628782195
747,True,-0.022247521315242116,-0.056726194892522425,-0.03447867357728031,-0.046679533031960575
748,True,-0.06500270781957572,-0.09001415457865411,-0.02501144675907839,-0.08834234471639571
749,True,-0.02036396700253121,-0.05689208087924638,-0.036528113876715174,-0.043444427161237295
750,True,-0.01926457393734304,-0.048648619451135175,-0.029384045513792135,-0.04201042272763968
751,True,-0.020699798922251458,-0.06503725947529834,-0.04433746055304688,-0.040695990288299795
752,True,-0.011967087990217182,-0.05146269286128437,-0.03949560487106719,-0.033530778286627726
753,True,-0.043689947939377125,-0.06974213398215247,-0.026052186042775344,-0.05904322375015162
754,True,-0.019404296700621285,-0.053269371081507935,-0.03386507438088665,-0.033655888756181744
755,True,-0.03657228457504112,-0.05137303720267134,-0.014800752627630219,-0.05143026212298415
756,True,-0.03937791696643718,-0.06142873051569034,-0.02205081354925316,-0.06497159779268355
757,True,-0.02772029772994714,-0.06256283544534373,-0.034842537715396596,-0.041640690052647984
758,True,-0.04831599169049928,-0.056980884551008616,-0.008664892860509338,-0.06738972513646248
759,True,-0.01993598694860826,-0.05480102287075676,-0.0348650359221485,-0.04454964303160524
760,True,-0.036278982338941515,-0.06749221354194274,-0.03121323120300122,-0.05322924419130961
761,True,-0.02786160481068624,-0.058461084402584046,-0.030599479591897807,-0.041820007728713644
762,True,-0.044933493899877566,-0.07346697872756035,-0.02853348482768278,-0.0652591215803228
763,True,-0.03270816574187945,-0.05572675705530585,-0.0230185913134264,-0.044314223165891155
764,True,-0.05328587526949171,-0.07084529111981216,-0.017559415850320455,-0.07030569151717811
765,True,-0.038107384717212485,-0.0645601935067754,-0.026452808789562916,-0.06079988726190559
766,True,-0.0069561341654578055,-0.04168694190667528,-0.03473080774121748,-0.022895759406387294
767,True,-0.02480799528097136,-0.061139030595170486,-0.03633103531419912,-0.043658721402639336
768,True,-0.021498556729162146,-0.06713831710292767,-0.04563976037376552,-0.05488875460886451
769,True,-0.04970407106166097,-0.07180432102394711,-0.022100249962286142,-0.05657572061030935
770,True,-0.03470459649234368,-0.06903449575700667,-0.03432989926466299,-0.049856908877732795
771,True,-0.0630534837937999,-0.08064593577265013,-0.017592451978850232,-0.07318695617285545
772,True,-0.046241913735539285,-0.06969699248738342,-0.02345507875184414,-0.062267779477394966
773,True,-0.035274770976501356,-0.05542881348032478,-0.020154042503823424,-0.05477334587487654
774,True,-0.03571815732208958,-0.06540595147757934,-0.029687794155489763,-0.04989900306125179
775,True,-0.03166919447291416,-0.06613864284070302,-0.03446944836778886,-0.05250894296880579
776,True,-0.03987472380548773,-0.06885731651427918,-0.028982592708791444,-0.05405049577515485
777,True,-0.03033582740222347,-0.06061213869737398,-0.030276311295150512,-0.04937416930297303
778,True,-0.04588656849226706,-0.06259589420644059,-0.016709325714173523,-0.05631468966938043
779,True,-0.034065888415892004,-0.06373045696750218,-0.029664568551610176,-0.0535553072801395
780,True,-0.05113253317866737,-0.08383626416756827,-0.0327037309889009,-0.07222631494622937
781,True,-0.035341697710143886,-0.06784065574724414,-0.032498958037100255,-0.05852739813525958
782,True,-0.023039610120957208,-0.05609081488813488,-0.03305120476717767,-0.040105396108592074
783,True,-0.049192109267631026,-0.07749912895602011,-0.028307019688389085,-0.06794617910448499
784,True,-0.03693681977003782,-0.06394634100132406,-0.027009521231286235,-0.05809027645478522
785,True,-0.03432938120430487,-0.06290374881766284,-0.028574367613357965,-0.04444749290486864
786,True,-0.035188729201616836,-0.04988613326888147,-0.014697404067264636,-0.05715105136042318
787,True,-0.07492703585591327,-0.08443205971847366,-0.009505023862560386,-0.08277275978041064
788,True,-0.015220514611538364,-0.05468708238340689,-0.03946656777186852,-0.034486833296840325
789,True,-0.04554851209217904,-0.07004143838989646,-0.02449292629771742,-0.052730606412320885
790,True,-0.05973730369248303,-0.08718790158985422,-0.02745059789737119,-0.06642465009965842
791,True,-0.026495693540034414,-0.05519172348895817,-0.028696029948923757,-0.04730708594728171
792,True,-0.06144444634880616,-0.08042375240495035,-0.018979306056144195,-0.0730129718249762
793,True,-0.04011158176142577,-0.0630594553884583,-0.022947873627032524,-0.060639690153265834
794,True,-0.04376815413668243,-0.07450758515220436,-0.03073943101552193,-0.06070572604730404
795,True,-0.018196550572949163,-0.042438493670575374,-0.02424194309762621,-0.04045288968329414
796,True,-0.04032021445547755,-0.07569766283825681,-0.03537744838277926,-0.05878693481299132
797,True,-0.03759441375381924,-0.06835953962558662,-0.030765125871767378,-0.05410876093053858
798,True,-0.0405867676325761,-0.07166220689033266,-0.031075439257756562,-0.0637670963770969
799,True,-0.042606865687076716,-0.06041856055037798,-0.017811694863301267,-0.060493112386248035
800,True,-0.059060569218151955,-0.07222429583487604,-0.013163726616724082,-0.07352259376628859
801,True,-0.04554617714167179,-0.06354422389122644,-0.017998046749554644,-0.0689876591868693
802,True,-0.012380207659142838,-0.05584019145034216,-0.04345998379119932,-0.03759338878851563
803,True,-0.03971658064739279,-0.06585249051646495,-0.026135909869072167,-0.04907325831145684
804,True,-0.03329858248865206,-0.05464712957765962,-0.021348547089007554,-0.04517479966884599
805,True,-0.030976230954356997,-0.057776449692735814,-0.026800218738378817,-0.04461054050552124
806,True,-0.03632714726716082,-0.05858542156094295,-0.022258274293782132,-0.04818878082715034
807,True,-0.034028667006462565,-0.05149788376126196,-0.017469216754799392,-0.050793782448503196
808,True,-0.033511933238592036,-0.05276641651725726,-0.019254483278665226,-0.041892353143159124
809,True,-0.009301262439383222,-0.03629683621803794,-0.02699557377865472,-0.030483801591950455
810,True,-0.037410826185555884,-0.07005203900829313,-0.03264121282273724,-0.05684732922737152
811,True,-0.03565415500860055,-0.04769158077318408,-0.012037425764583526,-0.06088724241925457
812,True,-0.036634491117129596,-0.07286209070879074,-0.03622759959166114,-0.06260694041253832
813,True,-0.03942665341674915,-0.06795508710570647,-0.02852843368895732,-0.060705589813173554
814,True,-0.04222359820807285,-0.0678884746062742,-0.02566487639820135,-0.06172068238318333
815,True,-0.03840859752182508,-0.05934740776057131,-0.020938810238746233,-0.05451305865001736
816,True,-0.035821197894526556,-0.06002586736938332,-0.024204669474856763,-0.04869620190822139
817,True,-0.033975250756395785,-0.06551655604734173,-0.03154130529094595,-0.05513675594882047
818,True,-0.04274750774683679,-0.055296783852202346,-0.012549276105365555,-0.051072424708070246
819,True,-0.034300987175593024,-0.06303501307057649,-0.028734025894983466,-0.05988277019820633
820,True,-0.03892780801769515,-0.06866781182637836,-0.02974000380868321,-0.06235887942335236
821,True,-0.020866075672680937,-0.0557642662143605,-0.034898190541679565,-0.03899910035123688
822,True,-0.04421069829598529,-0.06433091734643816,-0.020120219050452866,-0.05043952569828874
823,True,-0.0204309952011439,-0.051348409140695564,-0.030917413939551663,-0.0411888465310759
824,True,-0.02256502343991876,-0.059511823545677744,-0.03694680010575899,-0.042184154384945376
825,True,-0.03154533878517309,-0.06270685393764241,-0.031161515152469323,-0.047801369658678386
826,True,-0.03800687067182963,-0.05619902513905133,-0.0181921544672217,-0.05130529069580041
827,True,-0.013157666360605549,-0.05914357867370286,-0.04598591231309731,-0.03580722750185777
828,True,-0.035974927612907666,-0.05269448052380737,-0.0167195529108997,-0.04832434097637809
829,True,-0.03142691581578943,-0.05084424465973261,-0.019417328843943184,-0.04872554993353775
830,True,-0.037092534718359174,-0.05616488908762276,-0.019072354369263585,-0.058184680259878316
831,True,-0.03943280975123566,-0.0541350654607212,-0.014702255709485537,-0.05342520502733758
832,True,-0.048518091990780506,-0.070803313150863,-0.02228522116008249,-0.062404088809268926
833,True,-0.040054344078153704,-0.06707841883214267,-0.02702407475398897,-0.051438072601699816
834,True,-0.050285981287638636,-0.06814904084158883,-0.0178630595539502,-0.07003088279571429
835,True,-0.03488625572505481,-0.06371469979186674,-0.028828444066811926,-0.05897300589612093
836,True,-0.026961171129971075,-0.056432008787389784,-0.02947083765741871,-0.038379656618114856
837,True,-0.05932895497614377,-0.08935714024840163,-0.03002818527225786,-0.07232721737586328
838,True,-0.045174383450223184,-0.07303712857371301,-0.02786274512348983,-0.06535424240992657
839,True,-0.014241547215510183,-0.05741808141306969,-0.04317653419755951,-0.03168779000959083
840,True,-0.04345725877185167,-0.07594191693060175,-0.032484658158750075,-0.05532778008394502
841,True,-0.04698734576722038,-0.06421015198909026,-0.017222806221869884,-0.07323073130332788
842,True,-0.03018237713337919,-0.05259874079420292,-0.022416363660823727,-0.04504119381032247
843,True,-0.03966636369297282,-0.07037891893732978,-0.03071255524435696,-0.06269203486599154
844,True,-0.024552860781646424,-0.06718937333720262,-0.0426365125555562,-0.04541809280086174
845,True,-0.04207953467000102,-0.07240030665485367,-0.030320771984852647,-0.06468709145805226
846,True,-0.0358391830452597,-0.07233118720302281,-0.03649200415776311,-0.06252393753949777
847,True,-0.041519315276596705,-0.068867333184429,-0.027348017907832298,-0.055771598313682474
848,True,-0.0448921179856844,-0.05621165563989758,-0.011319537654213181,-0.0536713073440415
849,True,-0.027219813798187956,-0.04984146099267633,-0.02262164719448837,-0.0442796140637471
850,True,-0.036314591499652264,-0.05905997169066938,-0.022745380191017114,-0.05591053995866123
851,True,-0.03806086281444962,-0.06746203664291245,-0.02940117382846283,-0.05785637392553136
852,True,-0.046392229007817275,-0.0757731531136649,-0.029380924105847632,-0.06028377646573599
853,True,-0.036753608566741126,-0.06395179372116919,-0.02719818515442806,-0.04948683879157699
854,True,-0.05283564726772611,-0.07020166372683027,-0.017366016459104162,-0.06349692595404496
855,True,-0.05255870804888828,-0.07361472750503688,-0.0210560194561486,-0.061726858539645595
856,True,-0.009337276083622979,-0.04155120015510746,-0.032213924071484476,-0.027062630923480744
857,True,-0.0547008388234486,-0.06257624991365011,-0.007875411090201512,-0.06337300533197084
858,True,-0.041175902790022076,-0.0677088348226152,-0.026532932032593118,-0.06057935121974694
859,True,-0.044910680458396926,-0.05916334926297715,-0.014252668804580225,-0.061339192070447184
860,True,-0.047248303268847644,-0.058680699122529004,-0.01143239585368136,-0.06690724859639446
861,True,-0.030635103374288385,-0.06097456389914679,-0.030339460524858402,-0.05007068173378589
862,True,-0.0573593813625473,-0.07635328081143465,-0.018993899448887352,-0.07820592781306314
863,True,-0.029507143478708954,-0.05419980340775099,-0.024692659929042036,-0.04249161655113765
864,True,-0.03651930663339765,-0.06381263924611912,-0.027293332612721467,-0.05523716555541669
865,True,-0.013784226239710588,-0.0486393137577731,-0.03485508751806251,-0.0299151304094881
866,True,-0.033194930685610295,-0.06308479396534343,-0.029889863279733135,-0.05223068924802956
867,True,-0.028730040955631222,-0.050820176174952485,-0.022090135219321263,-0.03666404995590965
868,True,-0.036015043974172815,-0.0536189062624026,-0.017603862288229785,-0.05608247678321257
869,True,-0.0482066653163895,-0.07300394983170576,-0.024797284515316258,-0.07136031064874977
870,True,-0.0321528878320842,-0.05971444057374962,-0.02756155274166542,-0.05710343908053625
871,True,-0.047382397977527295,-0.06352632072014484,-0.01614392274261755,-0.06509751827813645
872,True,-0.04518708894634741,-0.0692331861958691,-0.02404609724952169,-0.07102409243218058
873,True,-0.05214891112978957,-0.07041258053343148,-0.018263669403641915,-0.07859353958639187
874,True,-0.05182133497269051,-0.081231373096293,-0.02941003812360249,-0.07201318554743724
875,True,-0.04564790086852248,-0.07538687488245488,-0.029738974013932398,-0.06191216363002907
876,True,-0.03179087413152986,-0.057132612091921116,-0.025341737960391256,-0.053850494238838725
877,True,-0.03193887208278791,-0.05719514202820311,-0.025256269945415202,-0.05566313118983822
878,True,-0.03857081266315121,-0.06929919691037568,-0.030728384247224474,-0.0640816674707859
879,True,-0.04955510634485704,-0.07652430251195819,-0.026969196167101146,-0.06217818921098074
880,True,-0.014045189704521698,-0.05233268742247533,-0.03828749771795363,-0.03318587632862597
881,True,-0.031565986119868834,-0.05263176757674917,-0.021065781456880338,-0.04342597824654729
882,True,-0.04472115957740367,-0.06849724516291288,-0.023776085585509206,-0.05738058104648814
883,True,-0.03521000656131014,-0.06809470396842758,-0.03288469740711744,-0.047961712143975176
884,True,-0.053125271433329756,-0.07142957438356153,-0.01830430295023177,-0.0666400124148282
885,True,-0.024231965304569232,-0.05733277504112586,-0.03310080973655663,-0.044856161169823806
886,True,-0.053226531078190156,-0.0749473911561856,-0.021720860077995438,-0.07512884668580828
887,True,-0.04424795002131107,-0.06748380940707775,-0.02323585938576668,-0.06814821462420544
888,True,-0.02430521604201789,-0.05709481881281895,-0.03278960277080106,-0.040493253899586586
889,True,-0.009004401640596729,-0.03898739233735075,-0.029982990696754017,-0.016021896474929447
890,True,-0.016450896014519698,-0.04496715038370274,-0.028516254369183043,-0.04433705301060545
891,True,-0.03552719140277983,-0.06190178507626202,-0.02637459367348219,-0.04580010662289409
892,True,-0.03664568218068499,-0.055183343610391525,-0.018537661429706538,-0.047836841069909826
893,True,-0.037615638976974106,-0.07626599467475753,-0.038650355697783426,-0.06376714251806408
894,True,-0.04253658342928972,-0.06279540450074461,-0.020258821071454894,-0.0564246241642119
895,True,-0.033460582836113965,-0.06022004409438563,-0.026759461258271666,-0.0464861051907836
896,True,-0.03335812617677861,-0.061437210939012867,-0.02807908476223426,-0.052897621843928336
897,True,-0.04351731460766913,-0.0667467134892664,-0.023229398881597273,-0.060807223737575904
898,True,-0.03668162822157483,-0.06029405955758051,-0.023612431336005678,-0.05116945958673485
899,True,-0.04767244998468115,-0.0750807129572608,-0.02740826297257966,-0.07183285835413326
900,True,-0.03301086885165981,-0.05106829690329858,-0.01805742805163877,-0.04832244216300747
901,True,-0.04111192878271164,-0.05846237569876592,-0.01735044691605428,-0.054739390691766
902,True,-0.0489931364283818,-0.06745895826526223,-0.018465821836880426,-0.06145213816051996
903,True,-0.02685478520244514,-0.052129719589726536,-0.025274934387281397,-0.05519891541373141
904,True,-0.04347670341399604,-0.06255342196313342,-0.01907671854913738,-0.059821384692824046
905,True,-0.03905760992346662,-0.06398547788894852,-0.024927867965481902,-0.05213452693433397
906,True,-0.04164489893827734,-0.06340607591626381,-0.02176117697798647,-0.05854253706646569
907,True,-0.056148111533182776,-0.07471117995066634,-0.018563068417483564,-0.07390232328951479
908,True,-0.02430402817836848,-0.06909504547533908,-0.0447910172969706,-0.04938047888649358
909,True,-0.06402685505361795,-0.08000406917822539,-0.01597721412460744,-0.06853510060714951
910,True,-0.04556246135134737,-0.06869691544059259,-0.023134454089245214,-0.05562678338077238
911,True,-0.043795595858264126,-0.0645625159384703,-0.020766920080206176,-0.0630207253507031
912,True,-0.027814674159910308,-0.07043900224651124,-0.04262432808660094,-0.049571273899369925
913,True,-0.03252458011384907,-0.062460793720601954,-0.02993621360675288,-0.04955228998988868
914,True,-0.046559574734551544,-0.07731855728204416,-0.030758982547492618,-0.061198433985761684
915,True,-0.03205170944765842,-0.06273155621740667,-0.030679846769748248,-0.044736052787695185
916,True,-0.026377103977496368,-0.05876884703608517,-0.0323917430585888,-0.05396206203252026
917,True,-0.04775396439131805,-0.06196100989430973,-0.014207045502991678,-0.06381470557676765
918,True,-0.02670573912805864,-0.04476427591403008,-0.01805853678597144,-0.03888965660597949
919,True,-0.015588426471037788,-0.05169953426993149,-0.036111107798893705,-0.03683782599562662
920,True,-0.040079639052581315,-0.0767729076613329,-0.03669326860875159,-0.052347412970330784
921,True,-0.04639619258089505,-0.06681078533428111,-0.020414592753386064,-0.05804313459954295
922,True,-0.028365289276649556,-0.06526483903319978,-0.03689954975655023,-0.04313440369126165
923,True,-0.03202245337985174,-0.05864149807055386,-0.026619044690702122,-0.05344914544812203
924,True,-0.04893799066974788,-0.06777647561097666,-0.018838484941228778,-0.06062378725778263
925,True,-0.05657206831807496,-0.07296503870362205,-0.016392970385547087,-0.06962476262939324
926,True,-0.03709556073682163,-0.058747866314707915,-0.021652305577886284,-0.05317476599621906
927,True,-0.018202874813155582,-0.05860812129139016,-0.04040524647823458,-0.03868351528672086
928,True,-0.04628766466672591,-0.06117306836741817,-0.01488540370069226,-0.0604729154471286
929,True,-0.02934619906014193,-0.06141675594004074,-0.032070556879898814,-0.05439574854511482
930,True,-0.049895437686091,-0.06431047104897872,-0.01441503336288772,-0.06821650063153441
931,True,-0.02905923211035173,-0.06552729235387493,-0.0364680602435232,-0.04718249676586829
932,True,-0.05791572917349287,-0.07318885472559389,-0.015273125552101016,-0.08629415440410439
933,True,-0.03735552813675525,-0.07518878773104191,-0.03783325959428666,-0.053260629234544436
934,True,-0.033775148444470444,-0.05731384443308693,-0.023538695988616486,-0.050816371632502036
935,True,-0.0408359628958613,-0.07272396591010143,-0.03188800301424013,-0.06298188059727733
936,True,-0.0332008328462207,-0.052463292261036056,-0.01926245941481536,-0.049065765166783196
937,True,-0.044445443893263124,-0.06626394332119401,-0.021818499427930883,-0.062304666139135344
938,True,-0.03176580583492291,-0.0651717453860642,-0.03340593955114129,-0.05468048034150539
939,True,-0.024727920252489474,-0.044984010889861405,-0.02025609063737193,-0.03850010968805594
940,True,-0.043337557230777216,-0.07618554722097107,-0.03284798999019385,-0.06122343738906423
941,True,-0.03686135250253287,-0.05380994027708364,-0.016948587774550772,-0.05958782829387978
942,True,-0.04438640465419652,-0.06238769818836566,-0.01800129353416914,-0.06279120264688404
943,True,-0.03576626292365382,-0.06364004470365073,-0.027873781779996908,-0.05199790571726988
944,True,-0.03133859612671209,-0.06394049864087978,-0.03260190251416769,-0.0457724234104829
945,True,-0.03322069565812059,-0.06068135694511486,-0.027460661286994273,-0.05450665715849842
946,True,-0.03885248988186155,-0.06752638600814438,-0.02867389612628283,-0.05338160169610424
947,True,-0.03534951293176446,-0.060508203936378936,-0.02515869100461448,-0.05446946919544527
948,True,-0.03394667461722727,-0.05955728777078369,-0.025610613153556415,-0.052578352816880565
949,True,-0.03688235847704764,-0.07699794829024123,-0.04011558981319359,-0.05529100594026473
950,True,-0.04962054107344643,-0.06938371208968123,-0.019763171016234808,-0.07185305567940645
951,True,-0.038437769676992785,-0.06588268618666929,-0.027444916509676502,-0.050384669215226455
952,True,-0.04348634260344258,-0.07737492608216187,-0.03388858347871929,-0.060190681128685156
953,True,-0.025569532368829955,-0.046118267665819286,-0.02054873529698933,-0.04341822586147902
954,True,-0.028991975573185537,-0.05733525106926128,-0.028343275496075744,-0.04608119597716102
955,True,-0.06397382023580156,-0.08517035790850708,-0.021196537672705518,-0.08004145528327267
956,True,-0.05129655025272188,-0.06717486396490796,-0.01587831371218608,-0.06535037424121952
957,True,-0.040736354257887325,-0.07160962756982693,-0.030873273311939606,-0.06062758163887823
958,True,-0.024249372364259215,-0.059360947101751445,-0.03511157473749223,-0.05056025649719606
959,True,-0.0243701912040853,-0.05958006785976598,-0.03520987665568068,-0.05049960938004401
960,True,-0.03020471926505518,-0.0542245609291084,-0.02401984166405322,-0.04423131207511106
961,True,-0.03584090114041278,-0.06418246800891476,-0.028341566868501984,-0.057700115957198816
962,True,-0.03148565725640027,-0.06071349907601338,-0.02922784181961311,-0.043351057437451275
963,True,-0.043707959809435676,-0.05787976936788812,-0.014171809558452444,-0.06053391598394505
964,True,-0.03133943831157628,-0.05565001468976736,-0.024310576378191076,-0.04189183515652229
965,True,-0.043571797102589786,-0.06850272615810353,-0.024930929055513744,-0.06947377967471799
966,True,-0.024941358439545706,-0.06387988924439005,-0.03893853080484434,-0.05287068157793294
967,True,-0.04789398051500672,-0.06313956123034307,-0.015245580715336354,-0.055498331898568634
968,True,-0.03586488441595572,-0.0650865941330689,-0.02922170971711318,-0.05664259535817841
969,True,-0.021541845275938484,-0.067037301749472,-0.04549545647353352,-0.05058417014411033
970,True,-0.050921369894734475,-0.07468892640874346,-0.023767556514008983,-0.06874787729162911
971,True,-0.03873408328471519,-0.08436592299436028,-0.04563183970964509,-0.07269090105375607
972,True,-0.03572008656709095,-0.06495876780561553,-0.029238681238524585,-0.05812939227013518
973,True,-0.035997648610058455,-0.05567259762509546,-0.019674949015037003,-0.048306325571071396
974,True,-0.04764972862706622,-0.07465660002216344,-0.02700687139509722,-0.05966911392516806
975,True,-0.04006424978469967,-0.057683048076140046,-0.017618798291440377,-0.058230947116128126
976,True,-0.023957509337297105,-0.05597270242811027,-0.03201519309081316,-0.04412587651324018
977,True,-0.036659873610554554,-0.06124449212190504,-0.024584618511350485,-0.05170203425649349
978,True,-0.033727262631295746,-0.051575598175000036,-0.01784833554370429,-0.04509881774087316
979,True,-0.025165745400490207,-0.06141742908545534,-0.03625168368496513,-0.04957041120381389
980,True,-0.020929415636160582,-0.051113837194458424,-0.03018442155829784,-0.03649325024603113
981,True,-0.0439392605548297,-0.055583968130043224,-0.011644707575213527,-0.05785889262061304
982,True,-0.04371041340996581,-0.07433654718666055,-0.030626133776694743,-0.06968529972453413
983,True,-0.02864746136324626,-0.06971553501079632,-0.04106807364755006,-0.045609024275920805
984,True,-0.015447743330348237,-0.06034210408821245,-0.04489436075786422,-0.033795776193859
985,True,-0.04399109893511266,-0.07192950047858125,-0.02793840154346859,-0.0651014746769958
986,True,-0.06039351930284694,-0.06681204095627741,-0.006418521653430466,-0.0727674589968731
987,True,-0.028714638919137947,-0.057049807421120875,-0.02833516850198293,-0.048138302190927115
988,True,-0.014130325490640392,-0.04666952378341422,-0.032539198292773824,-0.031548064480796986
989,True,-0.02447693869194299,-0.06428342918299781,-0.03980649049105482,-0.04258189563072542
990,True,-0.025403605601290645,-0.054800291000071985,-0.02939668539878134,-0.03471753573899343
991,True,-0.04879639669329698,-0.07441680334670406,-0.025620406653407077,-0.06920564905944053
992,True,-0.05468245037226738,-0.06802240681873951,-0.013339956446472137,-0.07577882046604847
993,True,-0.04493444080603346,-0.06270921465819786,-0.017774773852164395,-0.05725538858779706
994,True,-0.03922356803705255,-0.06219402034011303,-0.022970452303060482,-0.05366419917200769
995,True,-0.047582079194481874,-0.058772158328464386,-0.011190079133982511,-0.06132208755983516
996,True,-0.022623670020643184,-0.05598485585592892,-0.03336118583528573,-0.04209876729850104
997,True,-0.037516530399562834,-0.0679396329817581,-0.03042310258219527,-0.05227705340774584
998,True,-0.03155787903698979,-0.05480350296750712,-0.02324562393051733,-0.05859290632333325
999,True,-0.03540726646501301,-0.06802768198115593,-0.03262041551614292,-0.06412261603143522
1000,True,-0.031696544667037065,-0.062387376076879095,-0.03069083140984203,-0.05072507764581171
1001,True,-0.03270291568110493,-0.05569080772010079,-0.022987892038995865,-0.048484869167883186
1002,True,-0.03581904064613269,-0.07068567861778428,-0.03486663797165159,-0.056675225487795446
1003,True,-0.038695020038657886,-0.06516893183783697,-0.02647391179917908,-0.04937378382151463
1004,True,-0.04368908482423424,-0.05678013307634287,-0.013091048252108634,-0.05130236558276505
1005,True,-0.023304701115066648,-0.05475019636133184,-0.03144549524626519,-0.038228066732522666
1006,True,-0.03331853049556157,-0.04690339794358863,-0.01358486744802706,-0.05025522578015718
1007,True,-0.05359844506509331,-0.06814475605507182,-0.014546310989978516,-0.0672215311971084
1008,True,-0.03342554171219223,-0.06527748445076699,-0.03185194273857476,-0.0491652349928647
1009,True,-0.026075510351766265,-0.062225521319656266,-0.03615001096789,-0.04808104868779546
1010,True,-0.038931691872251505,-0.06260471493776484,-0.02367302306551334,-0.04689055642964846
1011,True,-0.04578213903690278,-0.05740605842536738,-0.011623919388464604,-0.04905668945769119
1012,True,-0.04150216052829216,-0.070276397442279,-0.028774236913986832,-0.06170229830254588
1013,True,-0.05643759172273347,-0.07815477318041288,-0.021717181457679403,-0.07252329366161189
1014,True,-0.047379193793950045,-0.07149612854799557,-0.024116934754045527,-0.06604592570495092
1015,True,-0.0435210642960663,-0.06308000249622288,-0.019558938200156577,-0.06608330049178719
1016,True,-0.037756715600736186,-0.06464738958136443,-0.026890673980628242,-0.05798840154727907
1017,True,-0.04149311204905646,-0.06277124679151574,-0.021278134742459286,-0.05720307157516203
1018,True,-0.03693299329654163,-0.06874342562741506,-0.03181043233087343,-0.0592594758951175
1019,True,-0.02950061543766842,-0.06549493607972329,-0.035994320642054864,-0.04699655456405619
1020,True,-0.04779837760401107,-0.0654893382221699,-0.01769096061815883,-0.06178522572121554
1021,True,-0.025217825042306446,-0.05204786950370383,-0.026830044461397386,-0.04421421913663494
1022,True,-0.03543803028535178,-0.06518621338148674,-0.02974818309613496,-0.05556720333861036
1023,True,-0.034908131828447056,-0.06343080693335762,-0.028522675104910564,-0.05312057481726974
1024,True,-0.06037665055243003,-0.07148914268713794,-0.011112492134707906,-0.06870436422369514
1025,True,-0.04705061021093609,-0.068027000810831,-0.020976390599894916,-0.0658890006442427
1026,True,-0.0179179479386276,-0.05803038026789538,-0.04011243232926778,-0.042666641413394074
1027,True,-0.0021246413989829275,-0.03259895728895976,-0.03047431588997683,-0.02027920913599135
1028,True,-0.024009152720986596,-0.06385911754254252,-0.03984996482155592,-0.04681715277777011
1029,True,-0.04328898646837488,-0.06766377267475622,-0.024374786206381338,-0.06166749920148591
1030,True,-0.035621705172423905,-0.06507880385278467,-0.029457098680360762,-0.049536062707247155
1031,True,-0.04106045448945516,-0.061320355177309174,-0.020259900687854014,-0.055408541296386754
1032,True,-0.04891981932410128,-0.06414141187945797,-0.015221592555356697,-0.057483003456323595
1033,True,-0.0482591545481781,-0.05972819782198772,-0.011469043273809619,-0.061729500746175045
1034,True,-0.05231106177458292,-0.06972213212368988,-0.017411070349106966,-0.07115136621782242
1035,True,-0.04767532256711624,-0.06765649222002555,-0.01998116965290931,-0.070306267638425
1036,True,-0.03744765990226625,-0.07143528620301891,-0.03398762630075266,-0.06029608340991002
1037,True,-0.03271238833361937,-0.0727300255220146,-0.04001763718839523,-0.05504714121438297
1038,True,-0.039251413073571266,-0.05685526187684349,-0.017603848803272225,-0.05412979283144537
1039,True,-0.05702680726408781,-0.07381811434313298,-0.01679130707904517,-0.07024874960599692
1040,True,-0.054029611450445554,-0.0747540703442028,-0.020724458893757243,-0.06804375574207779
1041,True,-0.012820170553059921,-0.04571313488566723,-0.032892964332607307,-0.0321578797029182
1042,True,-0.047674353983837126,-0.06385337072741602,-0.016179016743578897,-0.06325387998165287
1043,True,-0.016245642075807237,-0.045312546499711163,-0.029066904423903927,-0.02943679732134614
1044,True,-0.04289070005640567,-0.06299385892698596,-0.02010315887058029,-0.05563993406942887
1045,True,-0.06282809777336322,-0.0724318405347723,-0.009603742761409073,-0.07486006649274796
1046,True,-0.04749929955986434,-0.063398959893502,-0.015899660333637662,-0.056178446829980334
1047,True,-0.023597322411764505,-0.05490801074657831,-0.031310688334813805,-0.037824335994968594
1048,True,-0.04843500326893664,-0.06903505874228873,-0.020600055473352086,-0.06402741339680677
1049,True,-0.03987522367085797,-0.062373410863298964,-0.022498187192440997,-0.05079756636460449
1050,True,-0.026320179251646855,-0.05784151811031354,-0.03152133885866668,-0.0393998839539782
1051,True,-0.017511492829301024,-0.06266275685250011,-0.04515126402319909,-0.03935399406435456
1052,True,-0.029008010135416755,-0.058369598569469806,-0.02936158843405305,-0.04606098925087377
1053,True,-0.02857234409534132,-0.07040576433906694,-0.04183342024372562,-0.05682902348059022
1054,True,-0.028298400717173038,-0.06388225386948697,-0.03558385315231393,-0.053336941745233825
1055,True,-0.034997687295402855,-0.06216866844212544,-0.027170981146722582,-0.046439851332590945
1056,True,-0.05298399256221113,-0.08087752310528605,-0.027893530543074918,-0.06275462758526225
1057,True,-0.03397556671988114,-0.05015747930476378,-0.016181912584882642,-0.04393736179763552
1058,True,-0.03174189746522633,-0.05674732069473469,-0.025005423229508363,-0.06690157500829348
1059,True,-0.048311258656414995,-0.07865377203047555,-0.030342513374060555,-0.06005431960848692
1060,True,-0.03894882878059516,-0.04989494517948456,-0.0109461163988894,-0.05702502838284936
1061,True,-0.011768073663831058,-0.053281509380907,-0.04151343571707594,-0.029124448464210043
1062,True,-0.041217225408099974,-0.06703597592146962,-0.025818750513369647,-0.05392495858111043
1063,True,-0.03950675069221302,-0.04602987068610041,-0.00652311999388739,-0.049883648035887976
1064,True,-0.03866302436245387,-0.06110911369196151,-0.02244608932950764,-0.058830929600041264
1065,True,-0.022357410304236554,-0.06631526559386088,-0.04395785528962432,-0.045651812886474095
1066,True,-0.03528555601997764,-0.06099319446967521,-0.02570763844969757,-0.053732725593081884
1067,True,-0.04656316202953528,-0.06960437673449674,-0.023041214704961455,-0.06379424285149898
1068,True,-0.031640959745152235,-0.06764177759452397,-0.03600081784937174,-0.04404338460731102
1069,True,-0.05122626542198697,-0.07195346588240081,-0.02072720046041384,-0.05949548636823039
1070,True,-0.04464544386901152,-0.06042387412638779,-0.01577843025737627,-0.05151882323535064
1071,True,-0.0449303872358431,-0.06641425020790966,-0.02148386297206656,-0.06494027167431554
1072,True,-0.024258829146105686,-0.04633514418482366,-0.022076315038717972,-0.04475401710122274
1073,True,-0.03861069935632653,-0.05553191845782689,-0.016921219101500358,-0.04970443140224232
1074,True,-0.059947683081059584,-0.08358770442928092,-0.02364002134822133,-0.07993857495597309
1075,True,-0.010900401586700166,-0.055433627927723134,-0.04453322634102297,-0.03511757447164477
1076,True,-0.036327874149744886,-0.0715293482093075,-0.03520147405956261,-0.06007176667274267
1077,True,-0.030001935957967893,-0.052170135125822005,-0.022168199167854112,-0.04426626182845759
1078,True,-0.06990418491067431,-0.09038403049292042,-0.02047984558224611,-0.08410227347958449
1079,True,-0.03853488229127924,-0.05558560638091892,-0.017050724089639674,-0.05291619365539219
1080,True,-0.03939084465901499,-0.07490667111805895,-0.035515826459043956,-0.05899969060918857
1081,True,-0.04074080198009154,-0.06371754548699309,-0.022976743506901542,-0.06438462321597033
1082,True,-0.0449180421853364,-0.07259050752131453,-0.027672465335978134,-0.05623616239708636
1083,True,-0.026730651408655888,-0.057568834012625796,-0.030838182603969908,-0.04851933380909282
1084,True,-0.03382761771352099,-0.04704938311552299,-0.013221765402001998,-0.06331804105643647
1085,True,-0.03707499204106081,-0.06591888131913812,-0.02884388927807731,-0.054120531344534734
1086,True,-0.04691005876297574,-0.06458117760832549,-0.017671118845349748,-0.06883973750080434
1087,True,-0.04091551245862288,-0.06697584813687214,-0.026060335678249266,-0.05179901024320262
1088,True,-0.045425639903474396,-0.07043398887900201,-0.025008348975527617,-0.06322339362980146
1089,True,-0.04794600727095004,-0.05930547509911029,-0.011359467828160254,-0.06332221878919225
1090,True,-0.04170991662465582,-0.06656486682771871,-0.024854950203062894,-0.06449177267308764
1091,True,-0.044170011602301544,-0.06890038410403206,-0.024730372501730512,-0.055453650224228525
1092,True,-0.046589276955715596,-0.07199083880829746,-0.025401561852581862,-0.05973680006732698
1093,True,-0.05094784059787128,-0.06286565506107583,-0.01191781446320455,-0.07179634032085862
1094,True,-0.057690693277908,-0.07349862088304436,-0.015807927605136357,-0.07154765550846637
1095,True,-0.027193014182646864,-0.06403774466186257,-0.03684473047921571,-0.04445388954228725
1096,True,-0.03503924311999391,-0.07049245363889317,-0.03545321051889926,-0.05954276582680344
1097,True,-0.05444265318832295,-0.07922577528027176,-0.024783122091948814,-0.06075254746100966
1098,True,-0.046849870141881425,-0.0708647157936728,-0.024014845651791378,-0.061748573943124975
1099,True,-0.026603967590272243,-0.05007204558094759,-0.023468077990675348,-0.047197629935463496
1100,True,-0.03448300767575783,-0.06865628222173908,-0.03417327454598126,-0.05880267142530549
1101,True,-0.03580059542926681,-0.06777152776001631,-0.031970932330749505,-0.049016413984561975
1102,True,-0.028069021559087127,-0.06145675931458263,-0.0333877377554955,-0.04768253961433237
1103,True,-0.04233656995569922,-0.04994565193304581,-0.007609081977346589,-0.05683493745060876
1104,True,-0.029094390948844247,-0.052959593437333585,-0.023865202488489338,-0.04321237866896907
1105,True,-0.04411125850256995,-0.05874443508326213,-0.01463317658069218,-0.051916774336696545
1106,True,-0.03130668206223159,-0.05823778956097644,-0.026931107498744847,-0.051410643140392856
1107,True,-0.04597368721189644,-0.07491271869192409,-0.028939031480027654,-0.0520734249336547
1108,True,-0.04803796045384632,-0.06666684271792121,-0.018628882264074893,-0.07061348344703638
1109,True,-0.05859102077618312,-0.08687117688217785,-0.028280156105994735,-0.07429013679903358
1110,True,-0.0266087223204911,-0.0574949746831624,-0.0308862523626713,-0.04719701208454558
1111,True,-0.030464676856255216,-0.05268117668034753,-0.022216499824092316,-0.04582264667691975
1112,True,-0.03841755485992606,-0.06383739098318218,-0.025419836123256122,-0.06148073421825927
1113,True,-0.03461514837336303,-0.06778048510031459,-0.03316533672695156,-0.051110098210414706
1114,True,-0.03566526541829516,-0.07127489413881676,-0.0356096287205216,-0.05258458497542778
1115,True,-0.02811497011105572,-0.05187888676331838,-0.02376391665226266,-0.045857611221890915
1116,True,-0.03694254449501813,-0.0616629371327549,-0.024720392637736767,-0.054962220913121126
1117,True,-0.036229278385777365,-0.06613670625710517,-0.02990742787132781,-0.05846778989419341
1118,True,-0.02901082169713459,-0.05015520961771091,-0.02114438792057632,-0.05149830565123822
1119,True,-0.06107320111585292,-0.07185927540294328,-0.010786074287090358,-0.0787788825817957
1120,True,-0.02480546106020483,-0.04735788483632524,-0.02255242377612041,-0.0363224022525479
1121,True,-0.022117498673871975,-0.057605123910920826,-0.03548762523704885,-0.04684590894693468
1122,True,-0.025647096041981912,-0.06402789414429753,-0.03838079810231562,-0.050062764706146574
1123,True,-0.028302326754614877,-0.05255574445109364,-0.024253417696478766,-0.04486379703062262
1124,True,-0.06420152960115609,-0.08081978681135323,-0.016618257210197135,-0.07287634050092942
1125,True,-0.04452498481023484,-0.06804685247953994,-0.0235218676693051,-0.06332682544644261
1126,True,-0.05354092531466525,-0.07586448718902082,-0.022323561874355573,-0.06779622771908114
1127,True,-0.045439705129624586,-0.08073219478549291,-0.03529248965586833,-0.0697716843204444
1128,True,-0.027476934152741724,-0.07192133657990493,-0.04444440242716321,-0.05010189659934831
1129,True,-0.05622365547366466,-0.07229338883992506,-0.0160697333662604,-0.06302293205047524
1130,True,-0.04345613604156773,-0.06089344619693691,-0.01743731015536918,-0.05063046621222673
1131,True,-0.03552602526707276,-0.06544680829850068,-0.029920783031427915,-0.05163975536067832
1132,True,-0.00709936033356953,-0.05256291645602259,-0.04546355612245306,-0.02760096366273688
1133,True,-0.042999887114956,-0.07092473617757168,-0.027924849062615685,-0.05811408550474257
1134,True,-0.04138985407987706,-0.055172052921417074,-0.013782198841540014,-0.0634855750779963
1135,True,-0.038034259779462024,-0.05690725845896177,-0.018872998679499743,-0.05212240167161026
1136,True,-0.03223833146653879,-0.06375553301128756,-0.03151720154474877,-0.061682968691404105
1137,True,-0.010672269734006406,-0.04072433295514784,-0.030052063221141432,-0.02939421247246406
1138,True,-0.025611188912531134,-0.0426751953192707,-0.017064006406739565,-0.037077119954110935
1139,True,-0.05664461177460626,-0.0697756159357756,-0.013131004161169336,-0.07149232468508289
1140,True,-0.03888045366159499,-0.07367760643460054,-0.03479715277300555,-0.05714685985229176
1141,True,-0.04128426400215271,-0.07101368722922631,-0.0297294232270736,-0.057612881412467766
1142,True,-0.035050335848209005,-0.0552361468459746,-0.020185810997765598,-0.05059684043372067
1143,True,-0.04346614793464973,-0.05801706042475382,-0.014550912490104088,-0.06061743247050655
1144,True,-0.0459189378323198,-0.07095043522154672,-0.025031497389226914,-0.0676211411128468
1145,True,-0.036592425818289524,-0.07128505205669983,-0.0346926262384103,-0.055228793246256694
1146,True,-0.013738053339609245,-0.0627433713744112,-0.04900531803480196,-0.03730042340422943
1147,True,-0.035648117329435985,-0.0586014823466697,-0.022953365017233718,-0.047811618647641226
1148,True,-0.02420177412931909,-0.05413171990987495,-0.02992994578055586,-0.046042526353067194
1149,True,-0.03669309656037133,-0.07214016170408417,-0.03544706514371285,-0.052864405853647
1150,True,-0.052932677309336845,-0.06737215051733098,-0.01443947320799413,-0.06432386964625726
1151,True,-0.05276510444209227,-0.07781561082293117,-0.025050506380838902,-0.06976463232457465
1152,True,-0.04368365042374361,-0.06811055192872205,-0.024426901504978442,-0.055978994639932105
1153,True,-0.05296173146363771,-0.07271016725690907,-0.01974843579327136,-0.0666189486148159
1154,True,-0.018089011011927694,-0.05378582470100021,-0.035696813689072515,-0.03570898706714592
1155,True,-0.03056639938537103,-0.06468989693997416,-0.03412349755460313,-0.046692557396809456
1156,True,-0.04572074145859945,-0.06595597673508694,-0.020235235276487483,-0.05391376658713664
1157,True,-0.0387709871513586,-0.06218049284077734,-0.02340950568941874,-0.054913757878288574
1158,True,-0.034600825014456674,-0.06368655973557621,-0.02908573472111954,-0.056860501606404615
1159,True,-0.023993793593508672,-0.056694219646094196,-0.032700426052585524,-0.04272971085808968
1160,True,-0.03470991519025963,-0.0507307814949096,-0.016020866304649974,-0.04480232252140934
1161,True,-0.03574658783060403,-0.06941810687389306,-0.03367151904328903,-0.05467552398851245
1162,True,-0.02684012625362785,-0.06189791159566664,-0.035057785342038794,-0.056003313131141756
1163,True,-0.0507156878376744,-0.06613237525236708,-0.015416687414692681,-0.07377940943553227
1164,True,-0.03751137412206848,-0.06043579866254308,-0.0229244245404746,-0.04767441556179855
1165,True,-0.043054680767326006,-0.06458238712600009,-0.021527706358674084,-0.05169589548118402
1166,True,-0.041948183024171366,-0.08681587702254417,-0.04486769399837281,-0.06063425217597815
1167,True,-0.03982725612349362,-0.057776779341220386,-0.017949523217726762,-0.04681953214183344
1168,True,-0.035027044205967806,-0.056001944808587986,-0.02097490060262018,-0.050688021121872526
1169,True,-0.05215777270260778,-0.08135089253855378,-0.029193119835945996,-0.08062687556170187
1170,True,-0.0276188799278182,-0.061899789534754626,-0.03428090960693643,-0.0524281902676887
1171,True,-0.05273859464007754,-0.06981207891188286,-0.01707348427180532,-0.07830972142915225
1172,True,-0.04095267830578101,-0.07423805741068024,-0.033285379104899225,-0.06556861711839451
1173,True,-0.0609822317110574,-0.0817167060215128,-0.020734474310455407,-0.08170545860565812
1174,True,-0.041652162647276086,-0.06363155818322952,-0.021979395535953433,-0.05010514874365155
1175,True,-0.035633347603607556,-0.05958051776129885,-0.023947170157691294,-0.05834745262314285
1176,True,-0.04366066419182339,-0.07513856449813283,-0.03147790030630944,-0.05558054716209959
1177,True,-0.019733500728266816,-0.06191192487455135,-0.04217842414628453,-0.04554521049481038
1178,True,-0.042084375286518774,-0.0756666334106607,-0.03358225812414192,-0.05171439263980933
1179,True,-0.04066245553906801,-0.06183353263895032,-0.021171077099882307,-0.04873203076058284
1180,True,-0.04144644053352166,-0.056032522503459206,-0.014586081969937548,-0.054276373427487624
1181,True,-0.022101822034302675,-0.04278610141228821,-0.020684279377985535,-0.038906593640452077
1182,True,-0.030049145965807402,-0.06443174197012615,-0.03438259600431874,-0.04857530657056468
1183,True,-0.013936154262353133,-0.04464984138624632,-0.03071368712389319,-0.025272994583164808
1184,True,-0.03740661187633284,-0.06851565127259172,-0.031109039396258885,-0.06634454021635693
1185,True,-0.03484148610265508,-0.05871648734107222,-0.02387500123841714,-0.06124896365414013
1186,True,-0.01881995335534668,-0.056937608679652175,-0.0381176553243055,-0.039331111776636174
1187,True,-0.04163308935412,-0.06559546417591705,-0.02396237482179705,-0.0561066283911061
1188,True,-0.03765366352005654,-0.05878813751101878,-0.021134473990962237,-0.05445221963806828
1189,True,-0.031027478808812462,-0.04699132754373102,-0.015963848734918556,-0.047502647457673075
1190,True,-0.01051915985004918,-0.047115352298150594,-0.03659619244810142,-0.03751465095381379
1191,True,-0.059024140739171366,-0.08341447912227686,-0.02439033838310549,-0.07965929656006894
1192,True,-0.0269630137610335,-0.05585531986724742,-0.02889230610621392,-0.04651794461665022
1193,True,-0.026459343766341306,-0.051140186392053325,-0.02468084262571202,-0.04062652778952085
1194,True,-0.04954767030430477,-0.06919664723602587,-0.019648976931721095,-0.057763615984964004
1195,True,-0.03381883827291525,-0.06079661396254148,-0.026977775689626234,-0.049636177005001024
1196,True,-0.059066515980524176,-0.08143880477851065,-0.022372288797986473,-0.0790380290187055
1197,True,-0.02826006694007175,-0.06856582736861633,-0.04030576042854458,-0.055541322872989046
1198,True,-0.03353178446113634,-0.06339823168180196,-0.029866447220665622,-0.047925356425741764
1199,True,-0.025759044625064134,-0.06451406898516857,-0.03875502436010443,-0.04795772488270102
1200,True,-0.028861410212468814,-0.05355138547637223,-0.02468997526390342,-0.04642830175187207
1201,True,-0.02810606685128448,-0.05038550691921241,-0.02227944006792793,-0.04320648027633447
1202,True,-0.039255492980673955,-0.05267348318182238,-0.013417990201148422,-0.06010144303503193
1203,True,-0.022700344285221847,-0.06607427798426528,-0.04337393369904344,-0.04132580144108286
1204,True,-0.03630278800304734,-0.06831531447111167,-0.03201252646806432,-0.058805810469155104
1205,True,-0.020401172060698483,-0.05893036927327314,-0.03852919721257465,-0.03871188089003416
1206,True,-0.06468201822914485,-0.0799737047639395,-0.015291686534794652,-0.07308885881306786
1207,True,-0.00809317406556283,-0.042454960937456855,-0.03436178687189403,-0.023005135340325975
1208,True,-0.03970071266485485,-0.07234709153282717,-0.03264637886797232,-0.05502444637443824
1209,True,-0.034611373186622205,-0.06536753783842314,-0.030756164651800935,-0.0508677813259056
1210,True,-0.02713236479664342,-0.06281568944088678,-0.035683324644243355,-0.04985867937282004
1211,True,-0.04765154625566455,-0.06585723056368893,-0.018205684308024384,-0.05663059134690254
1212,True,-0.03752322192965565,-0.06460880483951302,-0.027085582909857374,-0.06423353078737128
1213,True,-0.0384080409031695,-0.05744112796169076,-0.01903308705852126,-0.04740408133078174
1214,True,-0.01930719845568672,-0.06710060168120842,-0.0477934032255217,-0.04473065035043243
1215,True,-0.05240346055116101,-0.07278883118206458,-0.020385370630903572,-0.07043129822004005
1216,True,-0.01892856896690652,-0.04880709736392214,-0.029878528397015623,-0.04207432103401799
1217,True,-0.03496213290854251,-0.06042775685297532,-0.02546562394443281,-0.05623186228792207
1218,True,-0.026679162666716556,-0.06350166457227471,-0.03682250190555816,-0.04458357682101966
1219,True,-0.012064380255370927,-0.0488143193416604,-0.03674993908628948,-0.03316853144897361
1220,True,-0.0443634830344028,-0.07274529027225592,-0.028381807237853114,-0.06165278280245308
1221,True,-0.048784349981131764,-0.06619104741314176,-0.017406697432009996,-0.062130654124425165
1222,True,-0.030316977991803846,-0.0641644004950535,-0.03384742250324965,-0.04975669893087272
1223,True,-0.06848015936098478,-0.07758272255568324,-0.00910256319469846,-0.07678929678682653
1224,True,-0.05114496943039472,-0.07274821052502953,-0.02160324109463481,-0.07034590775782015
1225,True,-0.047687728926868164,-0.06524450391737213,-0.017556774990503968,-0.06493380615466893
1226,True,-0.02534983894416952,-0.06183539925493824,-0.03648556031076872,-0.03918606601942999
1227,True,-0.02718281927300419,-0.061307071319958946,-0.03412425204695475,-0.048648925531636446
1228,True,-0.020878382583529094,-0.056922431929001524,-0.03604404934547243,-0.04277231432575263
1229,True,-0.027079170627486066,-0.04560534152425454,-0.018526170896768477,-0.04388034140260332
1230,True,-0.04676969608387761,-0.06918039512525481,-0.0224106990413772,-0.06421247322017447
1231,True,-0.04523612006320859,-0.06719606830603014,-0.021959948242821554,-0.060233003244629484
1232,True,-0.027607707432407612,-0.057642360960193616,-0.030034653527786004,-0.046789283792354336
1233,True,-0.023370607775877152,-0.05753670079301445,-0.0341660930171373,-0.0452091194275436
1234,True,-0.01811744848378273,-0.05596966821869765,-0.03785221973491492,-0.03824672142413988
1235,True,-0.020146103811318015,-0.047257551417741066,-0.02711144760642305,-0.04167142635303753
1236,True,-0.017892543409363807,-0.056538481204237725,-0.03864593779487392,-0.044428897298226945
1237,True,-0.04146116623653786,-0.05929021332597948,-0.01782904708944162,-0.052923665927562154
1238,True,-0.04384402759677875,-0.04752916408353328,-0.003685136486754531,-0.05556171675641984
1239,True,-0.03741474155319757,-0.06149627129482213,-0.024081529741624558,-0.05339197308230463
1240,True,-0.03802852080889948,-0.06916568915066688,-0.031137168341767406,-0.06347182271369084
1241,True,-0.04951929777747806,-0.06773889078278982,-0.018219593005311757,-0.05634512599232064
1242,True,-0.042721613863530565,-0.06772278741307305,-0.02500117354954249,-0.05206166392951857
1243,True,-0.034995286468601734,-0.04319884318531448,-0.008203556716712745,-0.047455884266304635
1244,True,-0.03901324155996884,-0.05625378409155516,-0.01724054253158632,-0.0606589968981931
1245,True,-0.026528598372351945,-0.06071270550183724,-0.03418410712948529,-0.04403247274190294
1246,True,-0.03412580707192137,-0.060750134333776504,-0.02662432726185513,-0.054024096238600175
1247,True,-0.04954531106578556,-0.07443328919475609,-0.024887978128970527,-0.06950048962153899
1248,True,-0.043288081457689545,-0.06432447237181176,-0.02103639091412221,-0.052826021211561956
1249,True,-0.03772395294266846,-0.07082903858545628,-0.033105085642787815,-0.05764322718565064
1250,True,-0.04172340062796092,-0.06693012036128636,-0.025206719733325438,-0.051171359641590704
1251,True,-0.035110518241266805,-0.05792679791026486,-0.022816279668998053,-0.04969604076917971
1252,True,-0.03399655504351111,-0.05511741518437433,-0.021120860140863222,-0.044749483344088146
1253,True,-0.03300644078284068,-0.06320678405179243,-0.030200343268951754,-0.05368145089482109
1254,True,-0.019690375757011856,-0.05225113239348023,-0.032560756636468374,-0.03313715734238532
1255,True,-0.03745276888281794,-0.06508199519013307,-0.027629226307315125,-0.05787079444823335
1256,True,-0.060498849521063276,-0.08216306453609011,-0.021664215015026834,-0.0804765266170761
1257,True,-0.026618410092024494,-0.06564010105194777,-0.03902169095992328,-0.042476975099898444
1258,True,-0.046941436938256954,-0.07957572612206862,-0.032634289183811664,-0.06985503388702702
1259,True,-0.011722899138168647,-0.05026331854289692,-0.03854041940472828,-0.031514227225946094
1260,True,-0.028205938671704702,-0.06501135131722333,-0.03680541264551862,-0.05346506609855659
1261,True,-0.043666703619537374,-0.0619365236031637,-0.018269819983626326,-0.05999662287208728
1262,True,-0.03760018810633261,-0.05220663690743081,-0.014606448801098203,-0.05096529590220362
1263,True,-0.023265856080512837,-0.048307593907565984,-0.025041737827053146,-0.04755039557810303
1264,True,-0.03629149266328148,-0.06550268804280618,-0.0292111953795247,-0.05261661050607378
1265,True,-0.04183210947266868,-0.07034134545425853,-0.028509235981589852,-0.0551307417616411
1266,True,-0.04750604369659942,-0.06877339113913106,-0.021267347442531635,-0.05766378380811676
1267,True,-0.035652806886932405,-0.06559575043912426,-0.029942943552191854,-0.04580443964372414
1268,True,-0.038056824301918354,-0.0556796645855736,-0.017622840283655246,-0.051027819107219
1269,True,-0.02338536225939579,-0.05164564965896452,-0.028260287399568727,-0.04225173230256
1270,True,-0.0420913276094925,-0.061904458485792034,-0.01981313087629953,-0.06055477992957791
1271,True,-0.01542418219838724,-0.05897227707904931,-0.043548094880662074,-0.03889798355855555
1272,True,-0.046177832867288,-0.06382701020562978,-0.01764917733834178,-0.059373936044770474
1273,True,-0.03947211556933973,-0.06651690670226353,-0.027044791132923796,-0.05804512208836966
1274,True,-0.028187245770057656,-0.054277104906480196,-0.02608985913642254,-0.04298746224860302
1275,True,-0.023673499786042274,-0.05351659800457882,-0.02984309821853655,-0.05240813319585813
1276,True,-0.03854999992655432,-0.07080705102573091,-0.03225705109917659,-0.05959835409820122
1277,True,-0.03946950057526784,-0.06705411101291904,-0.027584610437651202,-0.05198623485760347
1278,True,-0.038520402861504356,-0.06301635928050967,-0.02449595641900531,-0.05668028101337287
1279,True,-0.023029463006519334,-0.05526416011492719,-0.03223469710840786,-0.055873542524998474
1280,True,-0.041843673476224426,-0.07598208833228126,-0.034138414856056835,-0.06205700513945559
1281,True,-0.022522092128140176,-0.05105289336229283,-0.028530801234152654,-0.040680984867504925
1282,True,-0.035610897542562504,-0.06557679071293285,-0.029965893170370343,-0.05244261074219617
1283,True,-0.014422276268052559,-0.042691382080731324,-0.028269105812678767,-0.03422231168130934
1284,True,-0.02827227066162696,-0.04913318388494976,-0.020860913223322803,-0.03917476822276313
1285,True,-0.025138333985602848,-0.05849670351075233,-0.033358369525149485,-0.04910143811401608
1286,True,-0.046425080641298654,-0.05960880379842601,-0.013183723157127354,-0.0647949617352551
1287,True,-0.03358526439515527,-0.05944728040565926,-0.025862016010503988,-0.05669323728984964
1288,True,-0.017576903716898604,-0.05033577831395628,-0.032758874597057674,-0.04158620077662029
1289,True,-0.052173111694107224,-0.06067295210674127,-0.008499840412634047,-0.06880872469337418
1290,True,-0.04734262204268084,-0.0816671185927499,-0.03432449655006906,-0.06336799084721842
1291,True,-0.03202203849872512,-0.06960242230359294,-0.03758038380486782,-0.06426145078204347
1292,True,-0.05814013009064494,-0.0892666313919479,-0.031126501301302963,-0.07264781062499967
1293,True,-0.06510211451618869,-0.07295080367633903,-0.007848689160150343,-0.08342110135498479
1294,True,-0.04186272582027669,-0.06299839525609065,-0.021135669435813957,-0.05583335507543909
1295,True,-0.03520581865656007,-0.050246260461054355,-0.015040441804494285,-0.0559501052351471
1296,True,-0.051546710274976336,-0.06873934879258801,-0.01719263851761168,-0.07346507163185315
1297,True,-0.0409519200126782,-0.07004135873023153,-0.029089438717553324,-0.058105280004506675
1298,True,-0.04465755532884096,-0.0682850275268771,-0.023627472198036133,-0.07681075233076842
1299,True,-0.04051310528294403,-0.06182750125856456,-0.02131439597562053,-0.05659249906513053
1300,True,-0.02973633269692052,-0.05657727100761386,-0.02684093831069334,-0.04436405667111544
1301,True,-0.039133866877584196,-0.07994432449954471,-0.04081045762196051,-0.0520921726418495
1302,True,-0.02538550168298617,-0.05964990593778853,-0.03426440425480236,-0.04790305733119046
1303,True,-0.027062856670269177,-0.05682670669534907,-0.02976385002507989,-0.045557283213829666
1304,True,-0.043025113403931364,-0.06418628620729645,-0.02116117280336509,-0.05615868096741263
1305,True,-0.039163109770098924,-0.07644921205372543,-0.037286102283626506,-0.06006367185876386
1306,True,-0.03158423178420743,-0.06257048207192854,-0.03098625028772111,-0.05268097140921079
1307,True,-0.039676568086656164,-0.06354510734271784,-0.02386853925606168,-0.05800237636318272
1308,True,-0.038918529527265266,-0.05744075698176462,-0.01852222745449935,-0.049544149603847044
1309,True,-0.029374240774585,-0.058955022818792197,-0.029580782044207197,-0.047371908063528624
1310,True,-0.003940551581518353,-0.03502136438158797,-0.031080812800069614,-0.024087042881893093
1311,True,-0.03313931737116248,-0.05391844579689763,-0.02077912842573515,-0.05380201200035721
1312,True,-0.04578481001311929,-0.072052713496312,-0.026267903483192703,-0.05248358569053491
1313,True,-0.01803947950310784,-0.04149616746747066,-0.02345668796436282,-0.04079230195356452
1314,True,-0.03198067277444726,-0.060328923946280304,-0.028348251171833046,-0.04602918571765832
1315,True,-0.030326999760376252,-0.07778706221077504,-0.047460062450398785,-0.047276496052295766
1316,True,-0.039297004338935765,-0.07240080856310206,-0.0331038042241663,-0.04957635803328012
1317,True,-0.05733629615320631,-0.07041092613699564,-0.013074629983789325,-0.0725909470943924
1318,True,-0.05863790137875218,-0.07882022712301315,-0.020182325744260966,-0.07316760674444849
1319,True,-0.039433856072951766,-0.06360310929621173,-0.02416925322325996,-0.060646899526706904
1320,True,-0.04352437498713213,-0.07029302215088809,-0.02676864716375596,-0.05631292334998629
1321,True,-0.030054327228523223,-0.06113457629416967,-0.031080249065646447,-0.045390419356856414
1322,True,-0.039837893497911024,-0.06556572274108399,-0.02572782924317297,-0.05680388015385343
1323,True,-0.021271894436582842,-0.05818536214507633,-0.03691346770849349,-0.033256149543208414
1324,True,-0.04767308138882746,-0.06788667316616502,-0.02021359177733756,-0.05832050598374952
1325,True,-0.06091566122272505,-0.06764072964562654,-0.006725068422901485,-0.0684116627103471
1326,True,-0.04115113122536793,-0.0679317977942541,-0.026780666568886162,-0.05975772583247358
1327,True,-0.02871999781762438,-0.062497047582897224,-0.03377704976527285,-0.049124644445653794
1328,True,-0.020931250854498904,-0.06517790799226057,-0.04424665713776167,-0.04424357976182303
1329,True,-0.03458340308192388,-0.06392807667634906,-0.029344673594425177,-0.044337148626952275
1330,True,-0.02957638356906939,-0.05881449899257397,-0.029238115423504577,-0.049199180915916886
1331,True,-0.04795849345736554,-0.0773693575313851,-0.029410864074019563,-0.0718611033355347
1332,True,-0.03524876206340683,-0.06613899197216709,-0.03089022990876026,-0.05649078713763151
1333,True,-0.06103520471208417,-0.07603544339663938,-0.01500023868455521,-0.07171852537624247
1334,True,-0.02419180499083121,-0.055608432417053294,-0.03141662742622209,-0.050524725313832876
1335,True,-0.03984946061780055,-0.05681820341979883,-0.016968742801998282,-0.05286549894111776
1336,True,-0.02376005011966006,-0.058337103566021876,-0.03457705344636182,-0.04155307497060361
1337,True,-0.03674324567468553,-0.06616082744236194,-0.029417581767676414,-0.058447988075121596
1338,True,-0.05008616729336461,-0.062296356098845415,-0.012210188805480804,-0.065014862553652
1339,True,-0.0328790806552305,-0.057482262023849345,-0.024603181368618846,-0.048827679231791855
1340,True,-0.03732627256637929,-0.06560580941416097,-0.02827953684778168,-0.055306684032532485
1341,True,-0.04248192070553373,-0.05200920183971048,-0.009527281134176752,-0.0486253578007848
1342,True,-0.045087118951862834,-0.058270597716459364,-0.01318347876459653,-0.05773066794171901
1343,True,-0.025855484925686515,-0.04880339222035889,-0.022947907294672377,-0.04618530822499531
1344,True,-0.0401580512159552,-0.07231040168984398,-0.032152350473888786,-0.060288333790847165
1345,True,-0.053571754107724315,-0.07809364257321019,-0.024521888465485878,-0.06720337188419481
1346,True,-0.016283053626921496,-0.06304210619431652,-0.04675905256739503,-0.041827045017521415
1347,True,-0.044211444275910124,-0.07432351395450752,-0.0301120696785974,-0.06640924879046042
1348,True,-0.018201339383830586,-0.05061419094007148,-0.03241285155624089,-0.03991280852683262
1349,True,-0.05059413568831978,-0.06794378112674493,-0.017349645438425147,-0.06909027127880536
1350,True,-0.04239085715597324,-0.056888318032113375,-0.014497460876140136,-0.058120831456551
1351,True,-0.054955159664484186,-0.07919732654282359,-0.024242166878339404,-0.07390173862464426
1352,True,-0.03228500181943288,-0.054766580163512164,-0.02248157834407928,-0.04463545741732022
1353,True,-0.037696079779568,-0.05707828522955375,-0.01938220544998575,-0.05347360527624065
1354,True,-0.03295965413376746,-0.06393792825998636,-0.030978274126218897,-0.04807182008064056
1355,True,-0.047194338739624524,-0.062044735614700565,-0.014850396875076041,-0.07181727811336405
1356,True,-0.039923649142240475,-0.06764641924738224,-0.027722770105141764,-0.05560705434253269
1357,True,-0.05539147298282856,-0.07419816551754295,-0.01880669253471439,-0.07311681416080387
1358,True,-0.04581066873158977,-0.0712568819302419,-0.02544621319865214,-0.06356141836434667
1359,True,-0.031416348365295575,-0.05874170057412257,-0.027325352208826995,-0.04503804244427607
1360,True,-0.04117853106365851,-0.060423821770504836,-0.019245290706846323,-0.05282976680433431
1361,True,-0.028251362114202025,-0.06110615071291736,-0.03285478859871534,-0.0358619054659058
1362,True,-0.021802955445233266,-0.05482186817853721,-0.03301891273330394,-0.039890457577129106
1363,True,-0.016448754055947073,-0.05598067418369441,-0.03953192012774734,-0.031415618232769754
1364,True,-0.0304479143991882,-0.06243981389068317,-0.031991899491494974,-0.04635177220686881
1365,True,-0.016016284266096522,-0.057347388431221,-0.04133110416512448,-0.036974519796902534
1366,True,-0.038732788230646326,-0.06607980574326484,-0.02734701751261852,-0.046208296070074366
1367,True,-0.02915200273670484,-0.06054442009193553,-0.03139241735523069,-0.045553608568877475
1368,True,-0.0310568715535293,-0.05810623708539233,-0.02704936553186303,-0.04376093170942234
1369,True,-0.024904371544812835,-0.05455110733993584,-0.029646735795123003,-0.05588675196577945
1370,True,-0.047922349684142475,-0.0617148937918087,-0.013792544107666227,-0.06020505133021507
1371,True,-0.04208941198575867,-0.06306558245309064,-0.020976170467331974,-0.047438950862433216
1372,True,-0.05724405279404774,-0.07392544463939191,-0.016681391845344166,-0.08154826001929957
1373,True,-0.03843342192828938,-0.06324346813542882,-0.02481004620713944,-0.05778099070943658
1374,True,-0.011168681258192028,-0.052998363638712284,-0.041829682380520254,-0.03458073300355822
1375,True,-0.04328954917398319,-0.06359519273223521,-0.02030564355825202,-0.05850522862416844
1376,True,-0.03160340525848735,-0.06298126108283662,-0.03137785582434927,-0.05711227690296765
1377,True,-0.04981375629478759,-0.06301378621969023,-0.013200029924902636,-0.0623994441505281
1378,True,-0.02738349326865682,-0.07222487923911332,-0.0448413859704565,-0.05246246049105106
1379,True,-0.028108482079919155,-0.053995563841080334,-0.02588708176116118,-0.04364837653386652
1380,True,-0.031920042752063546,-0.07073815135946943,-0.03881810860740588,-0.04894298823194775
1381,True,-0.021300682585553277,-0.06893145770001122,-0.04763077511445794,-0.03815115545411555
1382,True,-0.02238782612722799,-0.04423122943997716,-0.02184340331274917,-0.03266967782406856
1383,True,-0.05098994053356007,-0.0783148182655419,-0.027324877731981834,-0.07249426588345695
1384,True,-0.055649078429735134,-0.07813579982302588,-0.02248672139329074,-0.06600720238009301
1385,True,-0.056155642824543835,-0.07266591098905853,-0.016510268164514695,-0.06032459037351285
1386,True,-0.0217732747476689,-0.06754840608171347,-0.04577513133404457,-0.043283974085911434
1387,True,-0.039450469293113806,-0.06584427425073515,-0.026393804957621343,-0.060797553202364366
1388,True,-0.03026863528369023,-0.055783748494685516,-0.025515113210995286,-0.05177088161164989
1389,True,-0.03176418489606793,-0.05845118091550318,-0.02668699601943525,-0.037043790901766606
1390,True,-0.05108473531486077,-0.07380006992045211,-0.022715334605591345,-0.06949967405679588
1391,True,-0.027300649329495958,-0.055360389951312615,-0.028059740621816657,-0.04234921403943671
1392,True,-0.04618637974020209,-0.060698634828916825,-0.014512255088714739,-0.05251583985508495
1393,True,-0.03867147814514036,-0.06477997693830688,-0.02610849879316652,-0.051007009264538807
1394,True,-0.04985118762634013,-0.0678616746238651,-0.018010486997524965,-0.0674511764722156
1395,True,-0.04768453151138152,-0.07482289583995509,-0.02713836432857357,-0.057648597616978124
1396,True,-0.056543810708499086,-0.06660555710933148,-0.010061746400832398,-0.07598325960976272
1397,True,-0.05041489983782429,-0.06916231906535396,-0.01874741922752967,-0.06848832630947839
1398,True,-0.04153600249062621,-0.060990715447114284,-0.019454712956488075,-0.05953209398425721
1399,True,-0.015868158624374542,-0.05577789765835158,-0.03990973903397704,-0.041912276974355
1400,True,-0.006295977136021253,-0.04403136790688276,-0.03773539077086151,-0.02784825195608533
1401,True,-0.03958878305026917,-0.06789476127618467,-0.028305978225915497,-0.04898102011500281
1402,True,-0.03876729971157177,-0.07970668998031608,-0.040939390268744304,-0.06222534933243685
1403,True,-0.01358968877123185,-0.05392354431287956,-0.04033385554164771,-0.03746557470311883
1404,True,-0.027243214896291498,-0.05978942906387749,-0.03254621416758599,-0.050254701342277365
1405,True,-0.024145628319711773,-0.052239214909695304,-0.02809358658998353,-0.04174968571993025
1406,True,-0.04536430463793343,-0.07062719782603581,-0.025262893188102382,-0.06295237799125876
1407,True,-0.04356331984152995,-0.06558537954047405,-0.0220220596989441,-0.06409587780351295
1408,True,-0.045564161333637526,-0.07261680127115473,-0.027052639937517206,-0.06111434584904639
1409,True,-0.020762062491990498,-0.04423084752842819,-0.02346878503643769,-0.0477218605747228
1410,True,-0.02955628841443175,-0.04865933227590857,-0.019103043861476824,-0.047041455243084965
1411,True,-0.04892015146677129,-0.0719530553744824,-0.023032903907711115,-0.06165123971536338
1412,True,-0.03243470843963507,-0.05720767016742972,-0.024772961727794647,-0.048504283700724786
1413,True,-0.03357626519261666,-0.05450481136638749,-0.02092854617377083,-0.05149272784059523
1414,True,-0.03401776547831872,-0.0710094617065596,-0.036991696228240875,-0.047081588988678674
1415,True,-0.033786754235830094,-0.059357980124677,-0.02557122588884691,-0.05653489759523064
1416,True,-0.05226750533587785,-0.06638580514549876,-0.014118299809620906,-0.06530640880951148
1417,True,-0.03863886545291504,-0.06324148264211214,-0.024602617189197103,-0.0592585417791522
1418,True,-0.036705750652245454,-0.0723135434486062,-0.03560779279636075,-0.045934849600945744
1419,True,-0.04585455803631079,-0.05686957617157696,-0.011015018135266168,-0.05378205814729901
1420,True,-0.035526941841327216,-0.05577843034236109,-0.020251488501033872,-0.05262821495635498
1421,True,-0.03287195000751377,-0.0607671606539315,-0.02789521064641773,-0.04335385541527924
1422,True,-0.057686629426150125,-0.07081303176654531,-0.013126402340395187,-0.08056374592911654
1423,True,-0.04174839317223232,-0.06316001165441712,-0.0214116184821848,-0.0648969591359227
1424,True,-0.049884384914000754,-0.08068965044756383,-0.03080526553356308,-0.07241706090443412
1425,True,-0.037647428479977055,-0.0651127446413267,-0.027465316161349645,-0.05541250805233568
1426,True,-0.05466273828864934,-0.077407494120695,-0.02274475583204566,-0.06961256169105898
1427,True,-0.036834978613986574,-0.05579673650828166,-0.018961757894295085,-0.060901574948007825
1428,True,-0.03118072984900574,-0.05431954102502465,-0.023138811176018906,-0.04346047035958166
1429,True,-0.03599852109457914,-0.06703281073648255,-0.031034289641903412,-0.05871050625310146
1430,True,-0.016326384000293008,-0.06574906547491903,-0.04942268147462602,-0.049167049558318604
1431,True,-0.05354597322309165,-0.06330652319581612,-0.009760549972724464,-0.0686866639632571
1432,True,-0.03374530831173004,-0.0557492252375633,-0.022003916925833263,-0.04566442007051297
1433,True,-0.04646294883062071,-0.06698185100928934,-0.020518902178668634,-0.0547163796013304
1434,True,-0.01732926774409793,-0.059026623698776294,-0.04169735595467836,-0.03591300896791479
1435,True,-0.037297927028394434,-0.059872870542373606,-0.022574943513979172,-0.05611373379144982
1436,True,-0.03714706341658046,-0.05844579939616119,-0.021298735979580728,-0.05416039736629433
1437,True,-0.0538569273468553,-0.06992144869550806,-0.016064521348652765,-0.07259367003209288
1438,True,-0.027355385271645813,-0.055397973198026036,-0.028042587926380223,-0.04637001703624496
1439,True,-0.036347965685651476,-0.06336279325489128,-0.0270148275692398,-0.042324979588007884
1440,True,-0.042825740272559684,-0.05628487535221365,-0.013459135079653968,-0.05243049908997076
1441,True,-0.04741825663194084,-0.07056814600803163,-0.02314988937609079,-0.06763506084153234
1442,True,-0.034286112894814,-0.054384896654408134,-0.020098783759594133,-0.05091701625095001
1443,True,-0.06295835464788892,-0.07214753811414933,-0.009189183466260409,-0.07231486205850754
1444,True,-0.015452167647895422,-0.052637542750013026,-0.037185375102117606,-0.03912135462927747
1445,True,-0.023520891856404224,-0.06042081280736072,-0.0368999209509565,-0.04064077683187763
1446,True,-0.009390719290101152,-0.04614389429687991,-0.03675317500677876,-0.039089412287444586
1447,True,-0.044824910067556664,-0.07655593261352031,-0.03173102254596365,-0.06180018057548254
1448,True,-0.024137979217406458,-0.04400341229895594,-0.019865433081549484,-0.03549539120631976
1449,True,-0.042856989424990895,-0.0649381432937254,-0.0220811538687345,-0.06088481479686482
1450,True,-0.04321170403286535,-0.058728883294751406,-0.015517179261886054,-0.06149891423861184
1451,True,-0.03556702779999956,-0.06305565334159802,-0.027488625541598456,-0.04593641843149202
1452,True,-0.015561902842938841,-0.05776736046763206,-0.04220545762469322,-0.040967659175613284
1453,True,-0.0354155148644558,-0.06546882090878277,-0.030053306044326968,-0.04697559674326722
1454,True,-0.02362673757146345,-0.059205856644922124,-0.035579119073458676,-0.0411890018469295
1455,True,-0.027053617064221634,-0.051584283790975544,-0.02453066672675391,-0.048120907335600184
1456,True,-0.038174228085238654,-0.058567134428362075,-0.02039290634312342,-0.05264107669008324
1457,True,-0.032477187845105136,-0.06185701718209565,-0.029379829336990515,-0.04522621616608294
1458,True,-0.05346998386017965,-0.08166204086860916,-0.028192057008429514,-0.07093809671404193
1459,True,-0.04196046488771186,-0.061387122345612735,-0.019426657457900877,-0.05115553221728654
1460,True,-0.011465775060721033,-0.05060087492459923,-0.0391350998638782,-0.042415056043047496
1461,True,-0.05248383550565271,-0.07441171011230427,-0.021927874606651562,-0.06960859274645505
1462,True,-0.031614939635462254,-0.07113380337225803,-0.03951886373679577,-0.052351630798554344
1463,True,-0.047887052554124766,-0.07100141425769152,-0.023114361703566753,-0.06844583468208328
1464,True,-0.031826078294648945,-0.058394985769833534,-0.02656890747518459,-0.04504590363718512
1465,True,-0.0417230073232102,-0.06179451131539467,-0.02007150399218447,-0.04700347657752144
1466,True,-0.045416559647295074,-0.07052901332620776,-0.025112453678912683,-0.07296826706869591
1467,True,-0.024656470850332558,-0.052891461582570416,-0.02823499073223786,-0.04508710893684618
1468,True,-0.04151097367862581,-0.06280257397369904,-0.02129160029507323,-0.058204801276794095
1469,True,-0.014496833104000854,-0.04913909300630996,-0.03464225990230911,-0.030487711246832215
1470,True,-0.02214233933547165,-0.055708016375852695,-0.03356567704038105,-0.041242972500250046
1471,True,-0.03398775440760388,-0.07158860267033848,-0.0376008482627346,-0.05064353507178132
1472,True,-0.04132381508944508,-0.0661708477015401,-0.02484703261209501,-0.05758375512740557
1473,True,-0.03679997671625408,-0.06185257850126291,-0.02505260178500883,-0.04765762453317126
1474,True,-0.053940136255954216,-0.06739781114834198,-0.013457674892387764,-0.07067122562899723
1475,True,-0.036147653815976385,-0.05881909389514476,-0.022671440079168374,-0.04474247334315265
1476,True,-0.04119573890366399,-0.052518535106587286,-0.011322796202923292,-0.05246197717556223
1477,True,-0.028254181000373208,-0.05378615564401259,-0.02553197464363938,-0.04551307895270737
1478,True,-0.001082982919352099,-0.05154738330575708,-0.050464400386404984,-0.020481007477670905
1479,True,-0.04078615854691923,-0.05904838536709069,-0.018262226820171465,-0.06118310176630161
1480,True,-0.028083115851077294,-0.0604527935082277,-0.0323696776571504,-0.05380942048818924
1481,True,-0.01745894117526806,-0.05819068621294967,-0.04073174503768161,-0.03826409299383956
1482,True,-0.04309616989582056,-0.07073435607163493,-0.027638186175814372,-0.06677548021728784
1483,True,-0.029130993086101578,-0.0676524816152311,-0.038521488529129524,-0.0448129305137955
1484,True,-0.03266060574715465,-0.0614845557208898,-0.02882394997373515,-0.050398754156756945
1485,True,-0.04342738138992219,-0.05536858769292615,-0.011941206303003958,-0.058419438480479986
1486,True,-0.039475541431119844,-0.07705090063619371,-0.03757535920507387,-0.054252636951885126
1487,True,-0.04461140840440938,-0.061308143090587124,-0.016696734686177744,-0.059326174411839024
1488,True,-0.050418213187477114,-0.07637356810077015,-0.02595535491329303,-0.06920663435500671
1489,True,-0.030084310159363106,-0.07015598143538669,-0.04007167127602358,-0.05469608986484449
1490,True,-0.03738206747462288,-0.06765304268675111,-0.03027097521212823,-0.05371715772390763
1491,True,-0.04586288173470331,-0.06760687037589408,-0.021743988641190766,-0.06660531140581159
1492,True,-0.013524114147275647,-0.054446814400318726,-0.04092270025304308,-0.03870314496671992
1493,True,-0.04975418923533467,-0.06949238977609691,-0.019738200540762238,-0.06986049757634591
1494,True,-0.04595183023322061,-0.06469024446121972,-0.018738414227999114,-0.06426244253006434
1495,True,-0.03607491916883552,-0.06893634305341191,-0.03286142388457639,-0.05605614786951342
1496,True,-0.05408109938332119,-0.07755714381956534,-0.023476044436244153,-0.07625337351276434
1497,True,-0.04445082035641896,-0.0717887988006508,-0.027337978444231838,-0.049139834279582156
1498,True,-0.03952703547124052,-0.06943623259978503,-0.029909197128544507,-0.054286090584342396
1499,True,-0.0322742619105101,-0.04831620097044578,-0.01604193905993568,-0.0545090989171885
1500,True,-0.03738299010369272,-0.05717911236636285,-0.019796122262670128,-0.050667110610097536
1501,True,-0.018341541145950737,-0.05114085671250764,-0.03279931556655691,-0.03478270372851786
1502,True,-0.009699351818627232,-0.05780326963811237,-0.04810391781948514,-0.03628106658479677
1503,True,-0.026409123056425853,-0.045676826326675704,-0.01926770327024985,-0.03803561620293869
1504,True,-0.03766448672602009,-0.057408475894019234,-0.019743989167999146,-0.04874784605348923
1505,True,-0.043791509646751665,-0.06840711514967904,-0.024615605502927372,-0.06448702928235527
1506,True,-0.046946241270094086,-0.06948015267189901,-0.022533911401804926,-0.06327183390546598
1507,True,-0.05474573611402588,-0.06959632982633307,-0.014850593712307188,-0.08074311190151645
1508,True,-0.049770658149246305,-0.08247438049752255,-0.032703722348276246,-0.074636434723768
1509,True,-0.04833966992251529,-0.0690200722619852,-0.02068040233946991,-0.060363137416848435
1510,True,-0.019387630416746144,-0.05738562930568546,-0.037997998888939316,-0.0464507835574014
1511,True,-0.04347783474195068,-0.06152427569211163,-0.018046440950160947,-0.062165889141582255
1512,True,-0.04692779066230504,-0.06328358383236957,-0.016355793170064525,-0.05956553993839786
1513,True,-0.04547743528066768,-0.0668056731221969,-0.02132823784152922,-0.06637181743603111
1514,True,-0.03823103795316432,-0.0707689510180459,-0.032537913064881574,-0.05561774178926412
1515,True,-0.04670936382060545,-0.07638213895556195,-0.029672775134956503,-0.06526052648154751
1516,True,-0.02182900102048125,-0.06422989670810528,-0.04240089568762403,-0.0412826964838665
1517,True,-0.02839933043867832,-0.06410300496981292,-0.0357036745311346,-0.04000680483648734
1518,True,-0.04384471726338125,-0.061245151785385296,-0.017400434522004044,-0.06636754141048413
1519,True,-0.04966451139241411,-0.07486404820711222,-0.02519953681469811,-0.06662629384032769
1520,True,-0.015339257719714077,-0.04948962116885799,-0.03415036344914391,-0.03105126502061398
1521,True,-0.05267287511550022,-0.07755004904969942,-0.0248771739341992,-0.06763699497281958
1522,True,-0.026589676077515147,-0.06276526216682131,-0.03617558608930616,-0.04649685542383334
1523,True,-0.049471037444080226,-0.06862100600548957,-0.01914996856140934,-0.07264988456266083
1524,True,-0.021838411857642844,-0.06626607790303277,-0.04442766604538992,-0.04857798787305656
1525,True,-0.0573147705527743,-0.07408111630113061,-0.01676634574835631,-0.06944846580451737
1526,True,-0.02834512127199995,-0.05333976280088515,-0.024994641528885198,-0.055861352096616156
1527,True,-0.014084000039605131,-0.055247211985722994,-0.04116321194611786,-0.03592297618966745
1528,True,-0.0314457565125998,-0.06329642785563502,-0.03185067134303522,-0.042173820447564216
1529,True,-0.05313620572059678,-0.07056522955542915,-0.01742902383483237,-0.06926348754398484
1530,True,-0.05018490838562899,-0.07400712412597202,-0.02382221574034303,-0.06226485556318898
1531,True,-0.04348841126509187,-0.06524440863342085,-0.021755997368328978,-0.05118108847182431
1532,True,-0.05410817894662882,-0.0761544097195975,-0.022046230772968682,-0.06709290614182578
1533,True,-0.030080966634531296,-0.0548344095025293,-0.024753442867998,-0.05098413558221022
1534,True,-0.011586023937714017,-0.05657273947351329,-0.04498671553579927,-0.03874391163373807
1535,True,-0.018636746867019542,-0.040893388632061774,-0.02225664176504223,-0.023382226150608906
1536,True,-0.051191366723648844,-0.072757213109124,-0.02156584638547516,-0.06217149779547819
1537,True,-0.0658774555155384,-0.07898409490540176,-0.013106639389863353,-0.07490515338615149
1538,True,-0.05323644377093951,-0.06232703291706534,-0.00909058914612583,-0.07138500102773708
1539,True,-0.02731998132371296,-0.07294749231245448,-0.04562751098874152,-0.04381709838919304
1540,True,-0.04325440825277025,-0.06239909933658964,-0.019144691083819387,-0.05759812008137092
1541,True,-0.04536172832439014,-0.06505316516541698,-0.019691436841026845,-0.058033533325803764
1542,True,-0.0487226032565574,-0.06427211303527301,-0.015549509778715616,-0.05883606046227693
1543,True,-0.04876862013258505,-0.07273990764702458,-0.023971287514439527,-0.07414116288351306
1544,True,-0.038924196722254764,-0.06131609657602909,-0.02239189985377433,-0.05866920768295921
1545,True,-0.03925927279283838,-0.06002198455894059,-0.020762711766102206,-0.059811648412388875
1546,True,-0.04754470062721288,-0.06146165707318808,-0.013916956445975202,-0.060794300640818234
1547,True,-0.05593063081095185,-0.07284053138989721,-0.016909900578945362,-0.08622882451443957
1548,True,-0.04937105748371522,-0.06611953620294804,-0.016748478719232823,-0.0701778498906223
1549,True,-0.03839070194793462,-0.06610961362827424,-0.027718911680339617,-0.047510448752372085
1550,True,-0.05845464347675486,-0.08450880691349516,-0.026054163436740302,-0.06287814504845539
1551,True,-0.03450208276858824,-0.07020336173039657,-0.03570127896180833,-0.05578020537203868
1552,True,-0.04860622629014178,-0.07697730761886033,-0.028371081328718552,-0.06129672188030721
1553,True,-0.055577104372621686,-0.07297648504484254,-0.017399380672220854,-0.06755194995532658
1554,True,-0.0400295444064717,-0.05723161118344036,-0.017202066776968665,-0.05296121538985344
1555,True,-0.051820532967477725,-0.07593289500418744,-0.024112362036709717,-0.06129655994939744
1556,True,-0.02395803854343053,-0.06792041878820651,-0.04396238024477598,-0.05036625654139261
1557,True,-0.014191891899446168,-0.044573547259648315,-0.030381655360202146,-0.034363603460491846
1558,True,-0.046491108968176015,-0.07604789712486122,-0.029556788156685207,-0.05898713788033258
1559,True,-0.05008151326154594,-0.06992114193949214,-0.019839628677946204,-0.06802973387474316
1560,True,-0.025632428484907432,-0.06519661012857098,-0.03956418164366354,-0.05373536454317096
1561,True,-0.0429526746537707,-0.0783944632962745,-0.0354417886425038,-0.05978322147972269
1562,True,-0.024285015348544273,-0.06207219494201892,-0.03778717959347465,-0.045429559096943684
1563,True,-0.031282981076579744,-0.0637759662978023,-0.032492985221222556,-0.056670089902470785
1564,True,-0.05601006110015964,-0.0826620025445567,-0.026651941444397066,-0.06896480391605367
1565,True,-0.05222353371205142,-0.08725783924292597,-0.035034305530874554,-0.06583673577915483
1566,True,-0.031177998985373774,-0.05304404347721977,-0.021866044491845996,-0.04764753444700038
1567,True,-0.053562688540902965,-0.07132474144487153,-0.01776205290396856,-0.07713976969696491
1568,True,-0.055965221575853215,-0.07797337588386942,-0.022008154308016205,-0.07404864223855254
1569,True,-0.04613851134358109,-0.0659406839881591,-0.01980217264457801,-0.06324064950132756
1570,True,-0.04341075864878254,-0.061837789801677506,-0.018427031152894964,-0.0582360852322812
1571,True,-0.02603563210264194,-0.058779720623287596,-0.032744088520645656,-0.04535769510544937
1572,True,-0.03765203799986973,-0.06024015454816167,-0.022588116548291945,-0.0582853536269549
1573,True,-0.032130761022897296,-0.06135047959395939,-0.029219718571062092,-0.04321605581967457
1574,True,-0.008923813159753099,-0.052104933663794054,-0.04318112050404095,-0.029398346979971367
1575,True,-0.05983767442387991,-0.07256700813135385,-0.012729333707473936,-0.07286328877258767
1576,True,-0.04728396249311443,-0.0742751281545916,-0.02699116566147717,-0.0623580181558052
1577,True,-0.06015836664507069,-0.0742960040924236,-0.014137637447352906,-0.06886046770612618
1578,True,-0.05219205322197722,-0.07490457833366834,-0.02271252511169112,-0.0713073236721482
1579,True,-0.028124139540046326,-0.05693020267092774,-0.028806063130881417,-0.048843164690505515
1580,True,-0.03076606151935901,-0.0486161817566607,-0.01785012023730169,-0.052748274283126624
1581,True,-0.04661743132979138,-0.056710060439185375,-0.010092629109393993,-0.06040669509768623
1582,True,-0.02806088101791683,-0.05676062860924499,-0.028699747591328158,-0.04528723668578945
1583,True,-0.022341727991655902,-0.05269346303533284,-0.030351735043676935,-0.03507611979535176
1584,True,-0.01733332196082778,-0.05786950374558109,-0.04053618178475331,-0.0355367656722071
1585,True,-0.017074400569283835,-0.048775688578166526,-0.031701288008882694,-0.032504931381763295
1586,True,-0.034111934402910854,-0.06091021615160854,-0.026798281748697687,-0.05158854870647938
1587,True,-0.025961129796476166,-0.05970016277653145,-0.03373903298005529,-0.04885314845730711
1588,True,-0.03712374129423506,-0.06726904720549384,-0.03014530591125878,-0.0619404910747522
1589,True,-0.034380884747287725,-0.062106062899765536,-0.02772517815247781,-0.05103047168870179
1590,True,-0.0441721012524636,-0.07149837175270596,-0.02732627050024236,-0.060875990468010864
1591,True,-0.027797443618019006,-0.05674582028851642,-0.028948376670497416,-0.04303747920299421
1592,True,-0.05091892968027812,-0.0752912712522615,-0.024372341571983376,-0.07103056634483718
1593,True,-0.036940814849851754,-0.06649694513462344,-0.029556130284771685,-0.0538703251003021
1594,True,-0.05143977373508087,-0.05630126822261842,-0.004861494487537546,-0.05277185313521053
1595,True,-0.04842325694861162,-0.07035690508826255,-0.02193364813965093,-0.06755161066054707
1596,True,-0.04349398193267654,-0.05922989216697717,-0.015735910234300626,-0.06752146004553765
1597,True,-0.04274605914537252,-0.07885751251120597,-0.03611145336583345,-0.06396920538265129
1598,True,-0.034638845624712186,-0.05929810094110572,-0.024659255316393534,-0.05167665224578675
1599,True,-0.022389628334778342,-0.04853919286547704,-0.026149564530698697,-0.039573202789171404
1600,True,-0.029284634651968146,-0.05442927874694935,-0.0251446440949812,-0.04700930966110251
1601,True,-0.049675015343502035,-0.07582558201403865,-0.026150566670536612,-0.05799254078566913
1602,True,-0.028078721593314218,-0.05541919297396401,-0.027340471380649795,-0.05213265444379382
1603,True,-0.03886975754195556,-0.05530178403740125,-0.016432026495445687,-0.055107316379631316
1604,True,-0.042422021959613275,-0.08533699087287003,-0.04291496891325675,-0.06437544057415104
1605,True,-0.033925763570630915,-0.06529519566638427,-0.03136943209575335,-0.05014637663225401
1606,True,-0.02102200449490943,-0.05262500694312345,-0.03160300244821402,-0.039044089932298284
1607,True,-0.04668299236566099,-0.06636917625314,-0.01968618388747901,-0.07360651587931714
1608,True,-0.06567497575613701,-0.0733716462680145,-0.0076966705118774875,-0.08097352643009285
1609,True,-0.05648854987865788,-0.07556357927768037,-0.01907502939902249,-0.07415896471977151
1610,True,-0.0066164851406580035,-0.04319413316839316,-0.03657764802773516,-0.023923264013513933
1611,True,-0.045520973692785516,-0.07357713920780204,-0.028056165515016523,-0.05880232363515357
1612,True,-0.04558260653867639,-0.06488150279877056,-0.019298896260094164,-0.06806617494005733
1613,True,-0.02554341418311463,-0.05658179331087545,-0.031038379127760817,-0.04201665214103157
1614,True,-0.031826791407520844,-0.06042591794807235,-0.02859912654055151,-0.0506977659271453
1615,True,-0.03351799696248092,-0.05726645788593747,-0.023748460923456546,-0.051272760824076564
1616,True,-0.04557130553231155,-0.06264018892502196,-0.017068883392710413,-0.06302927790264362
1617,True,-0.03945531964470724,-0.07267243605244009,-0.033217116407732845,-0.0654223053438243
1618,True,-0.036307567259627936,-0.07244202865739377,-0.036134461397765834,-0.04852890596037955
1619,True,-0.034665583844389065,-0.04841040333272565,-0.013744819488336585,-0.04337259580192622
1620,True,-0.06632027924147463,-0.07537355284145024,-0.009053273599975611,-0.08380840542998357
1621,True,-0.05424396962280012,-0.0666382546997785,-0.012394285076978387,-0.07103110734188886
1622,True,-0.03894352550584989,-0.06484113029289751,-0.02589760478704762,-0.06252152860831711
1623,True,-0.030864177766309186,-0.06286343716822987,-0.03199925940192068,-0.042130892308428154
1624,True,-0.043552918809069134,-0.06087762998918357,-0.017324711180114437,-0.06657637525798517
1625,True,-0.025251925190479117,-0.05719956784817781,-0.0319476426576987,-0.0462505397126536
1626,True,-0.06946259212644242,-0.0753925793180242,-0.00592998719158179,-0.07937192717992865
1627,True,-0.05788224687558607,-0.07665281239471057,-0.018770565519124503,-0.07018372510941934
1628,True,-0.07293994381177876,-0.08740576673313413,-0.01446582292135537,-0.08840289956941286
1629,True,-0.044273747262258044,-0.0735804988426534,-0.029306751580395356,-0.05765108865811338
1630,True,-0.02871541822407812,-0.05151099844593769,-0.02279558022185957,-0.04806361020926273
1631,True,-0.008479280496409135,-0.056757956379158384,-0.04827867588274925,-0.035634937098272285
1632,True,-0.04095621912683248,-0.07576775941268356,-0.03481154028585108,-0.053617260081424555
1633,True,-0.040674854305204816,-0.06717048122982733,-0.026495626924622512,-0.05793069210169318
1634,True,-0.041440602205725194,-0.0627835404093005,-0.0213429382035753,-0.06099255334795391
1635,True,-0.05854265656668373,-0.07546832106828558,-0.016925664501601843,-0.07218419291905227
1636,True,-0.04322380151049636,-0.07664262603719983,-0.03341882452670347,-0.061944736276915977
1637,True,-0.0444163047723414,-0.06424744399507837,-0.019831139222736965,-0.06352581313863821
1638,True,-0.04400710924092578,-0.07073386056662676,-0.026726751325700973,-0.05873162232059994
1639,True,-0.04215140631661707,-0.05854731361381113,-0.016395907297194062,-0.06320923490533717
1640,True,-0.051557765769665434,-0.06768695088183924,-0.016129185112173802,-0.058295983120167975
1641,True,-0.04515550862963415,-0.06620250533907521,-0.02104699670944106,-0.06190432435089372
1642,True,-0.021125540605546052,-0.049791987267039366,-0.028666446661493313,-0.035119273804124926
1643,True,-0.052795572151515084,-0.07024364434077797,-0.017448072189262885,-0.06570739400891062
1644,True,-0.04786869015457771,-0.060027669892900856,-0.012158979738323146,-0.06477116284542658
1645,True,-0.03614161997395667,-0.06121574647170305,-0.02507412649774638,-0.05638504296216295
1646,True,-0.04382878843543351,-0.06366976732297974,-0.019840978887546233,-0.05869761769765753
1647,True,-0.03840358480226833,-0.06759723147099271,-0.029193646668724378,-0.047575046117071196
1648,True,-0.028259226469090973,-0.053182220851295654,-0.02492299438220468,-0.042277399328433815
1649,True,-0.038198109577578694,-0.06627922589719384,-0.02808111631961515,-0.0658062130530876
1650,True,-0.043981817127596426,-0.05848679336074247,-0.014504976233146047,-0.06260732212738013
1651,True,-0.017994047409684917,-0.043973580468312054,-0.025979533058627137,-0.03860339901141396
1652,True,-0.04902733941243798,-0.07352672377963833,-0.024499384367200346,-0.06114839412305485
1653,True,-0.03144313795203364,-0.056752083094602154,-0.025308945142568512,-0.045047370416356855
1654,True,-0.02915745650596084,-0.06363925489918579,-0.03448179839322495,-0.047087642654091974
1655,True,-0.04284939353950265,-0.0720450232135863,-0.02919562967408365,-0.05513043934767782
1656,True,-0.05210584708125943,-0.0770731285815978,-0.024967281500338376,-0.06312336619801205
1657,True,-0.030717218416447103,-0.064334603729597,-0.033617385313149895,-0.047482729262272975
1658,True,-0.04828093445210894,-0.06405416540217836,-0.015773230950069418,-0.06579914732300494
1659,True,-0.02289400944283694,-0.0493419297750826,-0.02644792033224566,-0.04589486019683104
1660,True,-0.029699760232312647,-0.0627071388541787,-0.03300737862186605,-0.04862141117051989
1661,True,-0.05112500326152143,-0.07154908230952928,-0.020424079048007845,-0.07005158645275138
1662,True,-0.0584292660345097,-0.07133212790358462,-0.012902861869074918,-0.07683025561579107
1663,True,-0.03006627919181259,-0.06658422969187583,-0.036517950500063234,-0.04584320458845858
1664,True,-0.048636264490657874,-0.0754394752409509,-0.02680321075029303,-0.06870402013629112
1665,True,-0.02845695423092421,-0.06123839817180021,-0.032781443940876,-0.03798214505991835
1666,True,-0.05972269749196091,-0.07050648342820787,-0.010783785936246959,-0.0694978012623149
1667,True,-0.02208833826372929,-0.06768755541370487,-0.045599217149975585,-0.042920170100117526
1668,True,-0.019996330934398298,-0.05255465803718012,-0.03255832710278182,-0.0438283219358223
1669,True,-0.056417103939622584,-0.07116396580283516,-0.01474686186321257,-0.07002471093249953
1670,True,-0.023422248411464935,-0.05697741376035956,-0.03355516534889462,-0.038084112952861855
1671,True,-0.0313772336934171,-0.05453725687901693,-0.02316002318559983,-0.05513622359592854
1672,True,-0.028832734620027178,-0.0599500098524007,-0.03111727523237352,-0.04328239747660633
1673,True,-0.048018880627932956,-0.07647092170142424,-0.02845204107349128,-0.06978006781667445
1674,True,-0.04152792167131107,-0.05825963798665647,-0.016731716315345396,-0.05006396894603979
1675,True,-0.019638957477892866,-0.05879429057449936,-0.03915533309660649,-0.033136586417691155
1676,True,-0.013513542400622526,-0.05166741414199906,-0.038153871741376535,-0.034413766423414496
1677,True,-0.036998737929606486,-0.06685347350224559,-0.029854735572639103,-0.04905799645365373
1678,True,-0.04596453775932055,-0.07294839255781776,-0.026983854798497214,-0.06258099366597562
1679,True,-0.040801120666509136,-0.07121595613825016,-0.030414835471741022,-0.059324061724417405
1680,True,-0.056822115151330004,-0.07248651568851756,-0.01566440053718756,-0.07270377206755362
1681,True,-0.043913816429786076,-0.0713263879762593,-0.027412571546473224,-0.057869536928685385
1682,True,-0.04996434143495702,-0.07944929029796785,-0.029484948863010833,-0.06392553577254506
1683,True,-0.057083315926527795,-0.08652610792141148,-0.029442791994883685,-0.06958784761807134
1684,True,-0.03765669278061435,-0.07524112971914351,-0.03758443693852916,-0.057387403893059886
1685,True,-0.04908067523219141,-0.06373304115519471,-0.0146523659230033,-0.0684131225633294
1686,True,-0.031131375843005873,-0.06629410834207841,-0.035162732499072535,-0.04751776005952633
1687,True,-0.017537656577897277,-0.0575444822679945,-0.040006825690097225,-0.0333342321136655
1688,True,-0.045702385193588754,-0.06665482920928308,-0.02095244401569432,-0.05048123785073149
1689,True,-0.03259591656706665,-0.0673955955308349,-0.03479967896376825,-0.05517134858333909
1690,True,-0.04702704356007047,-0.07407092491797451,-0.027043881357904045,-0.06573666973010545
1691,True,-0.04747305510622227,-0.07754163637269805,-0.030068581266475783,-0.07123812475960055
1692,True,-0.04655241520767139,-0.0686584774438688,-0.02210606223619741,-0.06585429856468207
1693,True,-0.014188623872803518,-0.05741532084163016,-0.04322669696882664,-0.033600404059375304
1694,True,-0.041757699494808224,-0.061294822114343554,-0.01953712261953533,-0.0536346573803652
1695,True,-0.021801962968003175,-0.055323127337163505,-0.03352116436916033,-0.040442315502896474
1696,True,-0.025271302968698728,-0.06522416493362301,-0.039952861964924286,-0.044225410069591825
1697,True,-0.042180264622478654,-0.05571818330633689,-0.013537918683858237,-0.05314387341129676
1698,True,-0.041100424214923,-0.06951684393605083,-0.02841641972112783,-0.06195417810256186
1699,True,-0.02522175688132232,-0.05799025406422628,-0.03276849718290396,-0.03767089961725508
1700,True,-0.04624772483650815,-0.06580219459752029,-0.01955446976101214,-0.06077189765480963
1701,True,-0.030901742838215004,-0.05064658837269403,-0.019744845534479024,-0.05121492868348866
1702,True,-0.025332301299418117,-0.05361007240504838,-0.02827777110563026,-0.04006146220555018
1703,True,-0.045487512154624175,-0.07401203076241082,-0.028524518607786646,-0.060679488956595855
1704,True,-0.04898953503944275,-0.05871158207292016,-0.009722047033477413,-0.06121081420298839
1705,True,-0.04990459328224358,-0.0730697668440888,-0.023165173561845213,-0.0634236603165527
1706,True,-0.03856429921972107,-0.05464008229870882,-0.01607578307898775,-0.05717386524532068
1707,True,-0.033161520455207295,-0.061507689993579674,-0.02834616953837238,-0.047552935165039
1708,True,-0.03217588881635925,-0.054880102617641244,-0.022704213801281993,-0.05405397667052726
1709,True,-0.046907773914746806,-0.06826602615372367,-0.02135825223897686,-0.05814807902776315
1710,True,-0.03386164047608097,-0.05706019414692883,-0.02319855367084786,-0.04686217499429087
1711,True,-0.0405663917833051,-0.06369446137493658,-0.023128069591631474,-0.04849289447327213
1712,True,-0.057147323626134304,-0.08268179986422863,-0.02553447623809433,-0.06680326598579714
1713,True,-0.05019649322643889,-0.07517459551833645,-0.024978102291897564,-0.057584655632020906
1714,True,-0.04481675694355076,-0.07545038990373833,-0.03063363296018757,-0.05457365753058163
1715,True,-0.04780736778141178,-0.06911502127262198,-0.0213076534912102,-0.06575202342391444
1716,True,-0.0320621741819052,-0.06908338243203853,-0.03702120825013333,-0.050962790740764354
1717,True,-0.05125168641903091,-0.07574685137317355,-0.02449516495414264,-0.0799991728070276
1718,True,-0.05518574903214248,-0.06098269640322382,-0.005796947371081336,-0.07776592854896476
1719,True,-0.03624429388546356,-0.05983090883445733,-0.02358661494899377,-0.058216576270808014
1720,True,-0.04235266275499881,-0.0650530145399805,-0.022700351784981684,-0.05496043599318458
1721,True,-0.04146502323033848,-0.07464583489239146,-0.03318081166205298,-0.056854589361201816
1722,True,-0.056337157501418454,-0.06628473602467429,-0.009947578523255833,-0.06643242278788478
1723,True,-0.043793939469044786,-0.06148242558664211,-0.017688486117597324,-0.06224891535763488
1724,True,-0.032946344067527965,-0.06133166806831162,-0.028385324000783654,-0.045667729268286134
1725,True,-0.032100885324120185,-0.053370693211475966,-0.02126980788735578,-0.04592404910972963
1726,True,-0.030760509614612876,-0.04978918791516304,-0.019028678300550165,-0.044120210933854244
1727,True,-0.02872544592207601,-0.05690211878567007,-0.02817667286359406,-0.0462529117639491
1728,True,-0.0518333184282367,-0.0637198767650736,-0.011886558336836897,-0.060083499345976885
1729,True,-0.03547903249755931,-0.07439952611154396,-0.038920493613984655,-0.05600660430121234
1730,True,-0.034703662540025285,-0.059732447473833175,-0.02502878493380789,-0.054213134230338085
1731,True,-0.051674418868123274,-0.06874974987533383,-0.017075331007210558,-0.06481071964530678
1732,True,-0.03543024753137013,-0.06263382613016506,-0.02720357859879493,-0.059572517588708566
1733,True,-0.05550480936514456,-0.06980915296613195,-0.014304343600987389,-0.07131560669254018
1734,True,-0.03323745331975356,-0.04824227699446625,-0.015004823674712696,-0.049172956585977194
1735,True,-0.043171195833810856,-0.06161237331887308,-0.018441177485062223,-0.0566817187976609
1736,True,-0.027275854493503112,-0.06053532953321057,-0.033259475039707456,-0.040473172163176606
1737,True,-0.03889630494228913,-0.06551390230393896,-0.026617597361649828,-0.054663850480110805
1738,True,-0.05155770508170168,-0.08255531514623518,-0.0309976100645335,-0.06256569192436062
1739,True,-0.029532033691873252,-0.053687268125008146,-0.024155234433134894,-0.04246836007215545
1740,True,-0.05446751796438989,-0.08418277050437387,-0.02971525253998398,-0.06334400539593216
1741,True,-0.0320539795449175,-0.062103516656765584,-0.03004953711184808,-0.046480285328358566
1742,True,-0.03084308083456105,-0.06095880388674459,-0.030115723052183543,-0.05232835113987345
1743,True,-0.02851767875710547,-0.05471952144200476,-0.02620184268489929,-0.047132926308641236
1744,True,-0.04822274183114181,-0.08233948723134708,-0.034116745400205276,-0.06371771404155493
1745,True,-0.057170884119622095,-0.07939916783770894,-0.02222828371808684,-0.07143987851546905
1746,True,-0.040444869514609016,-0.059331920194179974,-0.018887050679570958,-0.06620521192206405
1747,True,-0.04131097143255385,-0.05905810008287989,-0.017747128650326044,-0.057564258772889794
1748,True,-0.02586101377993711,-0.06226428331706799,-0.036403269537130876,-0.05224276114319203
1749,True,-0.03733339062363995,-0.05471611977830171,-0.017382729154661755,-0.058185190861364616
1750,True,-0.033608039435024245,-0.05104740957079016,-0.017439370135765915,-0.0531635966873488
1751,True,-0.03841566311253655,-0.06529230416540446,-0.02687664105286791,-0.07017810019141403
1752,True,-0.05431704320785703,-0.06851565713810943,-0.014198613930252402,-0.06357074603101105
1753,True,-0.04621777745693527,-0.07844927894346079,-0.032231501486525524,-0.06224233063178001
1754,True,-0.013879273594781921,-0.052574186425929856,-0.03869491283114793,-0.032755921542609236
1755,True,-0.03468505554893301,-0.05251533869147736,-0.017830283142544354,-0.038285539866024204
1756,True,-0.0378036974701944,-0.06494885018877632,-0.027145152718581915,-0.0549682435223452
1757,True,-0.029653841570279334,-0.05140198540724674,-0.021748143836967406,-0.05043216921775215
1758,True,-0.05717023241479205,-0.07568114307231952,-0.01851091065752747,-0.08325365628715857
1759,True,-0.04537309678210898,-0.08175760353001273,-0.03638450674790374,-0.06671341442079984
1760,True,-0.030670243233256653,-0.0546942358562401,-0.024023992622983447,-0.05374306463773727
1761,True,-0.0503678885976562,-0.0677652204315923,-0.017397331833936103,-0.0668024010345763
1762,True,-0.06602903124829047,-0.07395268583073139,-0.007923654582440917,-0.0750662404287637
1763,True,-0.04580959332251176,-0.06081645444976435,-0.015006861127252587,-0.06042852220866435
1764,True,-0.02329573337919213,-0.0460089175417902,-0.022713184162598068,-0.037361769365653226
1765,True,-0.03957618796944358,-0.06052027714631556,-0.02094408917687198,-0.04547339412297105
1766,True,-0.03209628240212314,-0.0684268543159303,-0.03633057191380717,-0.05429215436284705
1767,True,-0.03754068706322862,-0.06524648461425117,-0.02770579755102255,-0.05411541596951904
1768,True,-0.032419997472381036,-0.053724199532038774,-0.02130420205965774,-0.056860212390609614
1769,True,-0.0642828466345379,-0.08103578934362282,-0.016752942709084923,-0.0811199361082066
1770,True,-0.03342082906770509,-0.07593021347089475,-0.04250938440318966,-0.06237377951639575
1771,True,-0.02766040034391933,-0.05266554817758518,-0.025005147833665854,-0.046809453367991326
1772,True,-0.05907265234336764,-0.08781220321724968,-0.02873955087388204,-0.07353631281110956
1773,True,-0.031164674479826633,-0.04978110005862681,-0.018616425578800173,-0.05103200671747674
1774,True,-0.044433775065197426,-0.061029226783699854,-0.01659545171850243,-0.05273934802466382
1775,True,-0.038571983118314876,-0.0616309519796997,-0.023058968861384824,-0.05506047910891126
1776,True,-0.047175890790053875,-0.06281344632949386,-0.015637555539439983,-0.06064451575687884
1777,True,-0.042798377337343214,-0.06706434172237544,-0.024265964385032222,-0.06444543138404918
1778,True,-0.04513424395518691,-0.0690465146798938,-0.023912270724706884,-0.055766727210749954
1779,True,-0.017121214283218094,-0.054721428078123094,-0.037600213794904996,-0.04025319503289199
1780,True,-0.038435355668789084,-0.0606962526379996,-0.022260896969210513,-0.05714428629536938
1781,True,-0.05234928485345462,-0.07532679914677792,-0.0229775142933233,-0.06611103002422856
1782,True,-0.032743691217516774,-0.05437648046664552,-0.021632789249128745,-0.039277459923937635
1783,True,-0.028574179680493212,-0.05345973661770241,-0.0248855569372092,-0.05186229704300526
1784,True,-0.03851906300766195,-0.049555784037453136,-0.01103672102979119,-0.04795510071731805
1785,True,-0.059041222317065094,-0.07356347580665207,-0.014522253489586974,-0.07629982870513649
1786,True,-0.03943452924877523,-0.05315292728023797,-0.013718398031462735,-0.041201877561305666
1787,True,-0.022844413072466905,-0.05147452180655857,-0.028630108734091667,-0.03468362226589187
1788,True,-0.017647795893129047,-0.056502013781419835,-0.038854217888290785,-0.03254849548818487
1789,True,-0.028597173013398598,-0.06089928558875963,-0.03230211257536103,-0.03978310645798867
1790,True,-0.03306370865854525,-0.07049521831155946,-0.03743150965301421,-0.045551908782580065
1791,True,-0.022197456691641075,-0.052452042657706345,-0.03025458596606527,-0.03881056950431648
1792,True,-0.025988219658902564,-0.0629220018397962,-0.03693378218089363,-0.04604751137568657
1793,True,-0.048648131960145266,-0.08489727126786609,-0.03624913930772082,-0.06485467165996361
1794,True,-0.02892820608634604,-0.06175898687115402,-0.03283078078480798,-0.05077596900219088
1795,True,-0.036979422790349006,-0.0639183238490916,-0.026938901058742595,-0.06348298783853205
1796,True,-0.053967354400511966,-0.07244927512741343,-0.01848192072690147,-0.061155228064159996
1797,True,-0.020600846693544617,-0.0463014846979235,-0.025700638004378884,-0.0403712992405224
1798,True,-0.03488274094963539,-0.07225552813768198,-0.03737278718804659,-0.05138338875819482
1799,True,-0.03638801955323253,-0.06330375539201152,-0.026915735838778994,-0.04622141647330164
1800,True,-0.04633676372649809,-0.07917524557412152,-0.03283848184762343,-0.07510568999328125
1801,True,-0.03957641239340127,-0.07791706123137258,-0.038340648837971315,-0.06149566212545556
1802,True,-0.03102008834249818,-0.0681727211497438,-0.03715263280724562,-0.04843572786446463
1803,True,-0.01130744278553162,-0.052591294024183735,-0.041283851238652115,-0.037210784357414074
1804,True,-0.051036302300099715,-0.07762777363065515,-0.026591471330555436,-0.07010705053431036
1805,True,-0.025110026120164757,-0.047434812022087776,-0.02232478590192302,-0.042376659293384036
1806,True,-0.03722425539997142,-0.06244038280663518,-0.025216127406663756,-0.0577346596916972
1807,True,-0.05682362776284881,-0.06949208177010167,-0.01266845400725286,-0.07191581242584613
1808,True,-0.024097634893783346,-0.0532055509486975,-0.029107916054914154,-0.04650475507580938
1809,True,-0.04789282509241049,-0.06061441909649369,-0.012721594004083202,-0.07493006321067115
1810,True,-0.03488275169426699,-0.07008196997407437,-0.03519921827980738,-0.05302819394218807
1811,True,-0.043335163566196905,-0.06624130054973405,-0.022906136983537148,-0.05816289522380021
1812,True,-0.0478541710793432,-0.07582327739304683,-0.027969106313703626,-0.07442829987175077
1813,True,-0.042052680239328025,-0.059084014730077995,-0.01703133449074997,-0.059214974321876605
1814,True,-0.048643279544112704,-0.06334205505014531,-0.014698775506032609,-0.07380996352858289
1815,True,-0.039876862126743275,-0.06416969677799318,-0.024292834651249907,-0.055384345408505294
1816,True,-0.05347970689844818,-0.0620738291096491,-0.00859412221120092,-0.06243176929659096
1817,True,-0.045917975822863964,-0.07118683351096732,-0.02526885768810335,-0.07669677148066294
1818,True,-0.04462470545495249,-0.0686052216600559,-0.023980516205103414,-0.05641687465066214
1819,True,-0.041947980941602764,-0.05718225836455613,-0.015234277422953364,-0.0578998912684439
1820,True,-0.04764522981620732,-0.05737485006033027,-0.009729620244122945,-0.062400109952730785
1821,True,-0.02779810898257886,-0.05646595126082307,-0.02866784227824421,-0.045602731931216424
1822,True,-0.04255377557068337,-0.06865537561760293,-0.02610160004691956,-0.05310173530228458
1823,True,-0.042893792318777706,-0.06661851574411068,-0.023724723425332973,-0.05966012192491732
1824,True,-0.05047668973826782,-0.07021828569437218,-0.019741595956104356,-0.08233326797453351
1825,True,-0.026013540238157353,-0.053001340324318295,-0.026987800086160942,-0.04380690865886485
1826,True,-0.03586065457290118,-0.06363308507661661,-0.02777243050371543,-0.0625491050050886
1827,True,-0.03895787512595013,-0.056916619096987905,-0.017958743971037777,-0.051434485430167945
1828,True,-0.03688283191343135,-0.0722850908722429,-0.03540225895881155,-0.05127639606415709
1829,True,-0.044375618914350205,-0.07050639465409754,-0.026130775739747335,-0.05609420769828407
1830,True,-0.04747915660613846,-0.06672955335190008,-0.019250396745761615,-0.05471674031120144
1831,True,-0.035774520811700176,-0.056686115859798006,-0.02091159504809783,-0.05391379007222361
1832,True,-0.06271108584881661,-0.06436549889970812,-0.0016544130508915067,-0.0794586609757182
1833,True,-0.045989047564430716,-0.05632156211487574,-0.010332514550445024,-0.06750951266379053
1834,True,-0.03500075963552381,-0.07111625492470847,-0.03611549528918466,-0.05704035725367388
1835,True,-0.027467962802772264,-0.0650939318711909,-0.03762596906841864,-0.047105195565209194
1836,True,-0.031847540223311745,-0.061811411274394705,-0.02996387105108296,-0.05370657260109234
1837,True,-0.03663278064128679,-0.06883256571713471,-0.03219978507584792,-0.055911086731676406
1838,True,-0.04115239171727245,-0.07033452360914318,-0.029182131891870723,-0.054975854499701195
1839,True,-0.0343598731532889,-0.06517374163609439,-0.03081386848280549,-0.054700950921909144
1840,True,-0.03270590595664859,-0.051726328652152424,-0.019020422695503837,-0.04723880986685365
1841,True,-0.025011092542900713,-0.0565167710291371,-0.031505678486236394,-0.03884063279327069
1842,True,-0.031863812313675015,-0.05999960612955251,-0.028135793815877497,-0.05066996315503144
1843,True,-0.054559010588995406,-0.07158504669701692,-0.01702603610802151,-0.07245429397517318
1844,True,-0.05942034600551239,-0.08947690500871956,-0.030056559003207174,-0.07974804698007347
1845,True,-0.03122709836651085,-0.060832745978312334,-0.029605647611801483,-0.059297718596939004
1846,True,-0.06388630772083784,-0.07968425511615296,-0.01579794739531512,-0.07189539200794183
1847,True,-0.04871200379424832,-0.06547118461308168,-0.016759180818833368,-0.06933882545189515
1848,True,-0.02205975099522545,-0.04706280858323286,-0.025003057588007412,-0.045868355390168064
1849,True,-0.03412446679718255,-0.07052152827062026,-0.036397061473437714,-0.0567067729474553
1850,True,-0.03409527863060644,-0.0654240113282168,-0.03132873269761036,-0.049821426879259015
1851,True,-0.05409002462241479,-0.0714594176661765,-0.017369393043761713,-0.07321986928023475
1852,True,-0.05990254314234723,-0.07516814986799661,-0.015265606725649382,-0.07769676013167474
1853,True,-0.06269857711633514,-0.08020322436490783,-0.01750464724857269,-0.07476767455860735
1854,True,-0.021990206399762856,-0.05685526079906649,-0.03486505439930364,-0.043132790070545414
1855,True,-0.02667188003130844,-0.06230121753135482,-0.035629337500046376,-0.04405533591689739
1856,True,-0.03218395212963745,-0.04870555237976006,-0.016521600250122614,-0.04937899383418533
1857,True,-0.05542201176511757,-0.0781365490763701,-0.022714537311252538,-0.06924219657245391
1858,True,-0.04863394558991056,-0.06760913900661594,-0.01897519341670538,-0.05500373267999264
1859,True,-0.04063721156442627,-0.06996321161916731,-0.029326000054741043,-0.056949813085871964
1860,True,-0.04438571158305181,-0.07177655414380353,-0.02739084256075172,-0.055760734882862456
1861,True,-0.04332885070065783,-0.06839628117007097,-0.025067430469413142,-0.0682449175245592
1862,True,-0.04094030538908934,-0.058903162339595985,-0.017962856950506645,-0.05656207739087081
1863,True,-0.04144548814343815,-0.06353355015631952,-0.022088062012881368,-0.05318677599963215
1864,True,-0.026452956775925993,-0.04897088299419739,-0.022517926218271398,-0.044347416997427405
1865,True,-0.0476265148819233,-0.06765857146846539,-0.020032056586542092,-0.057930094068026454
1866,True,-0.04550347985321012,-0.06537514941877941,-0.019871669565569287,-0.058935795854214074
1867,True,-0.04090761464747286,-0.04978888568125945,-0.008881271033786588,-0.060500560195087934
1868,True,-0.04162015696124969,-0.07300239283198887,-0.03138223587073918,-0.06260341905386745
1869,True,-0.020228100792273277,-0.046163699343830356,-0.02593559855155708,-0.038178910537832185
1870,True,-0.061921270508355844,-0.07585052086410116,-0.013929250355745312,-0.07889262234963552
1871,True,-0.03353568948243411,-0.06593361147369871,-0.0323979219912646,-0.05295241837756643
1872,True,-0.03817419250789939,-0.06780252831678019,-0.029628335808880794,-0.05914010203291017
1873,True,-0.024354102300316094,-0.053823913494747154,-0.02946981119443106,-0.03809160903567958
1874,True,-0.034460546243841636,-0.06289607763357592,-0.028435531389734287,-0.04793919804966687
1875,True,-0.030131353390381886,-0.06165480299876093,-0.031523449608379044,-0.04470221497886895
1876,True,-0.036068697630717114,-0.05217306613217996,-0.016104368501462844,-0.05970515658498781
1877,True,-0.027061459845560028,-0.050109493391632814,-0.023048033546072787,-0.04243033987456376
1878,True,-0.04791916466379421,-0.06836592408146679,-0.02044675941767258,-0.06966384255201175
1879,True,-0.0410928613052258,-0.07068180469562885,-0.02958894339040305,-0.057260324425361095
1880,True,-0.027421443150077936,-0.06888532687484669,-0.04146388372476875,-0.04664298115986734
1881,True,-0.03785742366388457,-0.06776548132938233,-0.029908057665497763,-0.05106131512620886
1882,True,-0.01609719548445434,-0.05231229815237829,-0.03621510266792395,-0.03260943640759536
1883,True,-0.029010893702704123,-0.05667652939028124,-0.027665635687577118,-0.04803984869297214
1884,True,-0.054652794196746804,-0.08140734327168468,-0.026754549074937878,-0.07345613800526195
1885,True,-0.028335975661905863,-0.05627243501238174,-0.027936459350475874,-0.041921866255818466
1886,True,-0.04318722200582773,-0.06454015235670893,-0.021352930350881198,-0.05822678224840301
1887,True,-0.021739735880584185,-0.05462445598434673,-0.032884720103762546,-0.04625048127982254
1888,True,-0.043516727367648673,-0.060532698803594805,-0.01701597143594613,-0.062236404880204994
1889,True,-0.050487753362482506,-0.07486704868400972,-0.02437929532152721,-0.06945386965137561
1890,True,-0.0516788549191636,-0.07687618535706972,-0.025197330437906118,-0.06426084526593152
1891,True,-0.04713809492094567,-0.06690671417836448,-0.01976861925741881,-0.056960117273370366
1892,True,-0.043064115486948974,-0.08347302472987869,-0.04040890924292972,-0.06126340001939526
1893,True,-0.024200520359667656,-0.05173861883480403,-0.027538098475136375,-0.04947246703164354
1894,True,-0.045103748808962583,-0.06308459620469961,-0.017980847395737028,-0.061362117587866916
1895,True,-0.035651983398999026,-0.07019469171574715,-0.03454270831674812,-0.052998808825498823
1896,True,-0.026048407439854045,-0.060621618910721625,-0.03457321147086758,-0.05243792528902562
1897,True,-0.0382992881419402,-0.05514222046371963,-0.016842932321779427,-0.044268926842161334
1898,True,-0.05428862533204322,-0.0802476350061237,-0.025959009674080477,-0.07364892464762635
1899,True,-0.015600432428659503,-0.05620272595969025,-0.04060229353103075,-0.035049421614189925
1900,True,-0.019549709163553714,-0.06457747037776537,-0.04502776121421166,-0.050322063823053514
1901,True,-0.046321041092811106,-0.06489567811765756,-0.018574637024846456,-0.0647501437383244
1902,True,-0.03742393145190401,-0.07069534697035938,-0.033271415518455374,-0.05554308529913688
1903,True,-0.035696032044478236,-0.0751224098528114,-0.03942637780833317,-0.06161584126382891
1904,True,-0.03366342310361839,-0.06781080982948248,-0.03414738672586409,-0.049574780899930664
1905,True,-0.07091239848411224,-0.07304355501918496,-0.0021311565350727174,-0.08537235585985277
1906,True,-0.026244525222501182,-0.06289273615819496,-0.03664821093569378,-0.046587031272350206
1907,True,-0.04789899915336049,-0.07268433218074885,-0.024785333027388362,-0.06552817698213274
1908,True,-0.057914777826645794,-0.0726658788625692,-0.014751101035923406,-0.07715254878926533
1909,True,-0.0442743456309556,-0.0664545472225861,-0.022180201591630505,-0.05579461933169904
1910,True,-0.01970663318327437,-0.05600570598811407,-0.036299072804839703,-0.029708695221898007
1911,True,-0.04246934471550084,-0.06017657926032792,-0.01770723454482708,-0.05540203322539065
1912,True,-0.04731843305707516,-0.0734854673344046,-0.026167034277329443,-0.06207337245861589
1913,True,-0.04745294755942191,-0.06817099111287607,-0.020718043553454163,-0.05516927165085381
1914,True,-0.03677201400065659,-0.06954898505711701,-0.03277697105646042,-0.054105702355283815
1915,True,-0.03861556545823321,-0.06828428311758504,-0.029668717659351827,-0.05327907920498527
1916,True,-0.029993632782718587,-0.05159493829834607,-0.021601305515627483,-0.042328534449033985
1917,True,-0.014771409240534338,-0.05591602453913878,-0.04114461529860444,-0.03005060181782128
1918,True,-0.03629399012747303,-0.0674395366826862,-0.031145546555213163,-0.04381574801114422
1919,True,-0.03875169401450103,-0.06369433754111838,-0.024942643526617347,-0.05584782987371372
1920,True,-0.024313441084948883,-0.046073932938228625,-0.021760491853279742,-0.03838742764547985
1921,True,-0.039454776531249756,-0.062108926609737616,-0.02265415007848786,-0.04958174925731231
1922,True,-0.040798661342563054,-0.06655281894638422,-0.025754157603821166,-0.04921244927610059
1923,True,-0.052211399213934986,-0.0786210199380674,-0.026409620724132415,-0.0706056470835648
1924,True,-0.036702988825479226,-0.06165676290764613,-0.024953774082166903,-0.04554767107052197
1925,True,-0.05233420464427231,-0.06854899036103525,-0.016214785716762936,-0.05935134116309414
1926,True,-0.03938883137040206,-0.06500433098050595,-0.02561549961010389,-0.047988264037409425
1927,True,-0.03985222874710144,-0.0672461740215198,-0.027393945274418366,-0.056976401168837724
1928,True,-0.010013642354115603,-0.04941397815300476,-0.03940033579888916,-0.03104268457024879
1929,True,-0.06025423829996331,-0.07957283506513384,-0.019318596765170525,-0.08100732766345739
1930,True,-0.02341756921101714,-0.06278491735200813,-0.039367348140990986,-0.04728060451948965
1931,True,-0.025222494512650337,-0.06536217733179855,-0.04013968281914822,-0.03995449904805618
1932,True,-0.042488061436000084,-0.05774013932969025,-0.015252077893690166,-0.05577008776392514
1933,True,-0.046672276466069064,-0.0566359578831931,-0.009963681417124039,-0.06139008934393623
1934,True,-0.05425126478968665,-0.070220588383398,-0.015969323593711345,-0.07105302486240074
1935,True,-0.03766552559081249,-0.06482675964661073,-0.027161234055798247,-0.053204278528876554
1936,True,-0.042211459256121533,-0.07722523586256647,-0.03501377660644493,-0.055314886347326946
1937,True,-0.030574597981526043,-0.06295554498883162,-0.03238094700730557,-0.05908040569910526
1938,True,-0.04332154952114773,-0.061249105637584435,-0.017927556116436705,-0.06155919376934988
1939,True,-0.05547681515286894,-0.0713796846533632,-0.015902869500494257,-0.076884070569775
1940,True,-0.03480923929609368,-0.06435766337389189,-0.029548424077798202,-0.045843004073120336
1941,True,-0.020047193973856268,-0.0533981792115942,-0.033350985237737926,-0.03760392031665091
1942,True,-0.0710334379304187,-0.07114254815417582,-0.00010911022375711954,-0.07964049483995725
1943,True,-0.024509442259102752,-0.04009747790249398,-0.01558803564339123,-0.049961849919042
1944,True,-0.048589108916872195,-0.07326779556655992,-0.024678686649687726,-0.052358630660754094
1945,True,-0.03171867436601619,-0.06520812030789659,-0.0334894459418804,-0.04244698918716376
1946,True,-0.04104727337053807,-0.07210517354244965,-0.03105790017191158,-0.06591426103503159
1947,True,-0.025251141566462156,-0.05772858574787488,-0.032477444181412726,-0.04806812554485533
1948,True,-0.048210620538370975,-0.05331125357127293,-0.005100633032901952,-0.052274959702004214
1949,True,-0.04365850809859721,-0.07544560550335953,-0.03178709740476232,-0.07046495192625644
1950,True,-0.032404209980160886,-0.04833796188574706,-0.01593375190558617,-0.044306280253949164
1951,True,-0.008528275154035725,-0.045606885059890405,-0.03707860990585468,-0.030972418846582198
1952,True,-0.027660293628092556,-0.05240076038610223,-0.024740466758009675,-0.04385547236087599
1953,True,-0.03984271994924872,-0.0700194586249034,-0.03017673867565468,-0.06433044983102724
1954,True,-0.023688337809650854,-0.05093794807274518,-0.027249610263094328,-0.04452891801981164
1955,True,-0.061449398520930336,-0.07245517445381103,-0.011005775932880692,-0.07888237564496467
1956,True,-0.04443920237070151,-0.06350140380480482,-0.01906220143410331,-0.07002362141486866
1957,True,-0.03472052012590286,-0.07167705103191328,-0.03695653090601042,-0.04789100945591316
1958,True,-0.0411039821795595,-0.0711464697215161,-0.030042487541956597,-0.060209621590508924
1959,True,-0.040182474626169515,-0.05749157515735999,-0.017309100531190474,-0.050370868358201516
1960,True,-0.038997170417475205,-0.06127356778938994,-0.02227639737191474,-0.05319182453812259
1961,True,-0.026778216775336258,-0.06881517088423741,-0.04203695410890115,-0.050528654482133804
1962,True,-0.04519209574354295,-0.06511665112853432,-0.01992455538499137,-0.05566441464399663
1963,True,-0.037765336618261834,-0.061589974500536125,-0.02382463788227429,-0.05482590014173353
1964,True,-0.036762575747430165,-0.07015912248645899,-0.03339654673902882,-0.05841391291994853
1965,True,-0.04081155510158621,-0.0708765243649926,-0.03006496926340639,-0.050543003802619516
1966,True,-0.04675178714862079,-0.07222652734236666,-0.02547474019374587,-0.06394918916141218
1967,True,-0.05256451494334862,-0.07100480834769003,-0.01844029340434141,-0.0720718286231599
1968,True,-0.03461496962262489,-0.06612669341302624,-0.03151172379040135,-0.05406806791341278
1969,True,-0.04403774442608662,-0.0703028688926736,-0.026265124466586985,-0.06181075793781158
1970,True,-0.021200157018993752,-0.06848262059092593,-0.04728246357193218,-0.04673372047251068
1971,True,-0.030873651352480703,-0.06505817305063911,-0.034184521698158415,-0.04694514119599068
1972,True,-0.044307747951140355,-0.06657297809145875,-0.022265230140318393,-0.05893910005752767
1973,True,-0.04003453902634265,-0.06983186294215483,-0.029797323915812184,-0.06220733074629215
1974,True,-0.03164656244221284,-0.05729555828492049,-0.025648995842707654,-0.049461985261761175
1975,True,-0.016995642484493832,-0.055104398695141894,-0.03810875621064806,-0.04577218496670692
1976,True,-0.06201514030042669,-0.08367887076754336,-0.021663730467116678,-0.08106661056202986
1977,True,-0.06360805210690118,-0.07349686263475519,-0.009888810527854008,-0.07016667958394558
1978,True,-0.025902998851499073,-0.06720760078197877,-0.04130460193047969,-0.04892729624114791
1979,True,-0.012521207123418563,-0.04226058306245606,-0.029739375939037496,-0.02766841038131993
1980,True,-0.042567824253460104,-0.06922829209736427,-0.026660467843904162,-0.05619746566529353
1981,True,-0.03922107753675183,-0.06825290517618056,-0.02903182763942873,-0.056548545120449774
1982,True,-0.058123816065675966,-0.06957584520005788,-0.011452029134381918,-0.08085914959155395
1983,True,-0.04457476509298085,-0.06548040774806164,-0.020905642655080797,-0.06374002206981147
1984,True,-0.02864651462436236,-0.06270388662300727,-0.03405737199864491,-0.04972386061356488
1985,True,-0.033836707401615006,-0.07047989205858314,-0.036643184656968135,-0.05427010599045927
1986,True,-0.046873259022281004,-0.06468220905545248,-0.017808950033171476,-0.06312855296723438
1987,True,-0.024681671083755054,-0.045027044763965594,-0.02034537368021054,-0.03949782940768849
1988,True,-0.04771210518263606,-0.06221051107453636,-0.014498405891900303,-0.06786615745540941
1989,True,-0.0448634202897022,-0.05860268825103894,-0.013739267961336739,-0.0558983398679921
1990,True,-0.05230963871032628,-0.0693842950951464,-0.01707465638482012,-0.07099712495266591
1991,True,-0.02147257397966497,-0.05480031547760652,-0.03332774149794155,-0.044728724583636685
1992,True,-0.036078062018980235,-0.04909443551512671,-0.013016373496146476,-0.054307086443158896
1993,True,-0.03207436250313448,-0.05132905628076603,-0.019254693777631553,-0.04054066597705838
1994,True,-0.019933790915365963,-0.054106422524164914,-0.03417263160879895,-0.03976939843657131
1995,True,-0.03927752330647235,-0.059589822692479665,-0.020312299386007315,-0.0439925265725241
1996,True,-0.026488415056192007,-0.05185526922234514,-0.02536685416615313,-0.042935624231672256
1997,True,-0.057602299618491726,-0.06654196012778255,-0.00893966050929082,-0.07477026496741504
1998,True,-0.011152637750212252,-0.040696510468325925,-0.02954387271811367,-0.024758001947894726
1999,True,-0.04043143021043742,-0.0692758189564507,-0.028844388746013278,-0.051971360951721036
